,,WXT510_1,,TA_Stat1h,,TA_Stat1h,,TA_Stat1h,,WXT510_1,,RH_Stat1h,,RH_Stat1h,,RH_Stat1h,,DP_1m,,DP_Stat1h,,DP_Stat1h,,DP_Stat1h,,WXT510_1,,PA_Stat1h,,PA_Stat1h,,PA_Stat1h,,SR_1m,,SR_Stat1h,,SR_Stat1h,,SR_Stat1h,,WXT510_1,,PR_Slide_Sum,,PR_Sum1h,,PR_Sum1h,,Evaporation,
time,status,TA,status,Avg,status,Max,status,Min,status,RH,status,Avg,status,Max,status,Min,status,DP,status,Avg,status,Max,status,Min,status,PA,status,Avg,status,Max,status,Min,status,Avg,status,Avg,status,Max,status,Min,status,Rain_amount,status,PR_Slide_Sum1h,status,PR_Sum1h_CurrHour,status,PR_Sum1h_PrevHour,status,value,
8/8/15 12:00:03 AM,VALID,19.1,VALID,19.212,VALID,19.4,VALID,19.0,VALID,54.1,VALID,57.298,VALID,63.8,VALID,51.6,VALID,9.597,VALID,10.537,VALID,12.079,VALID,9.078,VALID,793.0,VALID,792.855,VALID,793.0,VALID,792.7,VALID,0.022,VALID,0.014,VALID,0.045,VALID,-0.017,VALID,0.0,VALID,0.0,INVALID,0.0,VALID,0.0,VALID - DEFAULT VALUE,126.823,
8/8/15 1:00:03 AM,VALID,17.1,VALID,18.145,VALID,19.0,VALID,17.1,VALID,75.6,VALID,65.87,VALID,76.1,VALID,53.2,VALID,12.752,VALID,11.523,VALID,12.991,VALID,9.254,VALID,793.1,VALID,793.088,VALID,793.2,VALID,793.0,VALID,-0.004,VALID,0.004,VALID,0.031,VALID,-0.017,VALID,0.0,VALID,0.0,INVALID,0.0,VALID,0.0,VALID - DEFAULT VALUE,126.908,
8/8/15 2:00:02 AM,VALID,16.4,VALID,16.71,VALID,17.1,VALID,16.4,VALID,80.3,VALID,78.498,VALID,80.3,VALID,75.8,VALID,12.996,VALID,12.948,VALID,13.212,VALID,12.696,VALID,792.8,VALID,792.903,VALID,793.1,VALID,792.8,VALID,0.01,VALID,0.007,VALID,0.028,VALID,-0.023,VALID,0.0,VALID,0.0,INVALID,0.0,VALID,0.0,VALID - DEFAULT VALUE,126.914,
8/8/15 3:00:02 AM,VALID,16.3,VALID,16.763,VALID,17.1,VALID,16.3,VALID,69.8,VALID,68.415,VALID,80.0,VALID,64.6,VALID,10.772,VALID,10.897,VALID,12.938,VALID,10.182,VALID,792.7,VALID,792.725,VALID,792.8,VALID,792.6,VALID,0.02,VALID,0.006,VALID,0.035,VALID,-0.018,VALID,0.0,VALID,0.0,INVALID,0.0,VALID,0.0,VALID - DEFAULT VALUE,127.018,
8/8/15 4:00:03 AM,VALID,15.9,VALID,16.057,VALID,16.3,VALID,15.9,VALID,67.7,VALID,69.255,VALID,71.3,VALID,66.7,VALID,9.931,VALID,10.419,VALID,10.996,VALID,9.804,VALID,792.6,VALID,792.64,VALID,792.8,VALID,792.5,VALID,-0.01,VALID,0.007,VALID,0.039,VALID,-0.021,VALID,0.0,VALID,0.0,INVALID,0.0,VALID,0.0,VALID - DEFAULT VALUE,127.029,
8/8/15 5:00:03 AM,VALID,14.6,VALID,15.302,VALID,15.8,VALID,14.6,VALID,84.2,VALID,71.952,VALID,84.2,VALID,67.5,VALID,11.961,VALID,10.239,VALID,12.005,VALID,9.416,VALID,792.5,VALID,792.602,VALID,792.7,VALID,792.5,VALID,-0.008,VALID,0.005,VALID,0.034,VALID,-0.04,VALID,0.0,VALID,0.0,INVALID,0.0,VALID,0.0,VALID - DEFAULT VALUE,127.11,
8/8/15 6:00:03 AM,VALID,13.9,VALID,14.192,VALID,14.6,VALID,13.9,VALID,80.7,VALID,83.938,VALID,85.2,VALID,80.7,VALID,10.635,VALID,11.513,VALID,12.015,VALID,10.635,VALID,792.4,VALID,792.517,VALID,792.7,VALID,792.4,VALID,0.009,VALID,0.01,VALID,0.04,VALID,-0.021,VALID,0.0,VALID,0.0,INVALID,0.0,VALID,0.0,VALID - DEFAULT VALUE,127.233,
8/8/15 7:00:03 AM,VALID,13.0,VALID,13.507,VALID,13.9,VALID,13.0,VALID,81.3,VALID,80.19,VALID,81.5,VALID,78.7,VALID,9.869,VALID,10.156,VALID,10.654,VALID,9.675,VALID,792.4,VALID,792.44,VALID,792.5,VALID,792.4,VALID,1.505,VALID,0.089,VALID,1.505,VALID,-0.018,VALID,0.0,VALID,0.0,INVALID,0.0,VALID,0.0,VALID - DEFAULT VALUE,127.339,
8/8/15 8:00:02 AM,VALID,13.1,VALID,12.938,VALID,13.1,VALID,12.8,VALID,78.7,VALID,80.66,VALID,82.3,VALID,78.4,VALID,9.481,VALID,9.689,VALID,10.051,VALID,9.23,VALID,793.2,VALID,792.772,VALID,793.2,VALID,792.4,VALID,31.895,VALID,26.479,VALID,48.833,VALID,1.591,VALID,0.0,VALID,0.0,INVALID,0.0,VALID,0.0,VALID - DEFAULT VALUE,127.333,
8/8/15 9:00:02 AM,VALID,15.3,VALID,13.992,VALID,15.3,VALID,13.1,VALID,68.2,VALID,74.198,VALID,78.7,VALID,68.2,VALID,9.468,VALID,9.457,VALID,9.771,VALID,9.271,VALID,793.7,VALID,793.528,VALID,793.7,VALID,793.2,VALID,42.609,VALID,36.733,VALID,42.609,VALID,31.928,VALID,0.0,VALID,0.0,INVALID,0.0,VALID,0.0,VALID - DEFAULT VALUE,127.381,
8/8/15 10:00:02 AM,VALID,18.2,VALID,16.747,VALID,18.4,VALID,15.4,VALID,56.2,VALID,62.288,VALID,67.9,VALID,54.6,VALID,9.326,VALID,9.464,VALID,9.802,VALID,8.897,VALID,793.8,VALID,793.718,VALID,793.8,VALID,793.6,VALID,47.763,VALID,44.145,VALID,47.874,VALID,42.21,VALID,0.0,VALID,0.0,INVALID,0.0,VALID,0.0,VALID - DEFAULT VALUE,127.443,
8/8/15 11:00:02 AM,VALID,20.9,VALID,19.818,VALID,20.9,VALID,18.2,VALID,43.1,VALID,47.848,VALID,56.3,VALID,41.3,VALID,7.88,VALID,8.38,VALID,9.607,VALID,6.624,VALID,793.8,VALID,793.847,VALID,793.9,VALID,793.7,VALID,104.961,VALID,69.034,VALID,153.527,VALID,47.685,VALID,0.0,VALID,0.0,INVALID,0.0,VALID,0.0,VALID - DEFAULT VALUE,127.51,
8/8/15 12:00:02 PM,VALID,22.6,VALID,21.632,VALID,22.6,VALID,20.6,VALID,38.0,VALID,39.432,VALID,43.9,VALID,37.3,VALID,7.555,VALID,7.219,VALID,8.241,VALID,6.344,VALID,793.4,VALID,793.612,VALID,793.8,VALID,793.4,VALID,906.605,VALID,799.677,VALID,942.152,VALID,105.273,VALID,0.0,VALID,0.0,INVALID,0.0,VALID,0.0,VALID - DEFAULT VALUE,127.665,
8/8/15 1:00:02 PM,VALID,24.5,VALID,23.582,VALID,24.5,VALID,22.7,VALID,34.4,VALID,36.228,VALID,39.3,VALID,33.7,VALID,7.774,VALID,7.714,VALID,8.317,VALID,7.034,VALID,792.8,VALID,793.137,VALID,793.4,VALID,792.8,VALID,1025.047,VALID,960.644,VALID,1028.904,VALID,778.482,VALID,0.0,VALID,0.0,INVALID,0.0,VALID,0.0,VALID - DEFAULT VALUE,127.865,
8/8/15 2:00:02 PM,VALID,25.1,VALID,24.73,VALID,25.5,VALID,23.9,VALID,31.8,VALID,32.62,VALID,34.7,VALID,30.6,VALID,7.147,VALID,7.189,VALID,7.902,VALID,6.586,VALID,792.4,VALID,792.527,VALID,792.8,VALID,792.3,VALID,1025.623,VALID,1023.564,VALID,1031.754,VALID,1007.987,VALID,0.0,VALID,0.0,INVALID,0.0,VALID,0.0,VALID - DEFAULT VALUE,128.213,
8/8/15 3:00:03 PM,VALID,26.9,VALID,25.903,VALID,26.9,VALID,25.1,VALID,27.8,VALID,29.548,VALID,32.7,VALID,27.7,VALID,6.739,VALID,6.757,VALID,7.556,VALID,6.139,VALID,791.5,VALID,791.963,VALID,792.4,VALID,791.5,VALID,979.635,VALID,1008.319,VALID,1034.996,VALID,970.88,VALID,0.0,VALID,0.0,INVALID,0.0,VALID,0.0,VALID - DEFAULT VALUE,128.638,
8/8/15 4:00:03 PM,VALID,27.5,VALID,27.133,VALID,28.0,VALID,26.3,VALID,29.2,VALID,28.357,VALID,30.5,VALID,27.0,VALID,7.973,VALID,7.224,VALID,8.27,VALID,6.304,VALID,790.6,VALID,790.967,VALID,791.5,VALID,790.5,VALID,754.476,VALID,792.191,VALID,987.255,VALID,152.649,VALID,0.0,VALID,0.0,INVALID,0.0,VALID,0.0,VALID - DEFAULT VALUE,129.197,
8/8/15 5:00:03 PM,VALID,27.4,VALID,27.387,VALID,28.2,VALID,26.9,VALID,27.1,VALID,27.75,VALID,29.5,VALID,26.3,VALID,6.794,VALID,7.124,VALID,8.165,VALID,6.56,VALID,789.8,VALID,790.192,VALID,790.6,VALID,789.8,VALID,670.627,VALID,765.238,VALID,895.431,VALID,525.692,VALID,0.0,VALID,0.0,INVALID,0.0,VALID,0.0,VALID - DEFAULT VALUE,129.996,
8/8/15 6:00:03 PM,VALID,26.9,VALID,27.537,VALID,28.6,VALID,26.9,VALID,32.5,VALID,28.12,VALID,32.5,VALID,24.5,VALID,9.036,VALID,7.402,VALID,9.036,VALID,5.754,VALID,789.5,VALID,789.608,VALID,789.8,VALID,789.5,VALID,258.508,VALID,568.528,VALID,671.233,VALID,258.508,VALID,0.0,VALID,0.0,INVALID,0.0,VALID,0.0,VALID - DEFAULT VALUE,130.797,
8/8/15 7:00:03 PM,VALID,26.0,VALID,26.445,VALID,27.0,VALID,26.0,VALID,33.5,VALID,32.328,VALID,33.7,VALID,31.1,VALID,8.699,VALID,8.558,VALID,9.169,VALID,7.971,VALID,789.8,VALID,789.713,VALID,789.8,VALID,789.5,VALID,163.425,VALID,253.116,VALID,520.855,VALID,85.423,VALID,0.0,VALID,0.0,INVALID,0.0,VALID,0.0,VALID - DEFAULT VALUE,131.719,
8/8/15 8:00:02 PM,VALID,23.6,VALID,25.105,VALID,26.1,VALID,23.6,VALID,44.9,VALID,38.683,VALID,47.1,VALID,33.2,VALID,10.934,VALID,9.936,VALID,11.93,VALID,8.391,VALID,791.0,VALID,790.363,VALID,791.0,VALID,789.8,VALID,1.114,VALID,48.861,VALID,161.031,VALID,1.114,VALID,0.0,VALID,0.0,INVALID,0.0,VALID,0.0,VALID - DEFAULT VALUE,132.324,
8/8/15 9:00:02 PM,VALID,20.7,VALID,21.638,VALID,23.6,VALID,20.7,VALID,60.4,VALID,51.825,VALID,60.4,VALID,45.1,VALID,12.755,VALID,11.281,VALID,12.833,VALID,10.546,VALID,792.1,VALID,791.672,VALID,792.1,VALID,791.0,VALID,0.046,VALID,0.098,VALID,1.074,VALID,-0.027,VALID,0.02,VALID,0.05,INVALID,0.0,VALID,0.05,VALID - DEFAULT VALUE,132.794,
8/8/15 10:00:02 PM,VALID,18.4,VALID,19.255,VALID,20.5,VALID,18.4,VALID,76.0,VALID,68.752,VALID,78.9,VALID,59.4,VALID,14.091,VALID,13.333,VALID,14.962,VALID,11.984,VALID,793.4,VALID,792.842,VALID,793.5,VALID,792.2,VALID,0.013,VALID,0.019,VALID,0.054,VALID,-0.011,VALID,0.0,VALID,3.09,INVALID,0.0,VALID,3.09,VALID - DEFAULT VALUE,131.373,
8/8/15 11:00:02 PM,VALID,18.4,VALID,18.537,VALID,18.7,VALID,18.4,VALID,70.3,VALID,69.575,VALID,76.2,VALID,65.3,VALID,12.892,VALID,12.856,VALID,14.131,VALID,11.768,VALID,794.0,VALID,793.582,VALID,794.0,VALID,793.4,VALID,0.044,VALID,0.024,VALID,0.048,VALID,0.009,VALID,0.0,VALID,0.0,INVALID,0.0,VALID,0.0,VALID - DEFAULT VALUE,131.476,
