,,WXT510_1,,TA_Stat1h,,TA_Stat1h,,TA_Stat1h,,WXT510_1,,RH_Stat1h,,RH_Stat1h,,RH_Stat1h,,DP_1m,,DP_Stat1h,,DP_Stat1h,,DP_Stat1h,,WXT510_1,,PA_Stat1h,,PA_Stat1h,,PA_Stat1h,,SR_1m,,SR_Stat1h,,SR_Stat1h,,SR_Stat1h,,WXT510_1,,PR_Slide_Sum,,PR_Sum1h,,PR_Sum1h,,Evaporation,
time,status,TA,status,Avg,status,Max,status,Min,status,RH,status,Avg,status,Max,status,Min,status,DP,status,Avg,status,Max,status,Min,status,PA,status,Avg,status,Max,status,Min,status,Avg,status,Avg,status,Max,status,Min,status,Rain_amount,status,PR_Slide_Sum1h,status,PR_Sum1h_CurrHour,status,PR_Sum1h_PrevHour,status,value,
9/12/15 12:00:03 AM,VALID,16.4,VALID,16.62,VALID,16.7,VALID,16.4,VALID,85.9,VALID,85.155,VALID,86.8,VALID,83.0,VALID,14.032,VALID,14.113,VALID,14.399,VALID,13.797,VALID,793.0,VALID,793.19,VALID,793.5,VALID,793.0,VALID,0.004,VALID,0.007,VALID,0.046,VALID,-0.026,VALID,0.0,VALID,0.0,INVALID,0.0,VALID,0.0,VALID - DEFAULT VALUE,171.241,
9/12/15 1:00:03 AM,VALID,16.2,VALID,16.287,VALID,16.4,VALID,16.2,VALID,85.7,VALID,85.802,VALID,87.0,VALID,84.4,VALID,13.8,VALID,13.903,VALID,14.13,VALID,13.663,VALID,792.9,VALID,793.002,VALID,793.1,VALID,792.9,VALID,0.003,VALID,-0.002,VALID,0.018,VALID,-0.024,VALID,0.0,VALID,0.0,INVALID,0.0,VALID,0.0,VALID - DEFAULT VALUE,171.216,
9/12/15 2:00:03 AM,VALID,15.8,VALID,15.892,VALID,16.2,VALID,15.7,VALID,87.6,VALID,86.533,VALID,88.6,VALID,85.1,VALID,13.745,VALID,13.645,VALID,13.872,VALID,13.416,VALID,792.9,VALID,792.79,VALID,792.9,VALID,792.6,VALID,-0.018,VALID,0.005,VALID,0.037,VALID,-0.026,VALID,0.0,VALID,0.0,INVALID,0.0,VALID,0.0,VALID - DEFAULT VALUE,171.194,
9/12/15 3:00:03 AM,VALID,15.8,VALID,15.74,VALID,15.8,VALID,15.7,VALID,81.9,VALID,86.598,VALID,88.1,VALID,81.8,VALID,12.712,VALID,13.506,VALID,13.762,VALID,12.694,VALID,792.3,VALID,792.582,VALID,792.9,VALID,792.3,VALID,0.009,VALID,0.003,VALID,0.045,VALID,-0.033,VALID,0.0,VALID,0.0,INVALID,0.0,VALID,0.0,VALID - DEFAULT VALUE,171.191,
9/12/15 4:00:03 AM,VALID,15.8,VALID,15.75,VALID,15.8,VALID,15.7,VALID,82.3,VALID,83.002,VALID,86.1,VALID,81.4,VALID,12.787,VALID,12.867,VALID,13.479,VALID,12.619,VALID,791.9,VALID,792.058,VALID,792.3,VALID,791.8,VALID,0.026,VALID,-0.006,VALID,0.026,VALID,-0.044,VALID,0.0,VALID,0.0,INVALID,0.0,VALID,0.0,VALID - DEFAULT VALUE,171.17,
9/12/15 5:00:03 AM,VALID,15.5,VALID,15.573,VALID,15.8,VALID,15.4,VALID,81.9,VALID,82.072,VALID,83.0,VALID,80.9,VALID,12.42,VALID,12.523,VALID,12.638,VALID,12.359,VALID,791.5,VALID,791.583,VALID,791.9,VALID,791.4,VALID,0.026,VALID,0.01,VALID,0.032,VALID,-0.016,VALID,0.0,VALID,0.0,INVALID,0.0,VALID,0.0,VALID - DEFAULT VALUE,171.184,
9/12/15 6:00:03 AM,VALID,15.1,VALID,15.293,VALID,15.5,VALID,15.1,VALID,85.3,VALID,84.543,VALID,86.0,VALID,82.0,VALID,12.649,VALID,12.701,VALID,13.041,VALID,12.385,VALID,791.6,VALID,791.543,VALID,791.6,VALID,791.4,VALID,-0.009,VALID,0.001,VALID,0.027,VALID,-0.025,VALID,0.0,VALID,0.0,INVALID,0.0,VALID,0.0,VALID - DEFAULT VALUE,171.187,
9/12/15 7:00:03 AM,VALID,14.2,VALID,14.763,VALID,15.1,VALID,14.2,VALID,88.8,VALID,86.478,VALID,88.8,VALID,85.2,VALID,12.377,VALID,12.526,VALID,12.684,VALID,12.32,VALID,791.7,VALID,791.612,VALID,791.7,VALID,791.6,VALID,0.067,VALID,0.013,VALID,0.067,VALID,-0.018,VALID,0.0,VALID,0.0,INVALID,0.0,VALID,0.0,VALID - DEFAULT VALUE,171.228,
9/12/15 8:00:02 AM,VALID,14.6,VALID,14.405,VALID,14.6,VALID,14.2,VALID,85.0,VALID,86.98,VALID,89.1,VALID,85.0,VALID,12.105,VALID,12.262,VALID,12.428,VALID,12.051,VALID,791.9,VALID,791.722,VALID,791.9,VALID,791.6,VALID,63.583,VALID,18.847,VALID,63.583,VALID,0.07,VALID,0.0,VALID,0.0,INVALID,0.0,VALID,0.0,VALID - DEFAULT VALUE,171.195,
9/12/15 9:00:02 AM,VALID,15.4,VALID,15.11,VALID,15.4,VALID,14.6,VALID,77.7,VALID,81.165,VALID,84.4,VALID,77.7,VALID,11.523,VALID,11.897,VALID,12.152,VALID,11.523,VALID,792.5,VALID,792.112,VALID,792.5,VALID,791.9,VALID,244.173,VALID,145.039,VALID,244.173,VALID,64.115,VALID,0.0,VALID,0.0,INVALID,0.0,VALID,0.0,VALID - DEFAULT VALUE,171.239,
9/12/15 10:00:02 AM,VALID,17.1,VALID,16.085,VALID,17.1,VALID,15.4,VALID,71.4,VALID,75.477,VALID,78.4,VALID,71.4,VALID,11.882,VALID,11.741,VALID,12.088,VALID,11.503,VALID,792.7,VALID,792.617,VALID,792.7,VALID,792.5,VALID,512.456,VALID,350.512,VALID,512.456,VALID,224.401,VALID,0.0,VALID,0.0,INVALID,0.0,VALID,0.0,VALID - DEFAULT VALUE,171.314,
9/12/15 11:00:02 AM,VALID,20.3,VALID,18.735,VALID,20.3,VALID,17.2,VALID,57.4,VALID,64.462,VALID,71.6,VALID,57.4,VALID,11.605,VALID,11.849,VALID,12.455,VALID,11.424,VALID,793.1,VALID,792.918,VALID,793.1,VALID,792.7,VALID,665.307,VALID,684.923,VALID,785.311,VALID,513.1,VALID,0.0,VALID,0.0,INVALID,0.0,VALID,0.0,VALID - DEFAULT VALUE,171.328,
9/12/15 12:00:02 PM,VALID,20.9,VALID,20.627,VALID,21.2,VALID,20.2,VALID,56.2,VALID,56.118,VALID,58.5,VALID,54.0,VALID,11.845,VALID,11.564,VALID,11.925,VALID,11.175,VALID,793.0,VALID,793.092,VALID,793.2,VALID,793.0,VALID,420.89,VALID,629.327,VALID,804.018,VALID,401.265,VALID,0.0,VALID,0.0,INVALID,0.0,VALID,0.0,VALID - DEFAULT VALUE,171.479,
9/12/15 1:00:02 PM,VALID,22.3,VALID,21.483,VALID,22.4,VALID,21.0,VALID,49.6,VALID,53.227,VALID,55.1,VALID,49.5,VALID,11.249,VALID,11.557,VALID,11.926,VALID,11.099,VALID,792.3,VALID,792.748,VALID,793.0,VALID,792.3,VALID,604.122,VALID,705.185,VALID,1030.227,VALID,355.658,VALID,0.0,VALID,0.0,INVALID,0.0,VALID,0.0,VALID - DEFAULT VALUE,171.728,
9/12/15 2:00:03 PM,VALID,20.2,VALID,21.187,VALID,22.5,VALID,20.1,VALID,67.1,VALID,59.928,VALID,67.1,VALID,49.7,VALID,13.897,VALID,13.005,VALID,14.113,VALID,11.37,VALID,791.6,VALID,791.992,VALID,792.3,VALID,791.6,VALID,1054.484,VALID,411.811,VALID,1060.657,VALID,188.306,VALID,0.0,VALID,0.0,INVALID,0.0,VALID,0.0,VALID - DEFAULT VALUE,172.132,
9/12/15 3:00:03 PM,VALID,22.5,VALID,21.485,VALID,22.5,VALID,20.3,VALID,56.9,VALID,58.978,VALID,67.1,VALID,54.1,VALID,13.527,VALID,13.102,VALID,14.278,VALID,11.732,VALID,790.6,VALID,791.16,VALID,791.6,VALID,790.6,VALID,1009.912,VALID,1055.474,VALID,1150.539,VALID,906.902,VALID,0.0,VALID,0.0,INVALID,0.0,VALID,0.0,VALID - DEFAULT VALUE,172.677,
9/12/15 4:00:03 PM,VALID,22.4,VALID,22.74,VALID,23.2,VALID,22.2,VALID,53.3,VALID,52.518,VALID,54.9,VALID,50.4,VALID,12.433,VALID,12.52,VALID,12.978,VALID,11.994,VALID,789.5,VALID,790.082,VALID,790.6,VALID,789.5,VALID,686.802,VALID,890.156,VALID,1046.583,VALID,246.239,VALID,0.0,VALID,0.0,INVALID,0.0,VALID,0.0,VALID - DEFAULT VALUE,173.191,
9/12/15 5:00:03 PM,VALID,22.8,VALID,22.838,VALID,23.4,VALID,22.3,VALID,52.7,VALID,52.338,VALID,54.6,VALID,49.7,VALID,12.631,VALID,12.557,VALID,13.116,VALID,12.014,VALID,789.4,VALID,789.41,VALID,789.5,VALID,789.3,VALID,455.193,VALID,588.542,VALID,877.285,VALID,245.923,VALID,0.0,VALID,0.0,INVALID,0.0,VALID,0.0,VALID - DEFAULT VALUE,173.818,
9/12/15 6:00:03 PM,VALID,23.2,VALID,22.842,VALID,23.2,VALID,22.5,VALID,51.8,VALID,52.652,VALID,54.4,VALID,50.4,VALID,12.737,VALID,12.653,VALID,13.302,VALID,11.951,VALID,789.4,VALID,789.362,VALID,789.5,VALID,789.2,VALID,228.618,VALID,443.799,VALID,682.703,VALID,228.618,VALID,0.0,VALID,0.0,INVALID,0.0,VALID,0.0,VALID - DEFAULT VALUE,174.423,
9/12/15 7:00:02 PM,VALID,21.6,VALID,21.958,VALID,23.2,VALID,21.1,VALID,56.2,VALID,56.2,VALID,59.3,VALID,51.2,VALID,12.497,VALID,12.815,VALID,13.429,VALID,12.058,VALID,789.6,VALID,789.522,VALID,789.7,VALID,789.4,VALID,43.661,VALID,81.27,VALID,223.743,VALID,39.691,VALID,0.0,VALID,0.0,INVALID,0.0,VALID,0.0,VALID - DEFAULT VALUE,174.747,
9/12/15 8:00:02 PM,VALID,17.5,VALID,19.155,VALID,21.6,VALID,17.5,VALID,80.7,VALID,66.805,VALID,82.3,VALID,56.8,VALID,14.144,VALID,12.765,VALID,14.545,VALID,11.356,VALID,790.6,VALID,790.253,VALID,790.6,VALID,789.7,VALID,0.034,VALID,18.695,VALID,66.201,VALID,0.012,VALID,0.13,VALID,5.05,INVALID,0.0,VALID,5.05,VALID - DEFAULT VALUE,172.955,
9/12/15 9:00:02 PM,VALID,16.3,VALID,16.567,VALID,17.4,VALID,16.3,VALID,89.2,VALID,87.015,VALID,90.7,VALID,76.7,VALID,14.517,VALID,14.383,VALID,14.874,VALID,12.876,VALID,791.5,VALID,790.943,VALID,791.5,VALID,790.5,VALID,0.006,VALID,0.004,VALID,0.045,VALID,-0.019,VALID,0.06,VALID,14.63,INVALID,0.0,VALID,14.63,VALID - DEFAULT VALUE,165.356,
9/12/15 10:00:02 PM,VALID,15.7,VALID,16.13,VALID,16.5,VALID,15.7,VALID,86.0,VALID,86.43,VALID,89.4,VALID,83.7,VALID,13.363,VALID,13.861,VALID,14.65,VALID,13.045,VALID,792.2,VALID,791.925,VALID,792.2,VALID,791.5,VALID,-0.001,VALID,0.009,VALID,0.035,VALID,-0.02,VALID,0.0,VALID,1.87,INVALID,0.0,VALID,1.87,VALID - DEFAULT VALUE,164.105,
9/12/15 11:00:02 PM,VALID,15.6,VALID,15.557,VALID,15.7,VALID,15.5,VALID,89.6,VALID,87.577,VALID,89.9,VALID,84.3,VALID,13.895,VALID,13.499,VALID,13.913,VALID,13.013,VALID,792.9,VALID,792.575,VALID,792.9,VALID,792.2,VALID,0.012,VALID,0.006,VALID,0.022,VALID,-0.011,VALID,0.0,VALID,0.68,INVALID,0.0,VALID,0.68,VALID - DEFAULT VALUE,163.62,
