,,WXT510_1,,TA_Stat1h,,TA_Stat1h,,TA_Stat1h,,WXT510_1,,RH_Stat1h,,RH_Stat1h,,RH_Stat1h,,DP_1m,,DP_Stat1h,,DP_Stat1h,,DP_Stat1h,,WXT510_1,,PA_Stat1h,,PA_Stat1h,,PA_Stat1h,,SR_1m,,SR_Stat1h,,SR_Stat1h,,SR_Stat1h,,WXT510_1,,PR_Slide_Sum,,PR_Sum1h,,PR_Sum1h,,Evaporation,
time,status,TA,status,Avg,status,Max,status,Min,status,RH,status,Avg,status,Max,status,Min,status,DP,status,Avg,status,Max,status,Min,status,PA,status,Avg,status,Max,status,Min,status,Avg,status,Avg,status,Max,status,Min,status,Rain_amount,status,PR_Slide_Sum1h,status,PR_Sum1h_CurrHour,status,PR_Sum1h_PrevHour,status,value,
8/19/15 12:00:03 AM,VALID,18.0,VALID,18.032,VALID,18.1,VALID,17.9,VALID,61.5,VALID,64.278,VALID,66.3,VALID,60.9,VALID,10.485,VALID,11.177,VALID,11.714,VALID,10.338,VALID,793.0,VALID,792.81,VALID,793.0,VALID,792.6,VALID,-0.009,VALID,0.012,VALID,0.047,VALID,-0.018,VALID,0.0,VALID,0.0,INVALID,0.0,VALID,0.0,VALID - DEFAULT VALUE,173.171,
8/19/15 1:00:03 AM,VALID,17.8,VALID,17.922,VALID,18.0,VALID,17.8,VALID,63.0,VALID,62.712,VALID,64.0,VALID,61.1,VALID,10.658,VALID,10.704,VALID,10.99,VALID,10.387,VALID,792.8,VALID,792.945,VALID,793.0,VALID,792.8,VALID,0.008,VALID,0.004,VALID,0.039,VALID,-0.027,VALID,0.0,VALID,0.0,INVALID,0.0,VALID,0.0,VALID - DEFAULT VALUE,173.293,
8/19/15 2:00:02 AM,VALID,17.0,VALID,17.525,VALID,17.8,VALID,17.0,VALID,68.2,VALID,64.623,VALID,68.3,VALID,62.4,VALID,11.092,VALID,10.775,VALID,11.121,VALID,10.444,VALID,792.2,VALID,792.535,VALID,792.8,VALID,792.2,VALID,0.006,VALID,0.002,VALID,0.037,VALID,-0.032,VALID,0.0,VALID,0.0,INVALID,0.0,VALID,0.0,VALID - DEFAULT VALUE,173.388,
8/19/15 3:00:02 AM,VALID,16.0,VALID,16.452,VALID,17.0,VALID,16.0,VALID,75.0,VALID,71.848,VALID,75.0,VALID,68.5,VALID,11.568,VALID,11.349,VALID,11.568,VALID,11.085,VALID,792.0,VALID,792.045,VALID,792.2,VALID,791.9,VALID,-0.007,VALID,0.001,VALID,0.031,VALID,-0.02,VALID,0.0,VALID,0.0,INVALID,0.0,VALID,0.0,VALID - DEFAULT VALUE,173.41,
8/19/15 4:00:03 AM,VALID,16.3,VALID,16.088,VALID,16.3,VALID,15.9,VALID,77.1,VALID,76.632,VALID,77.3,VALID,75.0,VALID,12.278,VALID,11.98,VALID,12.317,VALID,11.471,VALID,792.1,VALID,792.0,VALID,792.1,VALID,791.9,VALID,0.015,VALID,0.003,VALID,0.027,VALID,-0.023,VALID,0.0,VALID,0.0,INVALID,0.0,VALID,0.0,VALID - DEFAULT VALUE,173.394,
8/19/15 5:00:03 AM,VALID,15.7,VALID,16.122,VALID,16.4,VALID,15.7,VALID,81.7,VALID,79.04,VALID,81.9,VALID,77.2,VALID,12.578,VALID,12.48,VALID,12.615,VALID,12.297,VALID,792.0,VALID,791.972,VALID,792.1,VALID,791.9,VALID,-0.017,VALID,0.003,VALID,0.034,VALID,-0.037,VALID,0.0,VALID,0.0,INVALID,0.0,VALID,0.0,VALID - DEFAULT VALUE,173.402,
8/19/15 6:00:03 AM,VALID,14.9,VALID,15.48,VALID,15.8,VALID,14.9,VALID,80.4,VALID,81.663,VALID,83.5,VALID,79.5,VALID,11.554,VALID,12.355,VALID,12.758,VALID,11.481,VALID,792.1,VALID,791.972,VALID,792.1,VALID,791.8,VALID,0.011,VALID,0.003,VALID,0.044,VALID,-0.029,VALID,0.0,VALID,0.0,INVALID,0.0,VALID,0.0,VALID - DEFAULT VALUE,173.441,
8/19/15 7:00:03 AM,VALID,14.6,VALID,14.515,VALID,14.9,VALID,14.3,VALID,79.5,VALID,78.572,VALID,80.5,VALID,77.4,VALID,11.091,VALID,10.831,VALID,11.572,VALID,10.61,VALID,792.5,VALID,792.26,VALID,792.5,VALID,792.1,VALID,0.144,VALID,0.025,VALID,0.144,VALID,0.002,VALID,0.0,VALID,0.0,INVALID,0.0,VALID,0.0,VALID - DEFAULT VALUE,173.442,
8/19/15 8:00:03 AM,VALID,15.3,VALID,14.845,VALID,15.3,VALID,14.6,VALID,78.3,VALID,79.322,VALID,80.0,VALID,78.2,VALID,11.542,VALID,11.296,VALID,11.635,VALID,11.034,VALID,792.8,VALID,792.595,VALID,792.8,VALID,792.5,VALID,30.997,VALID,14.065,VALID,43.452,VALID,0.149,VALID,0.0,VALID,0.0,INVALID,0.0,VALID,0.0,VALID - DEFAULT VALUE,173.435,
8/19/15 9:00:02 AM,VALID,16.2,VALID,15.632,VALID,16.2,VALID,15.3,VALID,75.2,VALID,76.902,VALID,78.2,VALID,75.2,VALID,11.802,VALID,11.59,VALID,11.905,VALID,11.405,VALID,793.1,VALID,792.968,VALID,793.1,VALID,792.8,VALID,143.851,VALID,83.721,VALID,188.63,VALID,31.312,VALID,0.0,VALID,0.0,INVALID,0.0,VALID,0.0,VALID - DEFAULT VALUE,173.479,
8/19/15 10:00:02 AM,VALID,18.4,VALID,17.633,VALID,18.5,VALID,16.3,VALID,68.8,VALID,70.795,VALID,75.1,VALID,67.6,VALID,12.563,VALID,12.257,VALID,12.614,VALID,11.792,VALID,793.4,VALID,793.252,VALID,793.4,VALID,793.1,VALID,236.974,VALID,225.014,VALID,455.864,VALID,106.7,VALID,0.0,VALID,0.0,INVALID,0.0,VALID,0.0,VALID - DEFAULT VALUE,173.518,
8/19/15 11:00:02 AM,VALID,19.6,VALID,18.928,VALID,19.9,VALID,18.1,VALID,59.6,VALID,64.672,VALID,70.2,VALID,57.8,VALID,11.518,VALID,12.099,VALID,12.679,VALID,11.242,VALID,793.3,VALID,793.372,VALID,793.5,VALID,793.3,VALID,301.637,VALID,567.311,VALID,1021.868,VALID,83.82,VALID,0.0,VALID,0.0,INVALID,0.0,VALID,0.0,VALID - DEFAULT VALUE,173.626,
8/19/15 12:00:02 PM,VALID,20.2,VALID,20.127,VALID,21.0,VALID,19.2,VALID,56.5,VALID,57.168,VALID,61.1,VALID,52.9,VALID,11.272,VALID,11.374,VALID,12.019,VALID,10.559,VALID,793.3,VALID,793.313,VALID,793.4,VALID,793.2,VALID,1016.119,VALID,817.209,VALID,1172.237,VALID,206.909,VALID,0.0,VALID,0.0,INVALID,0.0,VALID,0.0,VALID - DEFAULT VALUE,173.905,
8/19/15 1:00:02 PM,VALID,22.0,VALID,21.427,VALID,22.7,VALID,20.1,VALID,50.4,VALID,52.103,VALID,57.4,VALID,48.4,VALID,11.215,VALID,11.167,VALID,11.923,VALID,10.3,VALID,793.0,VALID,793.178,VALID,793.3,VALID,793.0,VALID,1086.666,VALID,954.69,VALID,1218.714,VALID,210.436,VALID,0.0,VALID,0.0,INVALID,0.0,VALID,0.0,VALID - DEFAULT VALUE,174.277,
8/19/15 2:00:02 PM,VALID,23.0,VALID,22.83,VALID,23.7,VALID,22.1,VALID,46.4,VALID,46.783,VALID,50.8,VALID,42.2,VALID,10.883,VALID,10.835,VALID,11.489,VALID,9.893,VALID,792.3,VALID,792.675,VALID,793.0,VALID,792.3,VALID,1043.637,VALID,1035.782,VALID,1222.36,VALID,205.377,VALID,0.0,VALID,0.0,INVALID,0.0,VALID,0.0,VALID - DEFAULT VALUE,174.846,
8/19/15 3:00:03 PM,VALID,24.6,VALID,23.707,VALID,24.6,VALID,23.0,VALID,43.3,VALID,44.88,VALID,47.5,VALID,42.0,VALID,11.292,VALID,11.017,VALID,11.488,VALID,10.143,VALID,791.6,VALID,791.868,VALID,792.3,VALID,791.6,VALID,1030.789,VALID,978.938,VALID,1209.518,VALID,228.556,VALID,0.0,VALID,0.0,INVALID,0.0,VALID,0.0,VALID - DEFAULT VALUE,175.519,
8/19/15 4:00:03 PM,VALID,25.4,VALID,24.468,VALID,25.4,VALID,23.7,VALID,38.9,VALID,42.317,VALID,45.0,VALID,38.9,VALID,10.396,VALID,10.819,VALID,11.688,VALID,10.147,VALID,790.7,VALID,791.06,VALID,791.6,VALID,790.7,VALID,883.652,VALID,944.748,VALID,1041.683,VALID,742.23,VALID,0.0,VALID,0.0,INVALID,0.0,VALID,0.0,VALID - DEFAULT VALUE,176.305,
8/19/15 5:00:03 PM,VALID,25.1,VALID,24.955,VALID,25.7,VALID,24.6,VALID,35.7,VALID,37.668,VALID,40.3,VALID,35.7,VALID,8.85,VALID,9.514,VALID,10.815,VALID,8.777,VALID,790.1,VALID,790.337,VALID,790.6,VALID,790.1,VALID,667.35,VALID,773.958,VALID,891.603,VALID,667.35,VALID,0.0,VALID,0.0,INVALID,0.0,VALID,0.0,VALID - DEFAULT VALUE,176.985,
8/19/15 6:00:03 PM,VALID,24.5,VALID,24.878,VALID,25.3,VALID,24.5,VALID,39.5,VALID,36.687,VALID,39.5,VALID,35.2,VALID,9.822,VALID,9.054,VALID,9.823,VALID,8.326,VALID,789.7,VALID,789.895,VALID,790.1,VALID,789.7,VALID,456.608,VALID,557.005,VALID,666.292,VALID,456.608,VALID,0.0,VALID,0.0,INVALID,0.0,VALID,0.0,VALID - DEFAULT VALUE,177.868,
8/19/15 7:00:03 PM,VALID,24.1,VALID,24.387,VALID,24.7,VALID,23.9,VALID,43.2,VALID,41.023,VALID,43.6,VALID,38.6,VALID,10.805,VALID,10.277,VALID,10.854,VALID,9.567,VALID,790.0,VALID,789.83,VALID,790.0,VALID,789.6,VALID,192.438,VALID,322.084,VALID,455.427,VALID,192.438,VALID,0.0,VALID,0.0,INVALID,0.0,VALID,0.0,VALID - DEFAULT VALUE,178.42,
8/19/15 8:00:02 PM,VALID,22.2,VALID,23.172,VALID,24.3,VALID,22.2,VALID,47.8,VALID,45.318,VALID,47.8,VALID,42.9,VALID,10.6,VALID,10.679,VALID,11.09,VALID,10.337,VALID,790.3,VALID,790.112,VALID,790.3,VALID,790.0,VALID,2.078,VALID,82.289,VALID,191.538,VALID,2.078,VALID,0.0,VALID,0.0,INVALID,0.0,VALID,0.0,VALID - DEFAULT VALUE,178.918,
8/19/15 9:00:02 PM,VALID,20.4,VALID,21.232,VALID,22.2,VALID,20.4,VALID,56.8,VALID,52.442,VALID,56.8,VALID,48.0,VALID,11.539,VALID,11.087,VALID,11.606,VALID,10.574,VALID,791.3,VALID,790.808,VALID,791.3,VALID,790.3,VALID,0.009,VALID,0.206,VALID,2.03,VALID,-0.021,VALID,0.0,VALID,0.0,INVALID,0.0,VALID,0.0,VALID - DEFAULT VALUE,179.112,
8/19/15 10:00:02 PM,VALID,19.6,VALID,19.937,VALID,20.4,VALID,19.6,VALID,61.3,VALID,60.543,VALID,62.2,VALID,57.0,VALID,11.945,VALID,12.068,VALID,12.26,VALID,11.592,VALID,791.7,VALID,791.54,VALID,791.7,VALID,791.3,VALID,-0.016,VALID,-0.006,VALID,0.016,VALID,-0.036,VALID,0.0,VALID,0.0,INVALID,0.0,VALID,0.0,VALID - DEFAULT VALUE,179.121,
8/19/15 11:00:02 PM,VALID,19.3,VALID,19.285,VALID,19.6,VALID,19.0,VALID,64.1,VALID,63.098,VALID,64.4,VALID,60.7,VALID,12.34,VALID,12.084,VALID,12.506,VALID,11.701,VALID,792.3,VALID,792.018,VALID,792.3,VALID,791.7,VALID,-0.003,VALID,0.006,VALID,0.039,VALID,-0.038,VALID,0.0,VALID,0.0,INVALID,0.0,VALID,0.0,VALID - DEFAULT VALUE,179.213,
