,,WXT510_1,,TA_Stat1h,,TA_Stat1h,,TA_Stat1h,,WXT510_1,,RH_Stat1h,,RH_Stat1h,,RH_Stat1h,,DP_1m,,DP_Stat1h,,DP_Stat1h,,DP_Stat1h,,WXT510_1,,PA_Stat1h,,PA_Stat1h,,PA_Stat1h,,SR_1m,,SR_Stat1h,,SR_Stat1h,,SR_Stat1h,,WXT510_1,,PR_Slide_Sum,,PR_Sum1h,,PR_Sum1h,,Evaporation,
time,status,TA,status,Avg,status,Max,status,Min,status,RH,status,Avg,status,Max,status,Min,status,DP,status,Avg,status,Max,status,Min,status,PA,status,Avg,status,Max,status,Min,status,Avg,status,Avg,status,Max,status,Min,status,Rain_amount,status,PR_Slide_Sum1h,status,PR_Sum1h_CurrHour,status,PR_Sum1h_PrevHour,status,value,
8/4/15 12:00:04 AM,VALID,16.7,VALID,17.112,VALID,17.5,VALID,16.7,VALID,72.8,VALID,71.08,VALID,72.8,VALID,69.6,VALID,11.792,VALID,11.824,VALID,12.116,VALID,11.605,VALID,792.5,VALID,792.347,VALID,792.5,VALID,792.3,VALID,0.006,VALID,0.016,VALID,0.034,VALID,-0.003,VALID,0.0,VALID,0.0,INVALID,0.0,VALID,0.0,VALID - DEFAULT VALUE,115.799,
8/4/15 1:00:02 AM,VALID,15.9,VALID,16.22,VALID,16.6,VALID,15.9,VALID,74.8,VALID,74.302,VALID,74.9,VALID,72.8,VALID,11.431,VALID,11.638,VALID,11.797,VALID,11.385,VALID,792.4,VALID,792.518,VALID,792.7,VALID,792.4,VALID,-0.006,VALID,0.009,VALID,0.037,VALID,-0.019,VALID,0.0,VALID,0.0,INVALID,0.0,VALID,0.0,VALID - DEFAULT VALUE,115.879,
8/4/15 2:00:02 AM,VALID,15.7,VALID,15.853,VALID,15.9,VALID,15.7,VALID,74.6,VALID,75.005,VALID,76.3,VALID,74.2,VALID,11.197,VALID,11.427,VALID,11.732,VALID,11.197,VALID,792.2,VALID,792.327,VALID,792.4,VALID,792.2,VALID,0.031,VALID,0.014,VALID,0.05,VALID,-0.009,VALID,0.0,VALID,0.0,INVALID,0.0,VALID,0.0,VALID - DEFAULT VALUE,115.89,
8/4/15 3:00:02 AM,VALID,15.3,VALID,15.593,VALID,15.7,VALID,15.3,VALID,76.3,VALID,74.685,VALID,76.4,VALID,73.8,VALID,11.151,VALID,11.111,VALID,11.364,VALID,10.944,VALID,792.1,VALID,792.138,VALID,792.2,VALID,792.1,VALID,0.02,VALID,0.019,VALID,0.062,VALID,0.001,VALID,0.0,VALID,0.0,INVALID,0.0,VALID,0.0,VALID - DEFAULT VALUE,115.876,
8/4/15 4:00:02 AM,VALID,15.5,VALID,15.46,VALID,15.8,VALID,15.2,VALID,74.4,VALID,75.737,VALID,78.4,VALID,73.2,VALID,10.964,VALID,11.19,VALID,11.523,VALID,10.815,VALID,792.1,VALID,792.098,VALID,792.3,VALID,792.0,VALID,0.007,VALID,0.01,VALID,0.04,VALID,-0.011,VALID,0.0,VALID,0.0,INVALID,0.0,VALID,0.0,VALID - DEFAULT VALUE,115.952,
8/4/15 5:00:02 AM,VALID,14.7,VALID,15.053,VALID,15.5,VALID,14.7,VALID,78.4,VALID,77.6,VALID,80.0,VALID,75.2,VALID,10.979,VALID,11.165,VALID,11.406,VALID,10.882,VALID,792.1,VALID,792.0,VALID,792.1,VALID,791.9,VALID,0.022,VALID,0.011,VALID,0.034,VALID,-0.011,VALID,0.0,VALID,0.0,INVALID,0.0,VALID,0.0,VALID - DEFAULT VALUE,115.953,
8/4/15 6:00:05 AM,VALID,14.0,VALID,14.347,VALID,14.8,VALID,14.0,VALID,81.2,VALID,79.857,VALID,81.5,VALID,77.7,VALID,10.826,VALID,10.911,VALID,11.095,VALID,10.737,VALID,792.3,VALID,792.292,VALID,792.4,VALID,792.1,VALID,0.017,VALID,0.016,VALID,0.035,VALID,0.002,VALID,0.0,VALID,0.0,INVALID,0.0,VALID,0.0,VALID - DEFAULT VALUE,115.93,
8/4/15 7:00:02 AM,VALID,13.3,VALID,13.665,VALID,14.0,VALID,13.3,VALID,82.3,VALID,80.977,VALID,82.9,VALID,80.0,VALID,10.345,VALID,10.457,VALID,10.77,VALID,10.216,VALID,792.4,VALID,792.363,VALID,792.4,VALID,792.3,VALID,1.196,VALID,0.099,VALID,1.203,VALID,-0.002,VALID,0.0,VALID,0.0,INVALID,0.0,VALID,0.0,VALID - DEFAULT VALUE,115.907,
8/4/15 8:00:03 AM,VALID,14.2,VALID,13.568,VALID,14.2,VALID,13.1,VALID,76.3,VALID,80.592,VALID,84.8,VALID,76.3,VALID,10.086,VALID,10.285,VALID,10.696,VALID,9.97,VALID,793.2,VALID,792.778,VALID,793.2,VALID,792.3,VALID,61.152,VALID,31.521,VALID,76.402,VALID,1.195,VALID,0.0,VALID,0.0,INVALID,0.0,VALID,0.0,VALID - DEFAULT VALUE,115.854,
8/4/15 9:00:03 AM,VALID,14.6,VALID,14.472,VALID,15.0,VALID,14.1,VALID,76.2,VALID,75.533,VALID,77.1,VALID,72.8,VALID,10.453,VALID,10.196,VALID,10.474,VALID,9.982,VALID,793.5,VALID,793.298,VALID,793.6,VALID,793.2,VALID,75.316,VALID,61.336,VALID,75.316,VALID,54.964,VALID,0.0,VALID,0.0,INVALID,0.0,VALID,0.0,VALID - DEFAULT VALUE,115.885,
8/4/15 10:00:03 AM,VALID,16.8,VALID,15.615,VALID,16.8,VALID,14.6,VALID,68.7,VALID,72.178,VALID,75.7,VALID,68.7,VALID,11.011,VALID,10.612,VALID,11.068,VALID,10.284,VALID,793.4,VALID,793.42,VALID,793.5,VALID,793.3,VALID,76.805,VALID,80.651,VALID,85.114,VALID,75.417,VALID,0.0,VALID,0.0,INVALID,0.0,VALID,0.0,VALID - DEFAULT VALUE,116.086,
8/4/15 11:00:03 AM,VALID,19.5,VALID,18.252,VALID,19.6,VALID,16.9,VALID,54.0,VALID,62.58,VALID,68.9,VALID,52.6,VALID,9.94,VALID,10.953,VALID,11.392,VALID,9.548,VALID,793.2,VALID,793.298,VALID,793.4,VALID,793.2,VALID,743.549,VALID,217.018,VALID,776.511,VALID,77.081,VALID,0.0,VALID,0.0,INVALID,0.0,VALID,0.0,VALID - DEFAULT VALUE,116.314,
8/4/15 12:00:02 PM,VALID,21.6,VALID,20.528,VALID,21.6,VALID,19.5,VALID,46.5,VALID,51.308,VALID,57.1,VALID,46.5,VALID,9.64,VALID,10.098,VALID,10.871,VALID,9.581,VALID,792.9,VALID,793.025,VALID,793.2,VALID,792.9,VALID,919.777,VALID,851.906,VALID,921.541,VALID,709.645,VALID,0.0,VALID,0.0,INVALID,0.0,VALID,0.0,VALID - DEFAULT VALUE,116.529,
8/4/15 1:00:02 PM,VALID,22.4,VALID,22.1,VALID,23.0,VALID,21.2,VALID,43.0,VALID,45.888,VALID,48.5,VALID,42.0,VALID,9.201,VALID,9.885,VALID,10.752,VALID,9.201,VALID,792.5,VALID,792.74,VALID,792.9,VALID,792.5,VALID,1041.198,VALID,981.441,VALID,1083.883,VALID,322.719,VALID,0.0,VALID,0.0,INVALID,0.0,VALID,0.0,VALID - DEFAULT VALUE,116.768,
8/4/15 2:00:02 PM,VALID,24.3,VALID,23.603,VALID,24.5,VALID,22.6,VALID,36.1,VALID,38.44,VALID,42.7,VALID,35.1,VALID,8.308,VALID,8.601,VALID,9.698,VALID,7.982,VALID,791.8,VALID,792.137,VALID,792.4,VALID,791.8,VALID,1069.759,VALID,1038.6,VALID,1155.783,VALID,246.534,VALID,0.0,VALID,0.0,INVALID,0.0,VALID,0.0,VALID - DEFAULT VALUE,117.223,
8/4/15 3:00:02 PM,VALID,24.8,VALID,24.47,VALID,25.2,VALID,23.3,VALID,31.0,VALID,33.158,VALID,36.9,VALID,29.8,VALID,6.514,VALID,7.187,VALID,8.444,VALID,6.135,VALID,791.1,VALID,791.455,VALID,791.9,VALID,791.1,VALID,1054.297,VALID,999.185,VALID,1129.925,VALID,261.452,VALID,0.0,VALID,0.0,INVALID,0.0,VALID,0.0,VALID - DEFAULT VALUE,117.794,
8/4/15 4:00:03 PM,VALID,25.5,VALID,25.262,VALID,26.1,VALID,24.9,VALID,33.7,VALID,32.953,VALID,35.3,VALID,30.7,VALID,8.349,VALID,7.803,VALID,8.771,VALID,6.633,VALID,790.6,VALID,790.88,VALID,791.1,VALID,790.5,VALID,886.378,VALID,835.186,VALID,1173.873,VALID,274.261,VALID,0.0,VALID,0.0,INVALID,0.0,VALID,0.0,VALID - DEFAULT VALUE,118.321,
8/4/15 5:00:02 PM,VALID,26.3,VALID,25.547,VALID,26.5,VALID,25.0,VALID,31.2,VALID,33.59,VALID,36.0,VALID,31.2,VALID,7.911,VALID,8.334,VALID,9.239,VALID,7.674,VALID,789.9,VALID,790.375,VALID,790.6,VALID,789.9,VALID,687.048,VALID,707.525,VALID,1014.662,VALID,175.012,VALID,0.0,VALID,0.0,INVALID,0.0,VALID,0.0,VALID - DEFAULT VALUE,119.268,
8/4/15 6:00:02 PM,VALID,25.3,VALID,25.815,VALID,26.4,VALID,25.3,VALID,35.3,VALID,33.085,VALID,35.3,VALID,30.1,VALID,8.859,VALID,8.34,VALID,9.127,VALID,7.384,VALID,790.1,VALID,789.983,VALID,790.1,VALID,789.8,VALID,246.972,VALID,576.5,VALID,780.502,VALID,106.939,VALID,0.0,VALID,0.0,INVALID,0.0,VALID,0.0,VALID - DEFAULT VALUE,120.082,
8/4/15 7:00:03 PM,VALID,24.7,VALID,25.157,VALID,25.5,VALID,24.7,VALID,38.0,VALID,36.422,VALID,38.1,VALID,34.8,VALID,9.423,VALID,9.194,VALID,9.581,VALID,8.56,VALID,790.3,VALID,790.137,VALID,790.3,VALID,790.0,VALID,41.07,VALID,302.949,VALID,497.769,VALID,41.07,VALID,0.0,VALID,0.0,INVALID,0.0,VALID,0.0,VALID - DEFAULT VALUE,120.635,
8/4/15 8:00:03 PM,VALID,22.4,VALID,23.153,VALID,24.8,VALID,22.3,VALID,46.8,VALID,46.478,VALID,52.0,VALID,38.0,VALID,10.466,VALID,10.997,VALID,12.253,VALID,8.556,VALID,791.1,VALID,790.742,VALID,791.1,VALID,790.3,VALID,3.583,VALID,17.685,VALID,40.794,VALID,3.583,VALID,0.0,VALID,0.0,INVALID,0.0,VALID,0.0,VALID - DEFAULT VALUE,120.685,
8/4/15 9:00:03 PM,VALID,20.1,VALID,21.213,VALID,22.4,VALID,20.0,VALID,60.2,VALID,53.41,VALID,61.0,VALID,46.7,VALID,12.14,VALID,11.284,VALID,12.397,VALID,10.14,VALID,792.0,VALID,791.575,VALID,792.0,VALID,791.1,VALID,0.023,VALID,0.327,VALID,3.513,VALID,0.001,VALID,0.0,VALID,0.0,INVALID,0.0,VALID,0.0,VALID - DEFAULT VALUE,121.599,
8/4/15 10:00:03 PM,VALID,19.3,VALID,19.51,VALID,20.1,VALID,19.3,VALID,65.4,VALID,64.125,VALID,66.0,VALID,60.2,VALID,12.647,VALID,12.539,VALID,12.786,VALID,12.096,VALID,792.7,VALID,792.377,VALID,792.7,VALID,792.0,VALID,0.014,VALID,0.01,VALID,0.039,VALID,-0.014,VALID,0.0,VALID,0.0,INVALID,0.0,VALID,0.0,VALID - DEFAULT VALUE,121.901,
8/4/15 11:00:03 PM,VALID,19.5,VALID,19.377,VALID,19.5,VALID,19.1,VALID,61.2,VALID,62.677,VALID,65.4,VALID,60.5,VALID,11.825,VALID,12.067,VALID,12.647,VALID,11.651,VALID,793.6,VALID,793.147,VALID,793.6,VALID,792.8,VALID,0.012,VALID,0.018,VALID,0.048,VALID,-0.012,VALID,0.0,VALID,0.0,INVALID,0.0,VALID,0.0,VALID - DEFAULT VALUE,121.928,
