,,WXT510_1,,TA_Stat1h,,TA_Stat1h,,TA_Stat1h,,WXT510_1,,RH_Stat1h,,RH_Stat1h,,RH_Stat1h,,DP_1m,,DP_Stat1h,,DP_Stat1h,,DP_Stat1h,,WXT510_1,,PA_Stat1h,,PA_Stat1h,,PA_Stat1h,,SR_1m,,SR_Stat1h,,SR_Stat1h,,SR_Stat1h,,WXT510_1,,PR_Slide_Sum,,PR_Sum1h,,PR_Sum1h,,Evaporation,
time,status,TA,status,Avg,status,Max,status,Min,status,RH,status,Avg,status,Max,status,Min,status,DP,status,Avg,status,Max,status,Min,status,PA,status,Avg,status,Max,status,Min,status,Avg,status,Avg,status,Max,status,Min,status,Rain_amount,status,PR_Slide_Sum1h,status,PR_Sum1h_CurrHour,status,PR_Sum1h_PrevHour,status,value,
8/23/15 12:00:03 AM,VALID,16.1,VALID,16.26,VALID,16.7,VALID,16.0,VALID,80.9,VALID,80.118,VALID,81.7,VALID,78.3,VALID,12.817,VALID,12.824,VALID,13.211,VALID,12.492,VALID,793.5,VALID,793.873,VALID,794.0,VALID,793.5,VALID,-0.007,VALID,0.008,VALID,0.029,VALID,-0.013,VALID,0.0,VALID,0.0,INVALID,0.0,VALID,0.0,VALID - DEFAULT VALUE,176.206,
8/23/15 1:00:03 AM,VALID,16.4,VALID,16.322,VALID,16.4,VALID,16.1,VALID,80.1,VALID,80.283,VALID,80.8,VALID,79.1,VALID,12.958,VALID,12.916,VALID,13.072,VALID,12.723,VALID,793.7,VALID,793.652,VALID,793.8,VALID,793.5,VALID,0.011,VALID,0.01,VALID,0.033,VALID,-0.015,VALID,0.0,VALID,0.0,INVALID,0.0,VALID,0.0,VALID - DEFAULT VALUE,176.337,
8/23/15 2:00:03 AM,VALID,16.2,VALID,16.287,VALID,16.5,VALID,16.2,VALID,79.7,VALID,79.977,VALID,81.4,VALID,77.5,VALID,12.686,VALID,12.823,VALID,13.169,VALID,12.259,VALID,793.6,VALID,793.628,VALID,793.7,VALID,793.5,VALID,0.015,VALID,0.0,VALID,0.026,VALID,-0.03,VALID,0.0,VALID,0.0,INVALID,0.0,VALID,0.0,VALID - DEFAULT VALUE,176.363,
8/23/15 3:00:03 AM,VALID,15.8,VALID,16.008,VALID,16.2,VALID,15.8,VALID,82.9,VALID,81.595,VALID,83.3,VALID,79.1,VALID,12.898,VALID,12.856,VALID,13.149,VALID,12.57,VALID,793.5,VALID,793.548,VALID,793.6,VALID,793.4,VALID,0.032,VALID,0.009,VALID,0.04,VALID,-0.026,VALID,0.0,VALID,0.0,INVALID,0.0,VALID,0.0,VALID - DEFAULT VALUE,176.36,
8/23/15 4:00:03 AM,VALID,15.7,VALID,15.693,VALID,15.8,VALID,15.6,VALID,82.9,VALID,82.775,VALID,83.3,VALID,82.2,VALID,12.8,VALID,12.771,VALID,12.935,VALID,12.671,VALID,793.0,VALID,793.278,VALID,793.5,VALID,793.0,VALID,0.026,VALID,0.014,VALID,0.046,VALID,-0.022,VALID,0.0,VALID,0.0,INVALID,0.0,VALID,0.0,VALID - DEFAULT VALUE,176.373,
8/23/15 5:00:02 AM,VALID,15.2,VALID,15.572,VALID,15.7,VALID,15.2,VALID,84.6,VALID,83.152,VALID,84.8,VALID,82.4,VALID,12.621,VALID,12.721,VALID,12.874,VALID,12.507,VALID,792.6,VALID,792.818,VALID,793.0,VALID,792.6,VALID,0.015,VALID,0.011,VALID,0.036,VALID,-0.014,VALID,0.0,VALID,0.0,INVALID,0.0,VALID,0.0,VALID - DEFAULT VALUE,176.386,
8/23/15 6:00:02 AM,VALID,14.8,VALID,15.066,VALID,15.2,VALID,14.8,VALID,86.1,VALID,85.269,VALID,86.0,VALID,84.3,VALID,12.479,VALID,12.61,VALID,12.684,VALID,12.479,VALID,792.7,VALID,792.622,VALID,792.7,VALID,792.6,VALID,0.026,VALID,0.011,VALID,0.033,VALID,-0.025,VALID,0.0,VALID,0.0,INVALID,0.0,VALID,0.0,VALID - DEFAULT VALUE,176.4,
8/23/15 7:00:02 AM,VALID,14.7,VALID,14.669,VALID,14.8,VALID,14.4,VALID,84.0,VALID,86.672,VALID,88.8,VALID,83.6,VALID,12.121,VALID,12.466,VALID,12.621,VALID,12.048,VALID,793.0,VALID,792.94,VALID,793.1,VALID,792.7,VALID,0.232,VALID,0.031,VALID,0.232,VALID,0.008,VALID,0.0,VALID,0.0,INVALID,0.0,VALID,0.0,VALID - DEFAULT VALUE,176.371,
8/23/15 8:00:02 AM,VALID,15.2,VALID,14.61,VALID,15.2,VALID,14.2,VALID,77.3,VALID,82.03,VALID,85.2,VALID,77.3,VALID,11.29,VALID,11.578,VALID,12.077,VALID,11.191,VALID,793.1,VALID,793.137,VALID,793.2,VALID,793.0,VALID,25.756,VALID,13.264,VALID,25.756,VALID,0.241,VALID,0.0,VALID,0.0,INVALID,0.0,VALID,0.0,VALID - DEFAULT VALUE,176.346,
8/23/15 9:00:02 AM,VALID,14.8,VALID,15.235,VALID,15.7,VALID,14.5,VALID,81.6,VALID,77.082,VALID,82.6,VALID,71.2,VALID,11.527,VALID,11.219,VALID,11.697,VALID,10.303,VALID,793.8,VALID,793.502,VALID,793.8,VALID,793.1,VALID,262.667,VALID,59.416,VALID,262.667,VALID,25.787,VALID,0.0,VALID,0.0,INVALID,0.0,VALID,0.0,VALID - DEFAULT VALUE,176.489,
8/23/15 10:00:02 AM,VALID,18.0,VALID,16.307,VALID,18.0,VALID,14.7,VALID,59.9,VALID,71.87,VALID,81.7,VALID,59.9,VALID,10.09,VALID,11.173,VALID,11.699,VALID,10.09,VALID,793.9,VALID,793.828,VALID,793.9,VALID,793.7,VALID,511.765,VALID,269.538,VALID,511.765,VALID,49.434,VALID,0.0,VALID,0.0,INVALID,0.0,VALID,0.0,VALID - DEFAULT VALUE,176.464,
8/23/15 11:00:03 AM,VALID,20.2,VALID,19.153,VALID,20.2,VALID,17.8,VALID,38.5,VALID,47.238,VALID,59.5,VALID,36.8,VALID,5.606,VALID,7.453,VALID,10.084,VALID,4.601,VALID,793.9,VALID,793.847,VALID,794.0,VALID,793.7,VALID,797.716,VALID,695.897,VALID,797.716,VALID,513.626,VALID,0.0,VALID,0.0,INVALID,0.0,VALID,0.0,VALID - DEFAULT VALUE,176.588,
8/23/15 12:00:03 PM,VALID,21.0,VALID,20.692,VALID,21.3,VALID,20.0,VALID,34.5,VALID,36.513,VALID,40.3,VALID,32.7,VALID,4.737,VALID,5.26,VALID,6.372,VALID,4.144,VALID,793.6,VALID,793.75,VALID,793.9,VALID,793.6,VALID,947.585,VALID,878.476,VALID,947.585,VALID,799.255,VALID,0.0,VALID,0.0,INVALID,0.0,VALID,0.0,VALID - DEFAULT VALUE,176.882,
8/23/15 1:00:03 PM,VALID,23.6,VALID,22.472,VALID,23.6,VALID,21.1,VALID,29.2,VALID,31.648,VALID,35.9,VALID,28.8,VALID,4.612,VALID,4.771,VALID,5.397,VALID,4.329,VALID,793.0,VALID,793.308,VALID,793.6,VALID,793.0,VALID,1015.599,VALID,987.692,VALID,1016.004,VALID,948.034,VALID,0.0,VALID,0.0,INVALID,0.0,VALID,0.0,VALID - DEFAULT VALUE,177.291,
8/23/15 2:00:03 PM,VALID,24.2,VALID,23.768,VALID,24.6,VALID,22.8,VALID,30.0,VALID,29.843,VALID,31.9,VALID,28.3,VALID,5.519,VALID,5.065,VALID,5.931,VALID,4.415,VALID,792.5,VALID,792.77,VALID,793.0,VALID,792.5,VALID,1075.664,VALID,1030.529,VALID,1075.664,VALID,1012.802,VALID,0.0,VALID,0.0,INVALID,0.0,VALID,0.0,VALID - DEFAULT VALUE,177.805,
8/23/15 3:00:03 PM,VALID,25.6,VALID,24.893,VALID,25.6,VALID,24.2,VALID,27.8,VALID,29.053,VALID,31.2,VALID,27.7,VALID,5.625,VALID,5.65,VALID,6.412,VALID,5.039,VALID,791.9,VALID,792.24,VALID,792.5,VALID,791.9,VALID,1174.299,VALID,997.749,VALID,1174.299,VALID,308.421,VALID,0.0,VALID,0.0,INVALID,0.0,VALID,0.0,VALID - DEFAULT VALUE,178.507,
8/23/15 4:00:02 PM,VALID,25.9,VALID,25.276,VALID,25.8,VALID,24.7,VALID,36.1,VALID,29.536,VALID,35.8,VALID,27.4,VALID,9.3,VALID,6.214,VALID,9.421,VALID,5.245,VALID,791.1,VALID,791.469,VALID,791.9,VALID,791.2,VALID,1029.979,VALID,776.342,VALID,1213.792,VALID,302.558,VALID,0.0,VALID,0.0,INVALID,0.0,VALID,0.0,VALID - DEFAULT VALUE,179.217,
8/23/15 5:00:02 PM,VALID,25.0,VALID,25.022,VALID,25.9,VALID,24.5,VALID,38.6,VALID,39.535,VALID,44.0,VALID,35.7,VALID,10.269,VALID,10.281,VALID,11.5,VALID,9.256,VALID,790.3,VALID,790.728,VALID,791.1,VALID,790.3,VALID,599.214,VALID,674.837,VALID,1127.351,VALID,280.827,VALID,0.0,VALID,0.0,INVALID,0.0,VALID,0.0,VALID - DEFAULT VALUE,179.874,
8/23/15 6:00:02 PM,VALID,23.2,VALID,23.305,VALID,25.0,VALID,22.7,VALID,43.7,VALID,47.695,VALID,57.5,VALID,37.3,VALID,10.335,VALID,11.488,VALID,14.062,VALID,9.186,VALID,790.4,VALID,790.328,VALID,790.5,VALID,790.0,VALID,73.217,VALID,156.818,VALID,803.187,VALID,68.466,VALID,0.0,VALID,0.74,INVALID,0.0,VALID,0.74,VALID - DEFAULT VALUE,180.188,
8/23/15 7:00:02 PM,VALID,22.8,VALID,23.003,VALID,23.2,VALID,22.8,VALID,43.0,VALID,46.057,VALID,48.4,VALID,43.1,VALID,9.597,VALID,10.771,VALID,11.521,VALID,9.597,VALID,790.9,VALID,790.587,VALID,790.9,VALID,790.4,VALID,38.642,VALID,58.971,VALID,72.635,VALID,38.642,VALID,0.0,VALID,0.0,INVALID,0.0,VALID,0.0,VALID - DEFAULT VALUE,180.605,
8/23/15 8:00:02 PM,VALID,20.4,VALID,22.26,VALID,23.0,VALID,20.7,VALID,57.6,VALID,45.325,VALID,57.0,VALID,37.1,VALID,11.873,VALID,9.741,VALID,12.801,VALID,7.559,VALID,792.2,VALID,791.26,VALID,792.1,VALID,790.8,VALID,0.212,VALID,22.648,VALID,41.987,VALID,0.21,VALID,0.0,VALID,0.0,INVALID,0.0,VALID,0.0,VALID - DEFAULT VALUE,181.032,
8/23/15 9:00:02 PM,VALID,18.7,VALID,19.338,VALID,20.4,VALID,18.7,VALID,59.4,VALID,56.597,VALID,59.7,VALID,54.1,VALID,10.622,VALID,10.497,VALID,11.751,VALID,9.968,VALID,792.7,VALID,792.413,VALID,792.7,VALID,792.1,VALID,0.032,VALID,0.028,VALID,0.211,VALID,-0.021,VALID,0.0,VALID,0.01,INVALID,0.0,VALID,0.01,VALID - DEFAULT VALUE,181.132,
8/23/15 10:00:03 PM,VALID,16.8,VALID,17.502,VALID,18.7,VALID,16.8,VALID,72.6,VALID,67.528,VALID,72.6,VALID,59.4,VALID,11.763,VALID,11.416,VALID,12.063,VALID,10.622,VALID,793.7,VALID,793.257,VALID,793.7,VALID,792.7,VALID,-0.003,VALID,0.005,VALID,0.034,VALID,-0.016,VALID,0.0,VALID,0.0,INVALID,0.0,VALID,0.0,VALID - DEFAULT VALUE,181.284,
8/23/15 11:00:03 PM,VALID,17.0,VALID,16.765,VALID,17.0,VALID,16.6,VALID,73.0,VALID,73.718,VALID,74.5,VALID,72.8,VALID,12.143,VALID,12.04,VALID,12.164,VALID,11.813,VALID,794.0,VALID,793.79,VALID,794.0,VALID,793.7,VALID,-0.004,VALID,0.0,VALID,0.025,VALID,-0.026,VALID,0.0,VALID,0.0,INVALID,0.0,VALID,0.0,VALID - DEFAULT VALUE,181.315,
