,,WXT510_1,,TA_Stat1h,,TA_Stat1h,,TA_Stat1h,,WXT510_1,,RH_Stat1h,,RH_Stat1h,,RH_Stat1h,,DP_1m,,DP_Stat1h,,DP_Stat1h,,DP_Stat1h,,WXT510_1,,PA_Stat1h,,PA_Stat1h,,PA_Stat1h,,SR_1m,,SR_Stat1h,,SR_Stat1h,,SR_Stat1h,,WXT510_1,,PR_Slide_Sum,,PR_Sum1h,,PR_Sum1h,,Evaporation,
time,status,TA,status,Avg,status,Max,status,Min,status,RH,status,Avg,status,Max,status,Min,status,DP,status,Avg,status,Max,status,Min,status,PA,status,Avg,status,Max,status,Min,status,Avg,status,Avg,status,Max,status,Min,status,Rain_amount,status,PR_Slide_Sum1h,status,PR_Sum1h_CurrHour,status,PR_Sum1h_PrevHour,status,value,
8/11/15 12:00:03 AM,VALID,17.5,VALID,17.842,VALID,18.2,VALID,17.5,VALID,58.3,VALID,57.618,VALID,58.6,VALID,56.6,VALID,9.217,VALID,9.361,VALID,9.547,VALID,9.191,VALID,792.2,VALID,792.135,VALID,792.2,VALID,792.0,VALID,0.016,VALID,0.014,VALID,0.031,VALID,-0.006,VALID,0.0,VALID,0.0,INVALID,0.0,VALID,0.0,VALID - DEFAULT VALUE,138.708,
8/11/15 1:00:03 AM,VALID,16.3,VALID,16.822,VALID,17.5,VALID,16.3,VALID,64.9,VALID,62.71,VALID,67.1,VALID,58.4,VALID,9.681,VALID,9.649,VALID,10.208,VALID,9.242,VALID,792.0,VALID,792.123,VALID,792.3,VALID,792.0,VALID,-0.028,VALID,0.002,VALID,0.024,VALID,-0.029,VALID,0.0,VALID,0.0,INVALID,0.0,VALID,0.0,VALID - DEFAULT VALUE,138.926,
8/11/15 2:00:03 AM,VALID,15.7,VALID,16.038,VALID,16.3,VALID,15.7,VALID,63.8,VALID,63.365,VALID,64.8,VALID,62.0,VALID,8.858,VALID,9.076,VALID,9.635,VALID,8.695,VALID,792.0,VALID,791.938,VALID,792.1,VALID,791.8,VALID,0.03,VALID,0.007,VALID,0.041,VALID,-0.03,VALID,0.0,VALID,0.0,INVALID,0.0,VALID,0.0,VALID - DEFAULT VALUE,139.095,
8/11/15 3:00:03 AM,VALID,15.2,VALID,15.468,VALID,15.7,VALID,15.2,VALID,62.6,VALID,63.2,VALID,64.6,VALID,62.3,VALID,8.104,VALID,8.498,VALID,8.948,VALID,8.08,VALID,791.2,VALID,791.557,VALID,791.9,VALID,791.2,VALID,0.019,VALID,0.008,VALID,0.041,VALID,-0.025,VALID,0.0,VALID,0.0,INVALID,0.0,VALID,0.0,VALID - DEFAULT VALUE,139.26,
8/11/15 4:00:03 AM,VALID,14.5,VALID,14.813,VALID,15.2,VALID,14.5,VALID,63.5,VALID,64.093,VALID,65.5,VALID,62.0,VALID,7.651,VALID,8.083,VALID,8.23,VALID,7.651,VALID,791.0,VALID,791.092,VALID,791.3,VALID,790.9,VALID,0.006,VALID,0.01,VALID,0.032,VALID,-0.022,VALID,0.0,VALID,0.0,INVALID,0.0,VALID,0.0,VALID - DEFAULT VALUE,139.312,
8/11/15 5:00:02 AM,VALID,14.1,VALID,14.335,VALID,14.5,VALID,14.1,VALID,62.9,VALID,61.633,VALID,63.8,VALID,59.9,VALID,7.133,VALID,7.055,VALID,7.582,VALID,6.703,VALID,790.8,VALID,790.713,VALID,790.9,VALID,790.4,VALID,0.006,VALID,0.004,VALID,0.037,VALID,-0.024,VALID,0.0,VALID,0.0,INVALID,0.0,VALID,0.0,VALID - DEFAULT VALUE,139.307,
8/11/15 6:00:02 AM,VALID,12.7,VALID,13.275,VALID,14.1,VALID,12.7,VALID,72.1,VALID,69.652,VALID,72.7,VALID,63.3,VALID,7.798,VALID,7.829,VALID,8.197,VALID,7.2,VALID,791.0,VALID,790.997,VALID,791.2,VALID,790.8,VALID,0.008,VALID,0.017,VALID,0.043,VALID,-0.014,VALID,0.0,VALID,0.0,INVALID,0.0,VALID,0.0,VALID - DEFAULT VALUE,139.52,
8/11/15 7:00:02 AM,VALID,12.6,VALID,12.643,VALID,12.8,VALID,12.5,VALID,70.1,VALID,69.377,VALID,72.0,VALID,68.1,VALID,7.29,VALID,7.178,VALID,7.792,VALID,6.867,VALID,791.8,VALID,791.31,VALID,791.8,VALID,790.9,VALID,0.426,VALID,0.055,VALID,0.426,VALID,-0.008,VALID,0.0,VALID,0.0,INVALID,0.0,VALID,0.0,VALID - DEFAULT VALUE,139.47,
8/11/15 8:00:02 AM,VALID,13.7,VALID,12.677,VALID,13.7,VALID,12.1,VALID,67.4,VALID,71.205,VALID,73.5,VALID,67.2,VALID,7.766,VALID,7.587,VALID,7.791,VALID,7.338,VALID,792.8,VALID,792.318,VALID,792.8,VALID,791.8,VALID,42.474,VALID,22.765,VALID,42.474,VALID,0.438,VALID,0.0,VALID,0.02,INVALID,0.0,VALID,0.02,VALID - DEFAULT VALUE,139.534,
8/11/15 9:00:02 AM,VALID,15.2,VALID,14.853,VALID,15.7,VALID,13.7,VALID,56.6,VALID,59.72,VALID,67.4,VALID,55.0,VALID,6.628,VALID,7.057,VALID,7.913,VALID,6.499,VALID,792.9,VALID,792.932,VALID,793.0,VALID,792.8,VALID,62.027,VALID,49.227,VALID,63.094,VALID,42.581,VALID,0.0,VALID,0.0,INVALID,0.0,VALID,0.0,VALID - DEFAULT VALUE,139.59,
8/11/15 10:00:02 AM,VALID,17.1,VALID,16.118,VALID,17.4,VALID,15.1,VALID,50.7,VALID,53.897,VALID,58.2,VALID,49.9,VALID,6.789,VALID,6.76,VALID,7.233,VALID,6.422,VALID,792.8,VALID,792.74,VALID,792.9,VALID,792.6,VALID,53.163,VALID,51.762,VALID,81.886,VALID,43.439,VALID,0.0,VALID,0.0,INVALID,0.0,VALID,0.0,VALID - DEFAULT VALUE,139.768,
8/11/15 11:00:03 AM,VALID,19.2,VALID,18.132,VALID,19.2,VALID,17.0,VALID,40.7,VALID,45.992,VALID,51.3,VALID,39.3,VALID,5.513,VALID,6.277,VALID,7.18,VALID,4.741,VALID,793.1,VALID,792.92,VALID,793.1,VALID,792.8,VALID,720.439,VALID,178.786,VALID,720.439,VALID,53.262,VALID,0.0,VALID,0.0,INVALID,0.0,VALID,0.0,VALID - DEFAULT VALUE,140.002,
8/11/15 12:00:03 PM,VALID,20.6,VALID,20.187,VALID,20.8,VALID,19.3,VALID,38.9,VALID,36.63,VALID,41.3,VALID,32.4,VALID,6.113,VALID,4.858,VALID,6.113,VALID,3.227,VALID,792.7,VALID,792.928,VALID,793.1,VALID,792.7,VALID,814.538,VALID,580.417,VALID,908.688,VALID,270.104,VALID,0.0,VALID,0.0,INVALID,0.0,VALID,0.0,VALID - DEFAULT VALUE,140.302,
8/11/15 1:00:03 PM,VALID,22.1,VALID,21.262,VALID,22.1,VALID,20.7,VALID,35.0,VALID,36.157,VALID,38.2,VALID,34.8,VALID,5.913,VALID,5.64,VALID,6.602,VALID,4.861,VALID,792.2,VALID,792.332,VALID,792.6,VALID,792.1,VALID,1013.947,VALID,961.933,VALID,1067.079,VALID,595.302,VALID,0.0,VALID,0.0,INVALID,0.0,VALID,0.0,VALID - DEFAULT VALUE,140.688,
8/11/15 2:00:03 PM,VALID,23.4,VALID,22.915,VALID,23.4,VALID,22.3,VALID,34.4,VALID,34.0,VALID,36.6,VALID,32.4,VALID,6.807,VALID,6.203,VALID,7.261,VALID,5.5,VALID,791.4,VALID,791.805,VALID,792.2,VALID,791.4,VALID,600.085,VALID,741.289,VALID,1301.425,VALID,303.779,VALID,0.0,VALID,0.0,INVALID,0.0,VALID,0.0,VALID - DEFAULT VALUE,141.209,
8/11/15 3:00:03 PM,VALID,23.2,VALID,23.42,VALID,23.9,VALID,22.9,VALID,36.2,VALID,34.985,VALID,37.3,VALID,33.8,VALID,7.376,VALID,7.069,VALID,7.737,VALID,6.367,VALID,790.9,VALID,791.257,VALID,791.5,VALID,790.9,VALID,467.659,VALID,752.154,VALID,1371.924,VALID,287.844,VALID,0.0,VALID,0.0,INVALID,0.0,VALID,0.0,VALID - DEFAULT VALUE,141.759,
8/11/15 4:00:03 PM,VALID,24.2,VALID,24.037,VALID,24.4,VALID,23.3,VALID,33.2,VALID,34.282,VALID,36.0,VALID,33.0,VALID,6.991,VALID,7.313,VALID,7.898,VALID,6.859,VALID,790.4,VALID,790.73,VALID,791.1,VALID,790.4,VALID,371.807,VALID,672.437,VALID,1174.809,VALID,351.289,VALID,0.0,VALID,0.0,INVALID,0.0,VALID,0.0,VALID - DEFAULT VALUE,142.274,
8/11/15 5:00:02 PM,VALID,24.1,VALID,23.92,VALID,24.2,VALID,23.6,VALID,36.4,VALID,34.432,VALID,36.4,VALID,32.6,VALID,8.253,VALID,7.272,VALID,8.253,VALID,6.507,VALID,790.1,VALID,790.12,VALID,790.4,VALID,789.8,VALID,630.178,VALID,403.965,VALID,686.827,VALID,207.137,VALID,0.0,VALID,0.0,INVALID,0.0,VALID,0.0,VALID - DEFAULT VALUE,143.22,
8/11/15 6:00:02 PM,VALID,23.6,VALID,23.725,VALID,24.2,VALID,23.5,VALID,36.5,VALID,35.688,VALID,36.8,VALID,34.2,VALID,7.851,VALID,7.63,VALID,8.172,VALID,7.113,VALID,789.7,VALID,789.87,VALID,790.1,VALID,789.7,VALID,89.334,VALID,270.33,VALID,625.567,VALID,89.334,VALID,0.0,VALID,0.0,INVALID,0.0,VALID,0.0,VALID - DEFAULT VALUE,143.549,
8/11/15 7:00:02 PM,VALID,21.2,VALID,23.063,VALID,23.6,VALID,21.2,VALID,46.3,VALID,37.817,VALID,46.3,VALID,36.3,VALID,9.211,VALID,7.874,VALID,9.211,VALID,7.448,VALID,790.0,VALID,789.712,VALID,790.0,VALID,789.4,VALID,44.563,VALID,76.649,VALID,107.983,VALID,44.563,VALID,0.0,VALID,0.0,INVALID,0.0,VALID,0.0,VALID - DEFAULT VALUE,144.149,
8/11/15 8:00:02 PM,VALID,19.6,VALID,19.912,VALID,21.1,VALID,19.6,VALID,53.7,VALID,52.292,VALID,54.3,VALID,46.4,VALID,9.95,VALID,9.83,VALID,10.116,VALID,9.061,VALID,790.6,VALID,790.408,VALID,790.7,VALID,789.7,VALID,2.936,VALID,15.768,VALID,43.866,VALID,2.936,VALID,0.0,VALID,0.0,INVALID,0.0,VALID,0.0,VALID - DEFAULT VALUE,144.451,
8/11/15 9:00:03 PM,VALID,19.7,VALID,19.818,VALID,20.2,VALID,19.5,VALID,50.6,VALID,52.22,VALID,55.1,VALID,50.1,VALID,9.156,VALID,9.728,VALID,10.242,VALID,9.156,VALID,791.4,VALID,791.068,VALID,791.5,VALID,790.6,VALID,-0.017,VALID,0.467,VALID,2.9,VALID,-0.03,VALID,0.0,VALID,0.0,INVALID,0.0,VALID,0.0,VALID - DEFAULT VALUE,142.797,
8/11/15 10:00:02 PM,VALID,18.5,VALID,19.053,VALID,19.6,VALID,18.5,VALID,52.9,VALID,52.117,VALID,53.1,VALID,50.8,VALID,8.707,VALID,8.997,VALID,9.411,VALID,8.414,VALID,792.1,VALID,791.707,VALID,792.2,VALID,791.1,VALID,-0.009,VALID,-0.005,VALID,0.033,VALID,-0.035,VALID,0.0,VALID,0.0,INVALID,0.0,VALID,0.0,VALID - DEFAULT VALUE,143.659,
8/11/15 11:00:02 PM,VALID,17.5,VALID,18.187,VALID,18.7,VALID,17.5,VALID,62.6,VALID,57.318,VALID,62.6,VALID,51.6,VALID,10.279,VALID,9.576,VALID,10.42,VALID,8.431,VALID,793.1,VALID,792.652,VALID,793.1,VALID,792.1,VALID,0.01,VALID,-0.002,VALID,0.026,VALID,-0.026,VALID,0.0,VALID,0.0,INVALID,0.0,VALID,0.0,VALID - DEFAULT VALUE,144.96,
