,,WXT510_1,,TA_Stat1h,,TA_Stat1h,,TA_Stat1h,,WXT510_1,,RH_Stat1h,,RH_Stat1h,,RH_Stat1h,,DP_1m,,DP_Stat1h,,DP_Stat1h,,DP_Stat1h,,WXT510_1,,PA_Stat1h,,PA_Stat1h,,PA_Stat1h,,SR_1m,,SR_Stat1h,,SR_Stat1h,,SR_Stat1h,,WXT510_1,,PR_Slide_Sum,,PR_Sum1h,,PR_Sum1h,,Evaporation,
time,status,TA,status,Avg,status,Max,status,Min,status,RH,status,Avg,status,Max,status,Min,status,DP,status,Avg,status,Max,status,Min,status,PA,status,Avg,status,Max,status,Min,status,Avg,status,Avg,status,Max,status,Min,status,Rain_amount,status,PR_Slide_Sum1h,status,PR_Sum1h_CurrHour,status,PR_Sum1h_PrevHour,status,value,
9/15/15 12:00:03 AM,VALID,14.7,VALID,14.703,VALID,14.8,VALID,14.6,VALID,89.7,VALID,89.933,VALID,91.4,VALID,88.1,VALID,13.024,VALID,13.067,VALID,13.411,VALID,12.65,VALID,793.5,VALID,793.568,VALID,793.6,VALID,793.5,VALID,0.013,VALID,0.005,VALID,0.031,VALID,-0.012,VALID,0.0,VALID,0.05,INVALID,0.0,VALID,0.05,VALID - DEFAULT VALUE,131.154,
9/15/15 1:00:03 AM,VALID,14.9,VALID,14.8,VALID,14.9,VALID,14.7,VALID,91.2,VALID,90.608,VALID,91.7,VALID,89.2,VALID,13.476,VALID,13.277,VALID,13.56,VALID,12.973,VALID,793.2,VALID,793.393,VALID,793.5,VALID,793.2,VALID,0.005,VALID,0.01,VALID,0.034,VALID,-0.018,VALID,0.0,VALID,0.0,INVALID,0.0,VALID,0.0,VALID - DEFAULT VALUE,131.089,
9/15/15 2:00:03 AM,VALID,14.9,VALID,14.932,VALID,15.0,VALID,14.9,VALID,89.8,VALID,90.26,VALID,91.6,VALID,89.3,VALID,13.239,VALID,13.348,VALID,13.544,VALID,13.153,VALID,792.9,VALID,793.075,VALID,793.2,VALID,792.9,VALID,0.015,VALID,0.015,VALID,0.04,VALID,-0.012,VALID,0.0,VALID,0.0,INVALID,0.0,VALID,0.0,VALID - DEFAULT VALUE,131.04,
9/15/15 3:00:03 AM,VALID,15.0,VALID,14.943,VALID,15.0,VALID,14.9,VALID,89.3,VALID,89.59,VALID,90.2,VALID,88.8,VALID,13.252,VALID,13.246,VALID,13.355,VALID,13.119,VALID,792.3,VALID,792.588,VALID,792.9,VALID,792.3,VALID,0.021,VALID,0.017,VALID,0.048,VALID,-0.016,VALID,0.0,VALID,0.0,INVALID,0.0,VALID,0.0,VALID - DEFAULT VALUE,131.022,
9/15/15 4:00:03 AM,VALID,15.2,VALID,15.12,VALID,15.2,VALID,15.0,VALID,90.6,VALID,90.113,VALID,90.6,VALID,89.3,VALID,13.671,VALID,13.509,VALID,13.671,VALID,13.252,VALID,791.9,VALID,792.04,VALID,792.3,VALID,791.9,VALID,0.019,VALID,0.012,VALID,0.036,VALID,-0.02,VALID,0.0,VALID,0.0,INVALID,0.0,VALID,0.0,VALID - DEFAULT VALUE,131.021,
9/15/15 5:00:02 AM,VALID,15.0,VALID,15.198,VALID,15.3,VALID,15.0,VALID,89.6,VALID,90.198,VALID,90.8,VALID,89.2,VALID,13.303,VALID,13.601,VALID,13.804,VALID,13.303,VALID,791.6,VALID,791.723,VALID,791.9,VALID,791.6,VALID,-0.014,VALID,0.016,VALID,0.051,VALID,-0.02,VALID,0.0,VALID,0.0,INVALID,0.0,VALID,0.0,VALID - DEFAULT VALUE,130.98,
9/15/15 6:00:02 AM,VALID,14.9,VALID,14.928,VALID,15.0,VALID,14.9,VALID,90.0,VALID,89.913,VALID,90.2,VALID,89.4,VALID,13.273,VALID,13.286,VALID,13.406,VALID,13.17,VALID,791.7,VALID,791.658,VALID,791.8,VALID,791.6,VALID,0.01,VALID,0.018,VALID,0.046,VALID,-0.015,VALID,0.0,VALID,0.0,INVALID,0.0,VALID,0.0,VALID - DEFAULT VALUE,130.986,
9/15/15 7:00:02 AM,VALID,14.7,VALID,14.848,VALID,15.0,VALID,14.7,VALID,89.2,VALID,90.08,VALID,90.6,VALID,89.2,VALID,12.939,VALID,13.235,VALID,13.423,VALID,12.939,VALID,792.2,VALID,792.003,VALID,792.2,VALID,791.7,VALID,0.039,VALID,0.011,VALID,0.044,VALID,-0.017,VALID,0.0,VALID,0.0,INVALID,0.0,VALID,0.0,VALID - DEFAULT VALUE,130.962,
9/15/15 8:00:02 AM,VALID,15.0,VALID,14.81,VALID,15.0,VALID,14.7,VALID,87.6,VALID,88.635,VALID,89.3,VALID,87.1,VALID,12.957,VALID,12.95,VALID,13.096,VALID,12.818,VALID,792.5,VALID,792.378,VALID,792.5,VALID,792.2,VALID,56.257,VALID,21.144,VALID,74.827,VALID,0.037,VALID,0.0,VALID,0.09,INVALID,0.0,VALID,0.09,VALID - DEFAULT VALUE,130.927,
9/15/15 9:00:02 AM,VALID,15.7,VALID,15.275,VALID,15.7,VALID,15.0,VALID,84.8,VALID,86.372,VALID,87.8,VALID,84.1,VALID,13.147,VALID,13.01,VALID,13.265,VALID,12.726,VALID,793.1,VALID,792.862,VALID,793.1,VALID,792.5,VALID,101.949,VALID,75.421,VALID,101.949,VALID,54.51,VALID,0.0,VALID,0.0,INVALID,0.0,VALID,0.0,VALID - DEFAULT VALUE,130.917,
9/15/15 10:00:02 AM,VALID,17.0,VALID,16.515,VALID,17.1,VALID,15.7,VALID,78.6,VALID,81.925,VALID,85.3,VALID,78.4,VALID,13.251,VALID,13.411,VALID,13.733,VALID,13.075,VALID,793.6,VALID,793.355,VALID,793.6,VALID,793.0,VALID,259.637,VALID,181.226,VALID,260.217,VALID,102.404,VALID,0.0,VALID,0.0,INVALID,0.0,VALID,0.0,VALID - DEFAULT VALUE,130.927,
9/15/15 11:00:03 AM,VALID,18.3,VALID,17.59,VALID,18.3,VALID,16.9,VALID,72.4,VALID,77.427,VALID,80.8,VALID,72.4,VALID,13.247,VALID,13.585,VALID,14.065,VALID,13.097,VALID,793.7,VALID,793.595,VALID,793.7,VALID,793.5,VALID,406.492,VALID,443.878,VALID,783.034,VALID,260.163,VALID,0.0,VALID,0.0,INVALID,0.0,VALID,0.0,VALID - DEFAULT VALUE,130.737,
9/15/15 12:00:03 PM,VALID,20.1,VALID,19.273,VALID,20.4,VALID,18.3,VALID,62.1,VALID,66.505,VALID,72.0,VALID,60.1,VALID,12.614,VALID,12.858,VALID,13.541,VALID,12.341,VALID,793.7,VALID,793.733,VALID,793.8,VALID,793.7,VALID,355.101,VALID,830.046,VALID,1097.225,VALID,354.965,VALID,0.0,VALID,0.0,INVALID,0.0,VALID,0.0,VALID - DEFAULT VALUE,130.886,
9/15/15 1:00:03 PM,VALID,21.8,VALID,20.995,VALID,21.9,VALID,19.8,VALID,56.7,VALID,58.685,VALID,62.8,VALID,55.2,VALID,12.819,VALID,12.581,VALID,13.137,VALID,11.884,VALID,792.9,VALID,793.363,VALID,793.7,VALID,792.9,VALID,276.629,VALID,906.358,VALID,1120.398,VALID,273.869,VALID,0.0,VALID,0.0,INVALID,0.0,VALID,0.0,VALID - DEFAULT VALUE,131.076,
9/15/15 2:00:03 PM,VALID,22.5,VALID,22.063,VALID,22.6,VALID,21.5,VALID,55.5,VALID,55.075,VALID,57.8,VALID,53.1,VALID,13.144,VALID,12.618,VALID,13.144,VALID,12.317,VALID,792.3,VALID,792.605,VALID,792.9,VALID,792.3,VALID,397.521,VALID,647.28,VALID,1224.848,VALID,270.393,VALID,0.0,VALID,0.0,INVALID,0.0,VALID,0.0,VALID - DEFAULT VALUE,131.438,
9/15/15 3:00:03 PM,VALID,21.5,VALID,22.127,VALID,22.8,VALID,21.5,VALID,61.8,VALID,57.305,VALID,62.0,VALID,53.9,VALID,13.86,VALID,13.27,VALID,14.099,VALID,12.233,VALID,791.3,VALID,791.803,VALID,792.3,VALID,791.3,VALID,192.47,VALID,405.004,VALID,1238.532,VALID,163.062,VALID,0.0,VALID,0.0,INVALID,0.0,VALID,0.0,VALID - DEFAULT VALUE,131.93,
9/15/15 4:00:02 PM,VALID,22.6,VALID,22.093,VALID,22.7,VALID,21.3,VALID,54.5,VALID,57.478,VALID,62.7,VALID,52.9,VALID,12.959,VALID,13.281,VALID,13.989,VALID,12.59,VALID,790.4,VALID,790.81,VALID,791.3,VALID,790.4,VALID,844.637,VALID,525.309,VALID,1137.26,VALID,192.886,VALID,0.0,VALID,0.0,INVALID,0.0,VALID,0.0,VALID - DEFAULT VALUE,132.327,
9/15/15 5:00:02 PM,VALID,20.8,VALID,22.212,VALID,23.4,VALID,20.8,VALID,73.4,VALID,59.588,VALID,73.4,VALID,53.3,VALID,15.866,VALID,13.917,VALID,15.866,VALID,12.818,VALID,790.6,VALID,790.438,VALID,790.6,VALID,790.2,VALID,15.826,VALID,200.943,VALID,1009.934,VALID,15.826,VALID,0.05,VALID,0.18,INVALID,0.0,VALID,0.18,VALID - DEFAULT VALUE,132.619,
9/15/15 6:00:02 PM,VALID,15.8,VALID,16.93,VALID,20.7,VALID,15.8,VALID,86.9,VALID,83.53,VALID,87.6,VALID,73.0,VALID,13.621,VALID,14.106,VALID,16.06,VALID,12.999,VALID,791.4,VALID,791.098,VALID,791.5,VALID,790.5,VALID,8.985,VALID,9.709,VALID,15.596,VALID,6.764,VALID,0.02,VALID,3.96,INVALID,0.0,VALID,3.96,VALID - DEFAULT VALUE,129.092,
9/15/15 7:00:02 PM,VALID,15.9,VALID,15.762,VALID,15.9,VALID,15.7,VALID,84.9,VALID,86.033,VALID,88.4,VALID,84.6,VALID,13.361,VALID,13.429,VALID,13.885,VALID,13.165,VALID,791.2,VALID,791.218,VALID,791.4,VALID,791.1,VALID,17.233,VALID,15.906,VALID,21.785,VALID,9.008,VALID,0.0,VALID,0.56,INVALID,0.0,VALID,0.56,VALID - DEFAULT VALUE,128.776,
9/15/15 8:00:02 PM,VALID,15.9,VALID,15.953,VALID,16.0,VALID,15.8,VALID,83.8,VALID,84.097,VALID,86.0,VALID,82.7,VALID,13.161,VALID,13.267,VALID,13.622,VALID,13.051,VALID,792.2,VALID,791.478,VALID,792.2,VALID,791.1,VALID,-0.009,VALID,6.519,VALID,17.207,VALID,-0.012,VALID,0.0,VALID,0.08,INVALID,0.0,VALID,0.08,VALID - DEFAULT VALUE,128.712,
9/15/15 9:00:03 PM,VALID,16.7,VALID,16.272,VALID,16.7,VALID,15.9,VALID,78.9,VALID,81.287,VALID,85.5,VALID,77.0,VALID,13.018,VALID,13.053,VALID,13.47,VALID,12.549,VALID,792.8,VALID,792.598,VALID,792.8,VALID,792.2,VALID,0.008,VALID,0.007,VALID,0.032,VALID,-0.015,VALID,0.0,VALID,0.0,INVALID,0.0,VALID,0.0,VALID - DEFAULT VALUE,128.721,
9/15/15 10:00:02 PM,VALID,16.2,VALID,16.435,VALID,16.7,VALID,16.2,VALID,85.9,VALID,83.197,VALID,86.0,VALID,79.2,VALID,13.836,VALID,13.569,VALID,13.952,VALID,13.076,VALID,793.5,VALID,793.18,VALID,793.5,VALID,792.8,VALID,0.012,VALID,0.008,VALID,0.03,VALID,-0.02,VALID,0.0,VALID,0.0,INVALID,0.0,VALID,0.0,VALID - DEFAULT VALUE,128.735,
9/15/15 11:00:02 PM,VALID,15.9,VALID,15.992,VALID,16.2,VALID,15.9,VALID,80.0,VALID,83.192,VALID,86.9,VALID,80.0,VALID,12.452,VALID,13.133,VALID,13.872,VALID,12.452,VALID,793.9,VALID,793.697,VALID,793.9,VALID,793.4,VALID,0.021,VALID,0.016,VALID,0.04,VALID,-0.005,VALID,0.0,VALID,0.0,INVALID,0.0,VALID,0.0,VALID - DEFAULT VALUE,128.854,
