,,WXT510_1,,TA_Stat1h,,TA_Stat1h,,TA_Stat1h,,WXT510_1,,RH_Stat1h,,RH_Stat1h,,RH_Stat1h,,DP_1m,,DP_Stat1h,,DP_Stat1h,,DP_Stat1h,,WXT510_1,,PA_Stat1h,,PA_Stat1h,,PA_Stat1h,,SR_1m,,SR_Stat1h,,SR_Stat1h,,SR_Stat1h,,WXT510_1,,PR_Slide_Sum,,PR_Sum1h,,PR_Sum1h,,Evaporation,
time,status,TA,status,Avg,status,Max,status,Min,status,RH,status,Avg,status,Max,status,Min,status,DP,status,Avg,status,Max,status,Min,status,PA,status,Avg,status,Max,status,Min,status,Avg,status,Avg,status,Max,status,Min,status,Rain_amount,status,PR_Slide_Sum1h,status,PR_Sum1h_CurrHour,status,PR_Sum1h_PrevHour,status,value,
8/21/15 12:00:03 AM,VALID,17.5,VALID,17.277,VALID,17.5,VALID,17.2,VALID,77.9,VALID,82.07,VALID,85.5,VALID,74.5,VALID,13.599,VALID,14.18,VALID,14.887,VALID,12.818,VALID,793.2,VALID,793.145,VALID,793.3,VALID,792.8,VALID,-0.013,VALID,0.008,VALID,0.045,VALID,-0.022,VALID,0.0,VALID,0.0,INVALID,0.0,VALID,0.0,VALID - DEFAULT VALUE,181.614,
8/21/15 1:00:03 AM,VALID,17.3,VALID,17.577,VALID,17.6,VALID,17.3,VALID,74.8,VALID,74.683,VALID,79.7,VALID,72.7,VALID,12.783,VALID,13.022,VALID,14.049,VALID,12.637,VALID,793.2,VALID,793.187,VALID,793.3,VALID,793.1,VALID,-0.024,VALID,0.006,VALID,0.032,VALID,-0.024,VALID,0.0,VALID,0.0,INVALID,0.0,VALID,0.0,VALID - DEFAULT VALUE,181.614,
8/21/15 2:00:03 AM,VALID,16.4,VALID,16.965,VALID,17.3,VALID,16.4,VALID,78.0,VALID,76.957,VALID,79.6,VALID,75.1,VALID,12.552,VALID,12.892,VALID,13.543,VALID,12.406,VALID,792.8,VALID,793.105,VALID,793.3,VALID,792.8,VALID,-0.014,VALID,-0.004,VALID,0.028,VALID,-0.038,VALID,0.0,VALID,0.0,INVALID,0.0,VALID,0.0,VALID - DEFAULT VALUE,181.689,
8/21/15 3:00:03 AM,VALID,16.3,VALID,16.147,VALID,16.4,VALID,16.0,VALID,73.4,VALID,76.788,VALID,78.0,VALID,73.4,VALID,11.531,VALID,12.066,VALID,12.552,VALID,11.531,VALID,792.4,VALID,792.577,VALID,792.8,VALID,792.4,VALID,0.009,VALID,-0.004,VALID,0.04,VALID,-0.033,VALID,0.0,VALID,0.0,INVALID,0.0,VALID,0.0,VALID - DEFAULT VALUE,181.716,
8/21/15 4:00:03 AM,VALID,15.9,VALID,16.06,VALID,16.3,VALID,15.9,VALID,71.2,VALID,72.5,VALID,73.9,VALID,71.2,VALID,10.687,VALID,11.113,VALID,11.531,VALID,10.687,VALID,792.6,VALID,792.602,VALID,792.7,VALID,792.4,VALID,0.007,VALID,0.014,VALID,0.043,VALID,-0.013,VALID,0.0,VALID,0.0,INVALID,0.0,VALID,0.0,VALID - DEFAULT VALUE,181.741,
8/21/15 5:00:03 AM,VALID,15.7,VALID,15.762,VALID,15.8,VALID,15.7,VALID,74.3,VALID,73.718,VALID,76.0,VALID,70.9,VALID,11.137,VALID,11.074,VALID,11.478,VALID,10.528,VALID,792.5,VALID,792.51,VALID,792.6,VALID,792.4,VALID,-0.009,VALID,0.005,VALID,0.027,VALID,-0.018,VALID,0.0,VALID,0.0,INVALID,0.0,VALID,0.0,VALID - DEFAULT VALUE,181.808,
8/21/15 6:00:03 AM,VALID,15.3,VALID,15.475,VALID,15.7,VALID,15.2,VALID,74.9,VALID,72.667,VALID,75.7,VALID,70.3,VALID,10.872,VALID,10.581,VALID,11.076,VALID,10.176,VALID,792.6,VALID,792.612,VALID,792.7,VALID,792.5,VALID,-0.004,VALID,0.003,VALID,0.035,VALID,-0.032,VALID,0.0,VALID,0.0,INVALID,0.0,VALID,0.0,VALID - DEFAULT VALUE,181.863,
8/21/15 7:00:02 AM,VALID,15.1,VALID,15.223,VALID,15.3,VALID,15.1,VALID,76.9,VALID,75.772,VALID,76.9,VALID,75.1,VALID,11.075,VALID,10.972,VALID,11.075,VALID,10.895,VALID,792.8,VALID,792.703,VALID,792.8,VALID,792.6,VALID,0.085,VALID,0.01,VALID,0.085,VALID,-0.015,VALID,0.0,VALID,0.0,INVALID,0.0,VALID,0.0,VALID - DEFAULT VALUE,181.91,
8/21/15 8:00:02 AM,VALID,14.5,VALID,14.778,VALID,15.1,VALID,14.5,VALID,81.2,VALID,79.318,VALID,81.5,VALID,77.0,VALID,11.313,VALID,11.227,VALID,11.392,VALID,10.998,VALID,793.5,VALID,793.172,VALID,793.5,VALID,792.8,VALID,47.469,VALID,12.49,VALID,47.469,VALID,0.088,VALID,0.0,VALID,0.0,INVALID,0.0,VALID,0.0,VALID - DEFAULT VALUE,181.899,
8/21/15 9:00:02 AM,VALID,16.5,VALID,15.375,VALID,16.5,VALID,14.5,VALID,73.3,VALID,78.115,VALID,81.6,VALID,73.2,VALID,11.703,VALID,11.568,VALID,11.876,VALID,11.276,VALID,793.8,VALID,793.727,VALID,793.9,VALID,793.5,VALID,231.202,VALID,130.82,VALID,231.202,VALID,47.81,VALID,0.0,VALID,0.0,INVALID,0.0,VALID,0.0,VALID - DEFAULT VALUE,181.887,
8/21/15 10:00:02 AM,VALID,17.5,VALID,17.193,VALID,17.5,VALID,16.7,VALID,70.5,VALID,71.502,VALID,73.2,VALID,69.7,VALID,12.073,VALID,11.991,VALID,12.348,VALID,11.538,VALID,794.3,VALID,794.113,VALID,794.4,VALID,793.8,VALID,225.579,VALID,228.807,VALID,305.308,VALID,140.303,VALID,0.0,VALID,0.0,INVALID,0.0,VALID,0.0,VALID - DEFAULT VALUE,181.926,
8/21/15 11:00:02 AM,VALID,18.5,VALID,18.117,VALID,18.7,VALID,17.5,VALID,68.2,VALID,68.962,VALID,71.0,VALID,66.7,VALID,12.525,VALID,12.326,VALID,12.687,VALID,11.986,VALID,794.1,VALID,794.232,VALID,794.4,VALID,794.1,VALID,285.645,VALID,311.048,VALID,701.248,VALID,187.389,VALID,0.0,VALID,0.0,INVALID,0.0,VALID,0.0,VALID - DEFAULT VALUE,181.963,
8/21/15 12:00:02 PM,VALID,20.7,VALID,19.312,VALID,20.7,VALID,18.4,VALID,56.5,VALID,63.64,VALID,68.8,VALID,56.5,VALID,11.739,VALID,12.216,VALID,12.821,VALID,11.482,VALID,793.5,VALID,793.84,VALID,794.1,VALID,793.5,VALID,882.025,VALID,662.089,VALID,1035.969,VALID,278.636,VALID,0.0,VALID,0.0,INVALID,0.0,VALID,0.0,VALID - DEFAULT VALUE,182.119,
8/21/15 1:00:03 PM,VALID,21.7,VALID,21.222,VALID,21.8,VALID,20.2,VALID,51.3,VALID,53.76,VALID,57.4,VALID,50.0,VALID,11.206,VALID,11.461,VALID,12.004,VALID,10.819,VALID,792.8,VALID,793.155,VALID,793.5,VALID,792.8,VALID,454.641,VALID,754.323,VALID,1233.963,VALID,365.912,VALID,0.0,VALID,0.0,INVALID,0.0,VALID,0.0,VALID - DEFAULT VALUE,182.24,
8/21/15 2:00:03 PM,VALID,22.5,VALID,22.473,VALID,23.3,VALID,21.6,VALID,52.2,VALID,46.542,VALID,53.9,VALID,41.6,VALID,12.208,VALID,10.408,VALID,12.697,VALID,8.996,VALID,792.3,VALID,792.602,VALID,792.8,VALID,792.3,VALID,1121.109,VALID,1062.255,VALID,1321.82,VALID,394.913,VALID,0.0,VALID,0.0,INVALID,0.0,VALID,0.0,VALID - DEFAULT VALUE,182.693,
8/21/15 3:00:03 PM,VALID,24.0,VALID,23.443,VALID,24.4,VALID,22.5,VALID,43.1,VALID,45.883,VALID,51.7,VALID,42.2,VALID,10.68,VALID,11.096,VALID,12.095,VALID,10.069,VALID,791.0,VALID,791.742,VALID,792.3,VALID,791.0,VALID,447.113,VALID,1034.401,VALID,1215.034,VALID,437.481,VALID,0.0,VALID,0.0,INVALID,0.0,VALID,0.0,VALID - DEFAULT VALUE,182.975,
8/21/15 4:00:03 PM,VALID,16.4,VALID,19.008,VALID,23.8,VALID,15.8,VALID,66.6,VALID,58.764,VALID,69.4,VALID,43.6,VALID,10.163,VALID,10.539,VALID,12.322,VALID,8.505,VALID,790.8,VALID,791.125,VALID,791.6,VALID,790.8,VALID,45.308,VALID,115.401,VALID,671.439,VALID,29.686,VALID,0.16,VALID,14.81,INVALID,0.0,VALID,14.81,VALID - DEFAULT VALUE,172.794,
8/21/15 5:00:03 PM,VALID,17.3,VALID,16.544,VALID,17.3,VALID,15.9,VALID,81.0,VALID,77.685,VALID,84.5,VALID,67.7,VALID,14.006,VALID,12.622,VALID,14.271,VALID,10.409,VALID,790.2,VALID,790.385,VALID,790.8,VALID,790.1,VALID,118.408,VALID,69.135,VALID,118.408,VALID,45.409,VALID,0.0,VALID,2.33,INVALID,0.0,VALID,2.33,VALID - DEFAULT VALUE,171.565,
8/21/15 6:00:02 PM,VALID,18.5,VALID,18.155,VALID,18.9,VALID,17.3,VALID,65.7,VALID,75.023,VALID,83.3,VALID,65.7,VALID,11.956,VALID,13.628,VALID,15.039,VALID,11.956,VALID,790.7,VALID,790.503,VALID,790.7,VALID,790.2,VALID,76.43,VALID,141.979,VALID,178.084,VALID,76.43,VALID,0.0,VALID,0.0,INVALID,0.0,VALID,0.0,VALID - DEFAULT VALUE,171.439,
8/21/15 7:00:02 PM,VALID,18.2,VALID,17.995,VALID,18.5,VALID,17.7,VALID,63.5,VALID,66.855,VALID,69.6,VALID,63.2,VALID,11.156,VALID,11.736,VALID,12.345,VALID,10.943,VALID,791.2,VALID,791.048,VALID,791.3,VALID,790.7,VALID,36.716,VALID,67.14,VALID,91.325,VALID,36.716,VALID,0.0,VALID,0.0,INVALID,0.0,VALID,0.0,VALID - DEFAULT VALUE,171.523,
8/21/15 8:00:02 PM,VALID,18.6,VALID,18.375,VALID,18.6,VALID,18.3,VALID,61.8,VALID,62.89,VALID,66.9,VALID,60.9,VALID,11.124,VALID,11.172,VALID,12.041,VALID,10.715,VALID,791.4,VALID,791.283,VALID,791.4,VALID,791.2,VALID,0.365,VALID,13.276,VALID,36.581,VALID,0.365,VALID,0.0,VALID,0.0,INVALID,0.0,VALID,0.0,VALID - DEFAULT VALUE,171.557,
8/21/15 9:00:02 PM,VALID,18.4,VALID,18.493,VALID,18.7,VALID,18.4,VALID,60.5,VALID,61.565,VALID,64.6,VALID,59.5,VALID,10.616,VALID,10.964,VALID,11.605,VALID,10.365,VALID,792.0,VALID,791.817,VALID,792.1,VALID,791.4,VALID,0.019,VALID,0.053,VALID,0.346,VALID,0.006,VALID,0.0,VALID,0.0,INVALID,0.0,VALID,0.0,VALID - DEFAULT VALUE,171.647,
8/21/15 10:00:02 PM,VALID,18.3,VALID,18.343,VALID,18.4,VALID,18.3,VALID,64.8,VALID,63.868,VALID,66.1,VALID,60.4,VALID,11.557,VALID,11.377,VALID,11.858,VALID,10.591,VALID,792.6,VALID,792.26,VALID,792.6,VALID,792.0,VALID,-0.003,VALID,0.013,VALID,0.041,VALID,-0.019,VALID,0.0,VALID,0.0,INVALID,0.0,VALID,0.0,VALID - DEFAULT VALUE,171.691,
8/21/15 11:00:02 PM,VALID,16.2,VALID,17.542,VALID,18.4,VALID,16.2,VALID,83.8,VALID,70.12,VALID,83.8,VALID,62.2,VALID,13.455,VALID,11.953,VALID,13.455,VALID,11.011,VALID,793.2,VALID,792.935,VALID,793.2,VALID,792.6,VALID,0.014,VALID,0.01,VALID,0.033,VALID,-0.015,VALID,0.0,VALID,0.15,INVALID,0.0,VALID,0.15,VALID - DEFAULT VALUE,171.487,
