,,WXT510_1,,TA_Stat1h,,TA_Stat1h,,TA_Stat1h,,WXT510_1,,RH_Stat1h,,RH_Stat1h,,RH_Stat1h,,DP_1m,,DP_Stat1h,,DP_Stat1h,,DP_Stat1h,,WXT510_1,,PA_Stat1h,,PA_Stat1h,,PA_Stat1h,,SR_1m,,SR_Stat1h,,SR_Stat1h,,SR_Stat1h,,WXT510_1,,PR_Slide_Sum,,PR_Sum1h,,PR_Sum1h,,Evaporation,
time,status,TA,status,Avg,status,Max,status,Min,status,RH,status,Avg,status,Max,status,Min,status,DP,status,Avg,status,Max,status,Min,status,PA,status,Avg,status,Max,status,Min,status,Avg,status,Avg,status,Max,status,Min,status,Rain_amount,status,PR_Slide_Sum1h,status,PR_Sum1h_CurrHour,status,PR_Sum1h_PrevHour,status,value,
9/10/15 12:00:03 AM,VALID,16.2,VALID,16.713,VALID,17.4,VALID,16.2,VALID,74.2,VALID,71.747,VALID,74.3,VALID,68.4,VALID,11.599,VALID,11.579,VALID,11.696,VALID,11.434,VALID,792.5,VALID,792.415,VALID,792.6,VALID,792.3,VALID,0.032,VALID,0.01,VALID,0.036,VALID,-0.024,VALID,0.0,VALID,0.0,INVALID,0.0,VALID,0.0,VALID - DEFAULT VALUE,167.907,
9/10/15 1:00:02 AM,VALID,15.9,VALID,16.058,VALID,16.3,VALID,15.9,VALID,77.7,VALID,75.332,VALID,77.7,VALID,73.2,VALID,12.008,VALID,11.69,VALID,12.008,VALID,11.49,VALID,792.7,VALID,792.717,VALID,792.9,VALID,792.5,VALID,-0.002,VALID,0.016,VALID,0.037,VALID,-0.016,VALID,0.0,VALID,0.0,INVALID,0.0,VALID,0.0,VALID - DEFAULT VALUE,167.941,
9/10/15 2:00:02 AM,VALID,15.3,VALID,15.552,VALID,15.8,VALID,15.3,VALID,80.8,VALID,79.553,VALID,81.1,VALID,77.8,VALID,12.019,VALID,12.027,VALID,12.182,VALID,11.91,VALID,792.6,VALID,792.612,VALID,792.7,VALID,792.5,VALID,-0.004,VALID,0.001,VALID,0.031,VALID,-0.02,VALID,0.0,VALID,0.0,INVALID,0.0,VALID,0.0,VALID - DEFAULT VALUE,167.934,
9/10/15 3:00:02 AM,VALID,14.6,VALID,14.853,VALID,15.3,VALID,14.6,VALID,84.0,VALID,83.145,VALID,84.0,VALID,80.8,VALID,11.925,VALID,12.016,VALID,12.224,VALID,11.852,VALID,792.2,VALID,792.375,VALID,792.5,VALID,792.2,VALID,0.038,VALID,0.004,VALID,0.042,VALID,-0.033,VALID,0.0,VALID,0.0,INVALID,0.0,VALID,0.0,VALID - DEFAULT VALUE,167.988,
9/10/15 4:00:02 AM,VALID,13.9,VALID,14.135,VALID,14.6,VALID,13.9,VALID,88.0,VALID,86.225,VALID,88.0,VALID,84.0,VALID,11.944,VALID,11.864,VALID,12.019,VALID,11.735,VALID,792.0,VALID,792.115,VALID,792.2,VALID,792.0,VALID,-0.012,VALID,0.009,VALID,0.045,VALID,-0.027,VALID,0.0,VALID,0.0,INVALID,0.0,VALID,0.0,VALID - DEFAULT VALUE,167.96,
9/10/15 5:00:03 AM,VALID,13.9,VALID,13.933,VALID,14.1,VALID,13.8,VALID,89.6,VALID,89.058,VALID,90.2,VALID,87.7,VALID,12.218,VALID,12.158,VALID,12.319,VALID,11.892,VALID,791.3,VALID,791.608,VALID,792.0,VALID,791.3,VALID,-0.015,VALID,0.001,VALID,0.04,VALID,-0.032,VALID,0.0,VALID,0.0,INVALID,0.0,VALID,0.0,VALID - DEFAULT VALUE,167.936,
9/10/15 6:00:03 AM,VALID,13.4,VALID,13.735,VALID,13.9,VALID,13.4,VALID,85.2,VALID,87.592,VALID,89.9,VALID,85.2,VALID,10.963,VALID,11.708,VALID,12.269,VALID,10.963,VALID,791.2,VALID,791.227,VALID,791.3,VALID,791.2,VALID,0.017,VALID,0.01,VALID,0.03,VALID,-0.019,VALID,0.0,VALID,0.0,INVALID,0.0,VALID,0.0,VALID - DEFAULT VALUE,168.044,
9/10/15 7:00:03 AM,VALID,12.8,VALID,13.03,VALID,13.4,VALID,12.8,VALID,86.4,VALID,86.245,VALID,87.4,VALID,85.0,VALID,10.584,VALID,10.783,VALID,11.034,VALID,10.567,VALID,791.9,VALID,791.503,VALID,791.9,VALID,791.2,VALID,0.04,VALID,0.008,VALID,0.041,VALID,-0.017,VALID,0.0,VALID,0.0,INVALID,0.0,VALID,0.0,VALID - DEFAULT VALUE,168.048,
9/10/15 8:00:03 AM,VALID,13.0,VALID,12.683,VALID,13.0,VALID,12.5,VALID,84.3,VALID,85.92,VALID,87.0,VALID,84.2,VALID,10.411,VALID,10.385,VALID,10.602,VALID,10.248,VALID,792.3,VALID,792.095,VALID,792.3,VALID,791.9,VALID,103.329,VALID,29.087,VALID,103.329,VALID,0.047,VALID,0.0,VALID,0.0,INVALID,0.0,VALID,0.0,VALID - DEFAULT VALUE,168.036,
9/10/15 9:00:03 AM,VALID,14.5,VALID,13.652,VALID,14.5,VALID,13.0,VALID,75.0,VALID,80.442,VALID,84.5,VALID,75.0,VALID,10.119,VALID,10.336,VALID,10.515,VALID,10.119,VALID,792.8,VALID,792.497,VALID,792.8,VALID,792.3,VALID,328.115,VALID,213.284,VALID,328.115,VALID,103.934,VALID,0.0,VALID,0.0,INVALID,0.0,VALID,0.0,VALID - DEFAULT VALUE,168.06,
9/10/15 10:00:02 AM,VALID,17.3,VALID,15.763,VALID,17.3,VALID,14.6,VALID,64.6,VALID,70.338,VALID,75.2,VALID,64.4,VALID,10.561,VALID,10.355,VALID,10.642,VALID,10.155,VALID,793.0,VALID,792.92,VALID,793.1,VALID,792.7,VALID,575.648,VALID,448.776,VALID,577.726,VALID,296.41,VALID,0.0,VALID,0.0,INVALID,0.0,VALID,0.0,VALID - DEFAULT VALUE,168.115,
9/10/15 11:00:02 AM,VALID,18.4,VALID,18.352,VALID,19.0,VALID,17.4,VALID,57.7,VALID,59.363,VALID,64.5,VALID,56.2,VALID,9.906,VALID,10.276,VALID,10.751,VALID,9.512,VALID,792.9,VALID,792.91,VALID,793.0,VALID,792.8,VALID,761.276,VALID,663.691,VALID,767.022,VALID,481.661,VALID,0.0,VALID,0.0,INVALID,0.0,VALID,0.0,VALID - DEFAULT VALUE,168.156,
9/10/15 12:00:02 PM,VALID,20.8,VALID,19.9,VALID,21.0,VALID,18.5,VALID,47.1,VALID,52.988,VALID,58.0,VALID,45.6,VALID,9.101,VALID,10.002,VALID,10.871,VALID,8.803,VALID,792.8,VALID,792.972,VALID,793.1,VALID,792.8,VALID,947.08,VALID,817.477,VALID,957.935,VALID,170.541,VALID,0.0,VALID,0.0,INVALID,0.0,VALID,0.0,VALID - DEFAULT VALUE,168.385,
9/10/15 1:00:02 PM,VALID,21.6,VALID,21.05,VALID,21.7,VALID,20.5,VALID,45.2,VALID,47.175,VALID,49.5,VALID,44.6,VALID,9.218,VALID,9.348,VALID,10.179,VALID,8.293,VALID,792.6,VALID,792.773,VALID,792.9,VALID,792.6,VALID,1087.989,VALID,901.64,VALID,1111.333,VALID,367.864,VALID,0.0,VALID,0.0,INVALID,0.0,VALID,0.0,VALID - DEFAULT VALUE,168.755,
9/10/15 2:00:02 PM,VALID,22.5,VALID,21.873,VALID,22.5,VALID,21.5,VALID,44.7,VALID,44.758,VALID,47.9,VALID,40.7,VALID,9.869,VALID,9.312,VALID,10.418,VALID,8.027,VALID,791.9,VALID,792.23,VALID,792.6,VALID,791.9,VALID,1026.734,VALID,836.784,VALID,1123.573,VALID,349.526,VALID,0.0,VALID,0.0,INVALID,0.0,VALID,0.0,VALID - DEFAULT VALUE,169.219,
9/10/15 3:00:02 PM,VALID,23.2,VALID,23.013,VALID,24.1,VALID,22.1,VALID,38.9,VALID,41.757,VALID,45.9,VALID,35.7,VALID,8.434,VALID,9.274,VALID,10.415,VALID,7.791,VALID,790.9,VALID,791.36,VALID,791.9,VALID,790.9,VALID,233.756,VALID,909.703,VALID,1037.126,VALID,233.756,VALID,0.0,VALID,0.0,INVALID,0.0,VALID,0.0,VALID - DEFAULT VALUE,169.688,
9/10/15 4:00:03 PM,VALID,23.6,VALID,23.712,VALID,24.3,VALID,23.1,VALID,45.0,VALID,43.123,VALID,46.3,VALID,40.1,VALID,10.967,VALID,10.418,VALID,11.456,VALID,8.794,VALID,789.9,VALID,790.318,VALID,790.8,VALID,789.9,VALID,881.476,VALID,838.474,VALID,1005.297,VALID,195.913,VALID,0.0,VALID,0.0,INVALID,0.0,VALID,0.0,VALID - DEFAULT VALUE,170.361,
9/10/15 5:00:03 PM,VALID,23.8,VALID,23.708,VALID,24.2,VALID,23.2,VALID,43.3,VALID,44.888,VALID,46.9,VALID,42.3,VALID,10.569,VALID,11.023,VALID,11.683,VALID,10.034,VALID,789.7,VALID,789.838,VALID,790.0,VALID,789.6,VALID,850.086,VALID,786.424,VALID,953.117,VALID,255.072,VALID,0.0,VALID,0.0,INVALID,0.0,VALID,0.0,VALID - DEFAULT VALUE,171.194,
9/10/15 6:00:03 PM,VALID,17.2,VALID,20.038,VALID,24.3,VALID,16.5,VALID,79.1,VALID,61.593,VALID,81.4,VALID,40.4,VALID,13.543,VALID,11.787,VALID,13.616,VALID,9.589,VALID,790.4,VALID,789.945,VALID,790.5,VALID,789.4,VALID,38.949,VALID,283.221,VALID,878.416,VALID,38.949,VALID,0.01,VALID,9.64,INVALID,0.0,VALID,9.64,VALID - DEFAULT VALUE,166.436,
9/10/15 7:00:03 PM,VALID,17.2,VALID,17.487,VALID,17.7,VALID,17.2,VALID,79.3,VALID,77.853,VALID,84.1,VALID,74.3,VALID,13.582,VALID,13.574,VALID,14.489,VALID,13.066,VALID,790.6,VALID,790.515,VALID,790.6,VALID,790.1,VALID,30.868,VALID,50.896,VALID,60.566,VALID,30.868,VALID,0.0,VALID,0.03,INVALID,0.0,VALID,0.03,VALID - DEFAULT VALUE,166.592,
9/10/15 8:00:03 PM,VALID,16.7,VALID,17.072,VALID,17.3,VALID,16.7,VALID,79.8,VALID,78.003,VALID,80.5,VALID,75.5,VALID,13.192,VALID,13.202,VALID,13.813,VALID,12.523,VALID,791.3,VALID,790.882,VALID,791.3,VALID,790.6,VALID,0.033,VALID,10.845,VALID,30.677,VALID,0.029,VALID,0.0,VALID,0.0,INVALID,0.0,VALID,0.0,VALID - DEFAULT VALUE,166.66,
9/10/15 9:00:02 PM,VALID,17.0,VALID,16.913,VALID,17.1,VALID,16.7,VALID,72.5,VALID,75.043,VALID,80.7,VALID,70.1,VALID,12.018,VALID,12.449,VALID,13.364,VALID,11.603,VALID,791.9,VALID,791.472,VALID,791.9,VALID,791.2,VALID,0.005,VALID,0.02,VALID,0.04,VALID,-0.004,VALID,0.0,VALID,0.0,INVALID,0.0,VALID,0.0,VALID - DEFAULT VALUE,166.67,
9/10/15 10:00:02 PM,VALID,17.1,VALID,17.108,VALID,17.3,VALID,17.0,VALID,73.0,VALID,73.353,VALID,76.4,VALID,70.9,VALID,12.219,VALID,12.298,VALID,12.817,VALID,11.722,VALID,792.7,VALID,792.238,VALID,792.7,VALID,791.9,VALID,0.012,VALID,0.006,VALID,0.046,VALID,-0.039,VALID,0.0,VALID,0.0,INVALID,0.0,VALID,0.0,VALID - DEFAULT VALUE,166.729,
9/10/15 11:00:02 PM,VALID,16.3,VALID,16.688,VALID,17.1,VALID,16.3,VALID,77.8,VALID,76.057,VALID,78.4,VALID,72.7,VALID,12.415,VALID,12.442,VALID,12.707,VALID,12.156,VALID,793.3,VALID,793.063,VALID,793.3,VALID,792.7,VALID,-0.002,VALID,0.004,VALID,0.023,VALID,-0.017,VALID,0.0,VALID,0.0,INVALID,0.0,VALID,0.0,VALID - DEFAULT VALUE,166.761,
