,,WXT510_1,,TA_Stat1h,,TA_Stat1h,,TA_Stat1h,,WXT510_1,,RH_Stat1h,,RH_Stat1h,,RH_Stat1h,,DP_1m,,DP_Stat1h,,DP_Stat1h,,DP_Stat1h,,WXT510_1,,PA_Stat1h,,PA_Stat1h,,PA_Stat1h,,SR_1m,,SR_Stat1h,,SR_Stat1h,,SR_Stat1h,,WXT510_1,,PR_Slide_Sum,,PR_Sum1h,,PR_Sum1h,,Evaporation,
time,status,TA,status,Avg,status,Max,status,Min,status,RH,status,Avg,status,Max,status,Min,status,DP,status,Avg,status,Max,status,Min,status,PA,status,Avg,status,Max,status,Min,status,Avg,status,Avg,status,Max,status,Min,status,Rain_amount,status,PR_Slide_Sum1h,status,PR_Sum1h_CurrHour,status,PR_Sum1h_PrevHour,status,value,
8/12/15 12:00:05 AM,VALID,16.7,VALID,17.055,VALID,17.5,VALID,16.7,VALID,63.9,VALID,63.718,VALID,65.0,VALID,62.2,VALID,9.829,VALID,10.121,VALID,10.351,VALID,9.806,VALID,792.9,VALID,793.002,VALID,793.3,VALID,792.7,VALID,0.018,VALID,0.002,VALID,0.024,VALID,-0.026,VALID,0.0,VALID,0.0,INVALID,0.0,VALID,0.0,VALID - DEFAULT VALUE,144.939,
8/12/15 1:00:03 AM,VALID,15.9,VALID,16.298,VALID,16.7,VALID,15.9,VALID,63.9,VALID,64.173,VALID,65.6,VALID,63.4,VALID,9.071,VALID,9.511,VALID,9.829,VALID,9.071,VALID,793.0,VALID,793.158,VALID,793.4,VALID,792.9,VALID,-0.018,VALID,0.01,VALID,0.032,VALID,-0.02,VALID,0.0,VALID,0.0,INVALID,0.0,VALID,0.0,VALID - DEFAULT VALUE,144.935,
8/12/15 2:00:03 AM,VALID,15.7,VALID,15.825,VALID,16.0,VALID,15.7,VALID,62.2,VALID,63.12,VALID,65.3,VALID,62.2,VALID,8.482,VALID,8.817,VALID,9.393,VALID,8.482,VALID,793.6,VALID,793.313,VALID,793.6,VALID,793.0,VALID,0.012,VALID,-0.001,VALID,0.04,VALID,-0.033,VALID,0.0,VALID,0.0,INVALID,0.0,VALID,0.0,VALID - DEFAULT VALUE,144.948,
8/12/15 3:00:03 AM,VALID,14.9,VALID,15.253,VALID,15.8,VALID,14.9,VALID,65.5,VALID,64.263,VALID,66.0,VALID,62.2,VALID,8.488,VALID,8.539,VALID,8.673,VALID,8.447,VALID,793.6,VALID,793.53,VALID,793.6,VALID,793.2,VALID,-0.026,VALID,0.011,VALID,0.043,VALID,-0.026,VALID,0.0,VALID,0.0,INVALID,0.0,VALID,0.0,VALID - DEFAULT VALUE,145.01,
8/12/15 4:00:02 AM,VALID,14.7,VALID,14.893,VALID,15.0,VALID,14.7,VALID,68.2,VALID,67.28,VALID,70.4,VALID,65.5,VALID,8.895,VALID,8.876,VALID,9.462,VALID,8.488,VALID,793.0,VALID,793.393,VALID,793.6,VALID,793.0,VALID,-0.002,VALID,-0.001,VALID,0.033,VALID,-0.047,VALID,0.0,VALID,0.1,INVALID,0.0,VALID,0.1,VALID - DEFAULT VALUE,144.842,
8/12/15 5:00:02 AM,VALID,13.7,VALID,14.123,VALID,14.7,VALID,13.7,VALID,79.0,VALID,75.048,VALID,79.3,VALID,68.7,VALID,10.121,VALID,9.748,VALID,10.182,VALID,9.003,VALID,792.9,VALID,793.045,VALID,793.2,VALID,792.8,VALID,0.026,VALID,0.015,VALID,0.039,VALID,-0.002,VALID,0.0,VALID,0.0,INVALID,0.0,VALID,0.0,VALID - DEFAULT VALUE,144.863,
8/12/15 6:00:02 AM,VALID,13.7,VALID,13.658,VALID,13.7,VALID,13.5,VALID,77.4,VALID,78.85,VALID,80.3,VALID,77.2,VALID,9.815,VALID,10.051,VALID,10.31,VALID,9.777,VALID,792.4,VALID,792.647,VALID,792.9,VALID,792.4,VALID,0.008,VALID,0.007,VALID,0.041,VALID,-0.023,VALID,0.0,VALID,0.0,INVALID,0.0,VALID,0.0,VALID - DEFAULT VALUE,144.842,
8/12/15 7:00:02 AM,VALID,13.7,VALID,13.685,VALID,13.8,VALID,13.6,VALID,75.2,VALID,76.667,VALID,77.8,VALID,75.2,VALID,9.385,VALID,9.658,VALID,9.854,VALID,9.385,VALID,792.7,VALID,792.655,VALID,792.8,VALID,792.5,VALID,0.442,VALID,0.04,VALID,0.442,VALID,-0.014,VALID,0.0,VALID,0.0,INVALID,0.0,VALID,0.0,VALID - DEFAULT VALUE,144.771,
8/12/15 8:00:02 AM,VALID,14.4,VALID,14.0,VALID,14.4,VALID,13.7,VALID,69.3,VALID,72.075,VALID,75.5,VALID,69.3,VALID,8.845,VALID,9.04,VALID,9.445,VALID,8.829,VALID,793.0,VALID,792.707,VALID,793.0,VALID,792.4,VALID,25.01,VALID,13.918,VALID,25.01,VALID,0.459,VALID,0.0,VALID,0.0,INVALID,0.0,VALID,0.0,VALID - DEFAULT VALUE,144.901,
8/12/15 9:00:02 AM,VALID,15.7,VALID,14.987,VALID,15.7,VALID,14.4,VALID,62.5,VALID,66.163,VALID,69.5,VALID,62.5,VALID,8.553,VALID,8.712,VALID,8.92,VALID,8.505,VALID,793.2,VALID,793.005,VALID,793.2,VALID,792.8,VALID,34.329,VALID,29.7,VALID,34.412,VALID,25.055,VALID,0.0,VALID,0.0,INVALID,0.0,VALID,0.0,VALID - DEFAULT VALUE,144.939,
8/12/15 10:00:02 AM,VALID,17.9,VALID,16.93,VALID,17.9,VALID,15.8,VALID,52.3,VALID,56.715,VALID,62.9,VALID,50.8,VALID,7.983,VALID,8.247,VALID,8.742,VALID,7.463,VALID,793.4,VALID,793.307,VALID,793.5,VALID,793.1,VALID,43.025,VALID,39.875,VALID,43.059,VALID,34.215,VALID,0.0,VALID,0.0,INVALID,0.0,VALID,0.0,VALID - DEFAULT VALUE,145.223,
8/12/15 11:00:03 AM,VALID,19.6,VALID,18.772,VALID,19.6,VALID,17.9,VALID,44.9,VALID,47.7,VALID,53.4,VALID,43.7,VALID,7.302,VALID,7.412,VALID,8.475,VALID,6.544,VALID,793.4,VALID,793.402,VALID,793.5,VALID,793.3,VALID,786.429,VALID,213.214,VALID,786.429,VALID,42.973,VALID,0.0,VALID,0.01,INVALID,0.0,VALID,0.01,VALID - DEFAULT VALUE,145.529,
8/12/15 12:00:03 PM,VALID,21.9,VALID,20.837,VALID,21.9,VALID,19.8,VALID,39.0,VALID,40.897,VALID,44.5,VALID,37.3,VALID,7.311,VALID,7.044,VALID,7.505,VALID,6.216,VALID,793.3,VALID,793.322,VALID,793.5,VALID,793.0,VALID,300.198,VALID,843.176,VALID,1158.318,VALID,241.077,VALID,0.0,VALID,0.0,INVALID,0.0,VALID,0.0,VALID - DEFAULT VALUE,145.855,
8/12/15 1:00:03 PM,VALID,21.6,VALID,21.473,VALID,22.1,VALID,20.8,VALID,40.4,VALID,39.428,VALID,42.4,VALID,37.6,VALID,7.56,VALID,7.086,VALID,7.91,VALID,6.536,VALID,793.2,VALID,793.343,VALID,793.5,VALID,793.0,VALID,1118.337,VALID,645.676,VALID,1218.947,VALID,183.843,VALID,0.0,VALID,0.0,INVALID,0.0,VALID,0.0,VALID - DEFAULT VALUE,145.597,
8/12/15 2:00:03 PM,VALID,21.0,VALID,21.365,VALID,22.0,VALID,20.9,VALID,41.5,VALID,39.667,VALID,42.3,VALID,37.9,VALID,7.415,VALID,7.075,VALID,7.736,VALID,6.359,VALID,792.7,VALID,792.855,VALID,793.3,VALID,792.3,VALID,228.82,VALID,673.549,VALID,1319.629,VALID,228.82,VALID,0.0,VALID,0.0,INVALID,0.0,VALID,0.0,VALID - DEFAULT VALUE,146.671,
8/12/15 3:00:03 PM,VALID,20.6,VALID,20.683,VALID,21.0,VALID,20.5,VALID,42.2,VALID,41.89,VALID,43.3,VALID,40.0,VALID,7.299,VALID,7.264,VALID,7.833,VALID,6.697,VALID,792.5,VALID,792.588,VALID,792.8,VALID,792.2,VALID,209.09,VALID,212.047,VALID,287.025,VALID,157.076,VALID,0.0,VALID,0.0,INVALID,0.0,VALID,0.0,VALID - DEFAULT VALUE,147.599,
8/12/15 4:00:02 PM,VALID,21.2,VALID,21.115,VALID,21.7,VALID,20.6,VALID,43.1,VALID,41.613,VALID,43.5,VALID,40.0,VALID,8.151,VALID,7.554,VALID,8.34,VALID,6.914,VALID,791.7,VALID,792.068,VALID,792.5,VALID,791.6,VALID,262.451,VALID,275.6,VALID,403.26,VALID,206.036,VALID,0.0,VALID,0.0,INVALID,0.0,VALID,0.0,VALID - DEFAULT VALUE,147.972,
8/12/15 5:00:02 PM,VALID,21.3,VALID,21.317,VALID,21.6,VALID,21.1,VALID,43.5,VALID,43.375,VALID,45.0,VALID,42.1,VALID,8.378,VALID,8.349,VALID,8.838,VALID,7.84,VALID,791.3,VALID,791.48,VALID,791.7,VALID,791.2,VALID,287.683,VALID,275.776,VALID,650.535,VALID,206.897,VALID,0.0,VALID,0.0,INVALID,0.0,VALID,0.0,VALID - DEFAULT VALUE,148.591,
8/12/15 6:00:02 PM,VALID,21.1,VALID,21.285,VALID,21.5,VALID,21.1,VALID,42.2,VALID,42.35,VALID,44.1,VALID,40.4,VALID,7.75,VALID,7.966,VALID,8.671,VALID,7.381,VALID,791.0,VALID,791.215,VALID,791.4,VALID,790.8,VALID,109.627,VALID,184.811,VALID,399.096,VALID,109.627,VALID,0.0,VALID,0.0,INVALID,0.0,VALID,0.0,VALID - DEFAULT VALUE,149.252,
8/12/15 7:00:02 PM,VALID,20.2,VALID,20.658,VALID,21.1,VALID,20.2,VALID,45.8,VALID,43.965,VALID,46.1,VALID,42.2,VALID,8.139,VALID,7.949,VALID,8.327,VALID,7.493,VALID,791.3,VALID,791.133,VALID,791.3,VALID,790.8,VALID,65.719,VALID,88.029,VALID,109.105,VALID,62.998,VALID,0.0,VALID,0.0,INVALID,0.0,VALID,0.0,VALID - DEFAULT VALUE,149.549,
8/12/15 8:00:02 PM,VALID,19.3,VALID,19.712,VALID,20.2,VALID,19.3,VALID,49.8,VALID,47.517,VALID,49.8,VALID,45.9,VALID,8.552,VALID,8.234,VALID,8.552,VALID,8.065,VALID,791.7,VALID,791.495,VALID,791.7,VALID,791.2,VALID,1.26,VALID,21.553,VALID,65.587,VALID,1.26,VALID,0.0,VALID,0.0,INVALID,0.0,VALID,0.0,VALID - DEFAULT VALUE,149.971,
8/12/15 9:00:03 PM,VALID,17.9,VALID,18.728,VALID,19.3,VALID,17.9,VALID,52.7,VALID,51.623,VALID,53.2,VALID,49.9,VALID,8.095,VALID,8.554,VALID,9.254,VALID,8.05,VALID,792.3,VALID,792.095,VALID,792.3,VALID,791.8,VALID,0.002,VALID,0.169,VALID,1.245,VALID,-0.018,VALID,0.0,VALID,0.0,INVALID,0.0,VALID,0.0,VALID - DEFAULT VALUE,149.719,
8/12/15 10:00:03 PM,VALID,17.2,VALID,18.005,VALID,18.6,VALID,17.2,VALID,57.1,VALID,52.827,VALID,57.9,VALID,50.1,VALID,8.627,VALID,8.211,VALID,8.953,VALID,7.769,VALID,793.6,VALID,792.783,VALID,793.6,VALID,792.2,VALID,-0.003,VALID,0.001,VALID,0.032,VALID,-0.025,VALID,0.0,VALID,0.0,INVALID,0.0,VALID,0.0,VALID - DEFAULT VALUE,150.21,
8/12/15 11:00:03 PM,VALID,17.8,VALID,17.538,VALID,17.9,VALID,17.1,VALID,48.4,VALID,53.487,VALID,58.7,VALID,47.4,VALID,6.756,VALID,7.939,VALID,8.943,VALID,6.543,VALID,794.1,VALID,793.892,VALID,794.2,VALID,793.6,VALID,0.021,VALID,0.012,VALID,0.036,VALID,-0.013,VALID,0.0,VALID,0.0,INVALID,0.0,VALID,0.0,VALID - DEFAULT VALUE,150.228,
