,,WXT510_1,,TA_Stat1h,,TA_Stat1h,,TA_Stat1h,,WXT510_1,,RH_Stat1h,,RH_Stat1h,,RH_Stat1h,,DP_1m,,DP_Stat1h,,DP_Stat1h,,DP_Stat1h,,WXT510_1,,PA_Stat1h,,PA_Stat1h,,PA_Stat1h,,SR_1m,,SR_Stat1h,,SR_Stat1h,,SR_Stat1h,,WXT510_1,,PR_Slide_Sum,,PR_Sum1h,,PR_Sum1h,,Evaporation,
time,status,TA,status,Avg,status,Max,status,Min,status,RH,status,Avg,status,Max,status,Min,status,DP,status,Avg,status,Max,status,Min,status,PA,status,Avg,status,Max,status,Min,status,Avg,status,Avg,status,Max,status,Min,status,Rain_amount,status,PR_Slide_Sum1h,status,PR_Sum1h_CurrHour,status,PR_Sum1h_PrevHour,status,value,
8/27/15 12:00:04 AM,VALID,15.9,VALID,16.128,VALID,16.3,VALID,15.9,VALID,72.9,VALID,70.593,VALID,73.5,VALID,68.4,VALID,11.022,VALID,10.775,VALID,11.166,VALID,10.416,VALID,794.6,VALID,794.46,VALID,794.6,VALID,794.3,VALID,0.003,VALID,0.004,VALID,0.036,VALID,-0.054,VALID,0.0,VALID,0.0,INVALID,0.0,VALID,0.0,VALID - DEFAULT VALUE,194.237,
8/27/15 1:00:02 AM,VALID,15.8,VALID,15.842,VALID,16.0,VALID,15.7,VALID,70.6,VALID,71.067,VALID,73.0,VALID,69.4,VALID,10.315,VALID,10.602,VALID,11.097,VALID,10.207,VALID,794.6,VALID,794.677,VALID,794.8,VALID,794.5,VALID,0.002,VALID,0.013,VALID,0.036,VALID,-0.015,VALID,0.0,VALID,0.0,INVALID,0.0,VALID,0.0,VALID - DEFAULT VALUE,194.317,
8/27/15 2:00:02 AM,VALID,15.5,VALID,15.582,VALID,15.8,VALID,15.5,VALID,71.5,VALID,72.258,VALID,74.2,VALID,70.3,VALID,10.303,VALID,10.601,VALID,10.923,VALID,10.303,VALID,794.2,VALID,794.315,VALID,794.6,VALID,794.1,VALID,-0.014,VALID,0.012,VALID,0.033,VALID,-0.026,VALID,0.0,VALID,0.0,INVALID,0.0,VALID,0.0,VALID - DEFAULT VALUE,194.371,
8/27/15 3:00:02 AM,VALID,15.3,VALID,15.427,VALID,15.5,VALID,15.3,VALID,73.3,VALID,72.387,VALID,73.5,VALID,71.4,VALID,10.547,VALID,10.48,VALID,10.602,VALID,10.345,VALID,793.7,VALID,794.005,VALID,794.2,VALID,793.7,VALID,0.015,VALID,0.002,VALID,0.033,VALID,-0.021,VALID,0.0,VALID,0.0,INVALID,0.0,VALID,0.0,VALID - DEFAULT VALUE,194.371,
8/27/15 4:00:02 AM,VALID,15.2,VALID,15.188,VALID,15.3,VALID,15.1,VALID,73.8,VALID,72.958,VALID,74.6,VALID,71.1,VALID,10.553,VALID,10.368,VALID,10.654,VALID,10.09,VALID,793.4,VALID,793.558,VALID,793.7,VALID,793.4,VALID,-0.001,VALID,0.008,VALID,0.033,VALID,-0.022,VALID,0.0,VALID,0.0,INVALID,0.0,VALID,0.0,VALID - DEFAULT VALUE,194.401,
8/27/15 5:00:02 AM,VALID,14.9,VALID,15.195,VALID,15.3,VALID,14.9,VALID,69.7,VALID,70.928,VALID,73.9,VALID,68.8,VALID,9.345,VALID,9.951,VALID,10.573,VALID,9.345,VALID,793.2,VALID,793.253,VALID,793.4,VALID,793.0,VALID,-0.007,VALID,0.005,VALID,0.03,VALID,-0.02,VALID,0.0,VALID,0.0,INVALID,0.0,VALID,0.0,VALID - DEFAULT VALUE,194.576,
8/27/15 6:00:03 AM,VALID,14.1,VALID,14.455,VALID,14.9,VALID,14.1,VALID,72.1,VALID,71.245,VALID,72.2,VALID,69.7,VALID,9.166,VALID,9.308,VALID,9.43,VALID,9.124,VALID,793.0,VALID,793.077,VALID,793.2,VALID,793.0,VALID,-0.013,VALID,-0.005,VALID,0.022,VALID,-0.039,VALID,0.0,VALID,0.0,INVALID,0.0,VALID,0.0,VALID - DEFAULT VALUE,194.535,
8/27/15 7:00:03 AM,VALID,13.6,VALID,13.907,VALID,14.1,VALID,13.6,VALID,72.5,VALID,71.895,VALID,72.6,VALID,71.1,VALID,8.746,VALID,8.917,VALID,9.145,VALID,8.726,VALID,792.9,VALID,792.86,VALID,793.0,VALID,792.7,VALID,0.054,VALID,0.001,VALID,0.054,VALID,-0.038,VALID,0.0,VALID,0.0,INVALID,0.0,VALID,0.0,VALID - DEFAULT VALUE,194.548,
8/27/15 8:00:03 AM,VALID,12.9,VALID,13.185,VALID,13.6,VALID,12.9,VALID,73.8,VALID,73.515,VALID,74.6,VALID,72.4,VALID,8.334,VALID,8.552,VALID,8.832,VALID,8.334,VALID,793.1,VALID,793.04,VALID,793.2,VALID,792.7,VALID,28.82,VALID,10.827,VALID,28.826,VALID,0.056,VALID,0.0,VALID,0.0,INVALID,0.0,VALID,0.0,VALID - DEFAULT VALUE,194.566,
8/27/15 9:00:03 AM,VALID,14.4,VALID,13.43,VALID,14.4,VALID,12.9,VALID,66.7,VALID,71.522,VALID,74.1,VALID,66.8,VALID,8.368,VALID,8.373,VALID,8.556,VALID,8.249,VALID,793.7,VALID,793.473,VALID,793.8,VALID,793.1,VALID,353.475,VALID,150.464,VALID,353.475,VALID,28.818,VALID,0.0,VALID,0.0,INVALID,0.0,VALID,0.0,VALID - DEFAULT VALUE,194.715,
8/27/15 10:00:03 AM,VALID,17.1,VALID,15.768,VALID,17.0,VALID,14.4,VALID,57.1,VALID,62.53,VALID,66.9,VALID,57.1,VALID,8.466,VALID,8.604,VALID,8.956,VALID,8.28,VALID,794.0,VALID,793.948,VALID,794.1,VALID,793.7,VALID,580.598,VALID,466.768,VALID,580.598,VALID,354.72,VALID,0.0,VALID,0.0,INVALID,0.0,VALID,0.0,VALID - DEFAULT VALUE,194.855,
8/27/15 11:00:03 AM,VALID,18.3,VALID,18.017,VALID,18.8,VALID,17.1,VALID,51.1,VALID,53.843,VALID,57.4,VALID,50.1,VALID,7.866,VALID,8.511,VALID,8.908,VALID,7.866,VALID,794.1,VALID,794.137,VALID,794.2,VALID,794.0,VALID,764.893,VALID,686.332,VALID,768.779,VALID,581.974,VALID,0.0,VALID,0.0,INVALID,0.0,VALID,0.0,VALID - DEFAULT VALUE,194.972,
8/27/15 12:00:02 PM,VALID,21.1,VALID,20.122,VALID,21.2,VALID,18.3,VALID,43.2,VALID,46.35,VALID,51.9,VALID,42.3,VALID,8.095,VALID,8.215,VALID,8.65,VALID,7.875,VALID,793.7,VALID,793.92,VALID,794.1,VALID,793.7,VALID,931.326,VALID,854.376,VALID,931.326,VALID,765.847,VALID,0.0,VALID,0.0,INVALID,0.0,VALID,0.0,VALID - DEFAULT VALUE,195.151,
8/27/15 1:00:02 PM,VALID,21.7,VALID,21.58,VALID,22.0,VALID,21.1,VALID,42.0,VALID,43.017,VALID,44.4,VALID,41.3,VALID,8.221,VALID,8.464,VALID,8.943,VALID,8.063,VALID,792.8,VALID,793.223,VALID,793.7,VALID,792.8,VALID,990.964,VALID,954.523,VALID,991.352,VALID,705.007,VALID,0.0,VALID,0.0,INVALID,0.0,VALID,0.0,VALID - DEFAULT VALUE,195.42,
8/27/15 2:00:02 PM,VALID,23.1,VALID,23.23,VALID,24.2,VALID,21.7,VALID,39.7,VALID,38.645,VALID,43.1,VALID,36.5,VALID,8.646,VALID,8.351,VALID,9.172,VALID,7.923,VALID,792.1,VALID,792.482,VALID,792.8,VALID,792.1,VALID,1049.01,VALID,954.974,VALID,1116.953,VALID,416.477,VALID,0.0,VALID,0.0,INVALID,0.0,VALID,0.0,VALID - DEFAULT VALUE,195.928,
8/27/15 3:00:02 PM,VALID,24.1,VALID,24.163,VALID,24.9,VALID,23.2,VALID,36.8,VALID,37.068,VALID,39.0,VALID,35.6,VALID,8.415,VALID,8.574,VALID,9.083,VALID,8.197,VALID,791.4,VALID,791.807,VALID,792.1,VALID,791.4,VALID,260.62,VALID,708.674,VALID,1272.242,VALID,260.62,VALID,0.0,VALID,0.0,INVALID,0.0,VALID,0.0,VALID - DEFAULT VALUE,196.436,
8/27/15 4:00:03 PM,VALID,19.1,VALID,22.372,VALID,24.3,VALID,19.2,VALID,58.8,VALID,44.753,VALID,58.1,VALID,36.7,VALID,10.758,VALID,9.626,VALID,10.762,VALID,8.463,VALID,791.4,VALID,791.307,VALID,791.5,VALID,791.1,VALID,17.865,VALID,88.208,VALID,258.931,VALID,15.238,VALID,0.25,VALID,1.35,INVALID,0.0,VALID,1.35,VALID - DEFAULT VALUE,196.577,
8/27/15 5:00:02 PM,VALID,16.3,VALID,17.11,VALID,19.1,VALID,16.2,VALID,78.2,VALID,72.625,VALID,83.3,VALID,58.8,VALID,12.494,VALID,12.053,VALID,13.559,VALID,10.401,VALID,791.0,VALID,791.317,VALID,791.6,VALID,791.0,VALID,107.481,VALID,59.792,VALID,107.481,VALID,17.996,VALID,0.0,VALID,19.56,INVALID,0.0,VALID,19.56,VALID - DEFAULT VALUE,187.158,
8/27/15 6:00:02 PM,VALID,17.0,VALID,16.575,VALID,17.0,VALID,16.2,VALID,79.0,VALID,78.833,VALID,82.4,VALID,74.1,VALID,13.212,VALID,12.88,VALID,13.392,VALID,12.157,VALID,790.9,VALID,790.995,VALID,791.1,VALID,790.9,VALID,73.415,VALID,103.098,VALID,160.022,VALID,65.848,VALID,0.0,VALID,0.22,INVALID,0.0,VALID,0.22,VALID - DEFAULT VALUE,187.076,
8/27/15 7:00:03 PM,VALID,17.7,VALID,17.273,VALID,17.7,VALID,17.0,VALID,75.3,VALID,76.037,VALID,81.0,VALID,71.3,VALID,12.437,VALID,13.003,VALID,13.909,VALID,12.339,VALID,791.2,VALID,790.995,VALID,791.2,VALID,790.7,VALID,33.099,VALID,75.479,VALID,98.276,VALID,33.099,VALID,0.0,VALID,0.0,INVALID,0.0,VALID,0.0,VALID - DEFAULT VALUE,187.142,
8/27/15 8:00:03 PM,VALID,17.5,VALID,18.017,VALID,18.4,VALID,17.5,VALID,75.8,VALID,70.972,VALID,75.3,VALID,65.6,VALID,13.037,VALID,12.662,VALID,13.271,VALID,11.838,VALID,791.8,VALID,791.438,VALID,791.7,VALID,791.2,VALID,0.861,VALID,11.105,VALID,32.943,VALID,0.861,VALID,0.0,VALID,0.0,INVALID,0.0,VALID,0.0,VALID - DEFAULT VALUE,187.083,
8/27/15 9:00:03 PM,VALID,17.6,VALID,17.432,VALID,17.8,VALID,17.2,VALID,71.8,VALID,75.588,VALID,79.5,VALID,70.8,VALID,12.447,VALID,13.06,VALID,13.621,VALID,12.298,VALID,792.4,VALID,792.11,VALID,792.4,VALID,791.8,VALID,0.021,VALID,0.067,VALID,0.836,VALID,-0.005,VALID,0.0,VALID,0.0,INVALID,0.0,VALID,0.0,VALID - DEFAULT VALUE,187.311,
8/27/15 10:00:03 PM,VALID,17.4,VALID,17.653,VALID,17.8,VALID,17.4,VALID,63.3,VALID,66.815,VALID,75.5,VALID,60.4,VALID,10.398,VALID,11.367,VALID,13.215,VALID,9.957,VALID,792.8,VALID,792.5,VALID,792.7,VALID,792.4,VALID,0.01,VALID,0.014,VALID,0.033,VALID,-0.007,VALID,0.0,VALID,0.0,INVALID,0.0,VALID,0.0,VALID - DEFAULT VALUE,187.431,
8/27/15 11:00:03 PM,VALID,16.9,VALID,17.045,VALID,17.4,VALID,16.9,VALID,66.3,VALID,66.065,VALID,67.5,VALID,63.3,VALID,10.571,VALID,10.654,VALID,10.841,VALID,10.351,VALID,793.6,VALID,793.24,VALID,793.6,VALID,792.8,VALID,0.016,VALID,0.008,VALID,0.03,VALID,-0.016,VALID,0.0,VALID,0.0,INVALID,0.0,VALID,0.0,VALID - DEFAULT VALUE,187.464,
