,,WXT510_1,,TA_Stat1h,,TA_Stat1h,,TA_Stat1h,,WXT510_1,,RH_Stat1h,,RH_Stat1h,,RH_Stat1h,,DP_1m,,DP_Stat1h,,DP_Stat1h,,DP_Stat1h,,WXT510_1,,PA_Stat1h,,PA_Stat1h,,PA_Stat1h,,SR_1m,,SR_Stat1h,,SR_Stat1h,,SR_Stat1h,,WXT510_1,,PR_Slide_Sum,,PR_Sum1h,,PR_Sum1h,,Evaporation,
time,status,TA,status,Avg,status,Max,status,Min,status,RH,status,Avg,status,Max,status,Min,status,DP,status,Avg,status,Max,status,Min,status,PA,status,Avg,status,Max,status,Min,status,Avg,status,Avg,status,Max,status,Min,status,Rain_amount,status,PR_Slide_Sum1h,status,PR_Sum1h_CurrHour,status,PR_Sum1h_PrevHour,status,value,
9/1/15 12:00:03 AM,VALID,17.0,VALID,17.327,VALID,17.5,VALID,17.0,VALID,71.1,VALID,71.973,VALID,73.2,VALID,70.5,VALID,11.722,VALID,12.22,VALID,12.562,VALID,11.593,VALID,794.6,VALID,794.37,VALID,794.6,VALID,794.0,VALID,0.008,VALID,0.008,VALID,0.034,VALID,-0.025,VALID,0.0,VALID,0.0,INVALID,0.0,VALID,0.0,VALID - DEFAULT VALUE,197.903,
9/1/15 1:00:03 AM,VALID,16.7,VALID,16.882,VALID,17.0,VALID,16.7,VALID,75.6,VALID,73.478,VALID,75.6,VALID,71.3,VALID,12.366,VALID,12.107,VALID,12.402,VALID,11.764,VALID,794.4,VALID,794.502,VALID,794.6,VALID,794.3,VALID,0.003,VALID,0.002,VALID,0.022,VALID,-0.015,VALID,0.0,VALID,0.0,INVALID,0.0,VALID,0.0,VALID - DEFAULT VALUE,197.998,
9/1/15 2:00:03 AM,VALID,16.3,VALID,16.327,VALID,16.7,VALID,16.2,VALID,80.0,VALID,80.072,VALID,81.8,VALID,75.7,VALID,12.841,VALID,12.878,VALID,13.107,VALID,12.386,VALID,794.1,VALID,794.228,VALID,794.4,VALID,794.1,VALID,0.034,VALID,0.003,VALID,0.044,VALID,-0.033,VALID,0.0,VALID,0.01,INVALID,0.0,VALID,0.01,VALID - DEFAULT VALUE,197.991,
9/1/15 3:00:03 AM,VALID,15.7,VALID,16.127,VALID,16.4,VALID,15.7,VALID,81.8,VALID,81.027,VALID,82.1,VALID,79.7,VALID,12.596,VALID,12.866,VALID,13.122,VALID,12.596,VALID,793.6,VALID,793.89,VALID,794.1,VALID,793.6,VALID,0.017,VALID,0.017,VALID,0.047,VALID,-0.005,VALID,0.0,VALID,0.0,INVALID,0.0,VALID,0.0,VALID - DEFAULT VALUE,197.979,
9/1/15 4:00:03 AM,VALID,15.5,VALID,15.537,VALID,15.7,VALID,15.5,VALID,81.2,VALID,81.843,VALID,83.0,VALID,81.1,VALID,12.289,VALID,12.445,VALID,12.647,VALID,12.27,VALID,793.1,VALID,793.24,VALID,793.7,VALID,792.9,VALID,0.012,VALID,0.012,VALID,0.034,VALID,-0.01,VALID,0.0,VALID,0.0,INVALID,0.0,VALID,0.0,VALID - DEFAULT VALUE,197.988,
9/1/15 5:00:03 AM,VALID,15.9,VALID,15.705,VALID,15.9,VALID,15.6,VALID,80.1,VALID,80.403,VALID,81.6,VALID,79.2,VALID,12.471,VALID,12.338,VALID,12.559,VALID,12.064,VALID,793.0,VALID,793.015,VALID,793.1,VALID,793.0,VALID,0.026,VALID,0.007,VALID,0.026,VALID,-0.017,VALID,0.0,VALID,0.0,INVALID,0.0,VALID,0.0,VALID - DEFAULT VALUE,197.968,
9/1/15 6:00:03 AM,VALID,15.1,VALID,15.435,VALID,15.9,VALID,15.1,VALID,80.6,VALID,81.363,VALID,82.4,VALID,80.1,VALID,11.786,VALID,12.256,VALID,12.806,VALID,11.767,VALID,793.2,VALID,793.062,VALID,793.2,VALID,792.9,VALID,-0.002,VALID,0.006,VALID,0.029,VALID,-0.017,VALID,0.0,VALID,0.0,INVALID,0.0,VALID,0.0,VALID - DEFAULT VALUE,198.015,
9/1/15 7:00:02 AM,VALID,15.1,VALID,15.023,VALID,15.1,VALID,14.9,VALID,79.2,VALID,80.293,VALID,81.3,VALID,79.1,VALID,11.521,VALID,11.653,VALID,11.82,VALID,11.481,VALID,793.4,VALID,793.203,VALID,793.4,VALID,793.1,VALID,0.108,VALID,0.008,VALID,0.108,VALID,-0.018,VALID,0.0,VALID,0.0,INVALID,0.0,VALID,0.0,VALID - DEFAULT VALUE,198.026,
9/1/15 8:00:02 AM,VALID,15.1,VALID,14.965,VALID,15.1,VALID,14.8,VALID,81.0,VALID,81.405,VALID,83.8,VALID,79.1,VALID,11.861,VALID,11.804,VALID,12.128,VALID,11.501,VALID,793.5,VALID,793.445,VALID,793.5,VALID,793.3,VALID,36.389,VALID,11.888,VALID,36.389,VALID,0.109,VALID,0.0,VALID,0.0,INVALID,0.0,VALID,0.0,VALID - DEFAULT VALUE,198.017,
9/1/15 9:00:02 AM,VALID,15.8,VALID,15.427,VALID,15.8,VALID,15.1,VALID,76.1,VALID,78.53,VALID,81.0,VALID,76.1,VALID,11.595,VALID,11.708,VALID,11.861,VALID,11.58,VALID,793.7,VALID,793.573,VALID,793.8,VALID,793.3,VALID,176.015,VALID,88.181,VALID,176.015,VALID,36.697,VALID,0.0,VALID,0.0,INVALID,0.0,VALID,0.0,VALID - DEFAULT VALUE,198.024,
9/1/15 10:00:02 AM,VALID,17.2,VALID,16.528,VALID,17.3,VALID,15.9,VALID,69.3,VALID,72.713,VALID,76.0,VALID,69.2,VALID,11.525,VALID,11.603,VALID,11.807,VALID,11.444,VALID,794.1,VALID,793.837,VALID,794.1,VALID,793.6,VALID,337.361,VALID,248.904,VALID,366.896,VALID,176.785,VALID,0.0,VALID,0.0,INVALID,0.0,VALID,0.0,VALID - DEFAULT VALUE,198.098,
9/1/15 11:00:03 AM,VALID,19.4,VALID,18.293,VALID,19.4,VALID,17.2,VALID,58.7,VALID,64.34,VALID,69.7,VALID,58.7,VALID,11.1,VALID,11.419,VALID,11.84,VALID,11.1,VALID,794.3,VALID,794.168,VALID,794.3,VALID,794.0,VALID,786.642,VALID,561.554,VALID,795.925,VALID,116.33,VALID,0.0,VALID,0.0,INVALID,0.0,VALID,0.0,VALID - DEFAULT VALUE,198.066,
9/1/15 12:00:02 PM,VALID,21.2,VALID,20.297,VALID,21.2,VALID,19.5,VALID,52.5,VALID,55.767,VALID,58.9,VALID,51.7,VALID,11.093,VALID,11.155,VALID,11.455,VALID,10.492,VALID,793.9,VALID,794.123,VALID,794.3,VALID,793.9,VALID,1043.43,VALID,830.693,VALID,1056.871,VALID,284.352,VALID,0.0,VALID,0.0,INVALID,0.0,VALID,0.0,VALID - DEFAULT VALUE,198.322,
9/1/15 1:00:02 PM,VALID,22.1,VALID,21.723,VALID,22.2,VALID,21.3,VALID,50.5,VALID,51.258,VALID,53.5,VALID,49.2,VALID,11.337,VALID,11.212,VALID,11.756,VALID,10.543,VALID,793.4,VALID,793.705,VALID,793.9,VALID,793.4,VALID,555.365,VALID,692.243,VALID,1172.266,VALID,262.987,VALID,0.0,VALID,0.0,INVALID,0.0,VALID,0.0,VALID - DEFAULT VALUE,198.56,
9/1/15 2:00:03 PM,VALID,23.3,VALID,22.472,VALID,23.3,VALID,22.0,VALID,49.4,VALID,49.998,VALID,52.7,VALID,48.2,VALID,12.106,VALID,11.524,VALID,12.451,VALID,10.94,VALID,792.9,VALID,793.152,VALID,793.5,VALID,792.8,VALID,1134.098,VALID,931.049,VALID,1299.891,VALID,311.31,VALID,0.0,VALID,0.0,INVALID,0.0,VALID,0.0,VALID - DEFAULT VALUE,199.065,
9/1/15 3:00:03 PM,VALID,23.4,VALID,23.448,VALID,24.1,VALID,22.7,VALID,49.8,VALID,48.902,VALID,51.8,VALID,46.6,VALID,12.32,VALID,12.083,VALID,12.684,VALID,11.195,VALID,791.8,VALID,792.222,VALID,792.7,VALID,791.8,VALID,243.346,VALID,980.388,VALID,1132.458,VALID,206.664,VALID,0.0,VALID,0.0,INVALID,0.0,VALID,0.0,VALID - DEFAULT VALUE,199.978,
9/1/15 4:00:03 PM,VALID,24.0,VALID,23.335,VALID,24.2,VALID,22.5,VALID,48.5,VALID,50.533,VALID,53.5,VALID,47.2,VALID,12.468,VALID,12.478,VALID,13.501,VALID,12.043,VALID,791.1,VALID,791.395,VALID,791.8,VALID,791.0,VALID,338.629,VALID,585.188,VALID,1176.215,VALID,224.033,VALID,0.0,VALID,0.0,INVALID,0.0,VALID,0.0,VALID - DEFAULT VALUE,200.737,
9/1/15 5:00:03 PM,VALID,23.9,VALID,23.848,VALID,24.5,VALID,23.3,VALID,50.7,VALID,50.255,VALID,52.6,VALID,47.0,VALID,13.054,VALID,12.866,VALID,13.619,VALID,11.789,VALID,790.6,VALID,790.748,VALID,791.1,VALID,790.5,VALID,447.409,VALID,722.162,VALID,938.986,VALID,162.334,VALID,0.0,VALID,0.0,INVALID,0.0,VALID,0.0,VALID - DEFAULT VALUE,201.441,
9/1/15 6:00:03 PM,VALID,23.0,VALID,23.828,VALID,24.4,VALID,23.0,VALID,48.8,VALID,50.422,VALID,53.3,VALID,47.2,VALID,11.645,VALID,12.897,VALID,14.051,VALID,11.578,VALID,790.5,VALID,790.665,VALID,790.8,VALID,790.5,VALID,544.119,VALID,587.986,VALID,713.515,VALID,241.625,VALID,0.0,VALID,0.0,INVALID,0.0,VALID,0.0,VALID - DEFAULT VALUE,201.97,
9/1/15 7:00:02 PM,VALID,22.7,VALID,23.252,VALID,23.7,VALID,22.7,VALID,56.1,VALID,50.972,VALID,56.1,VALID,47.3,VALID,13.496,VALID,12.529,VALID,13.496,VALID,11.538,VALID,791.4,VALID,790.992,VALID,791.4,VALID,790.6,VALID,207.533,VALID,393.988,VALID,543.669,VALID,203.158,VALID,0.0,VALID,0.0,INVALID,0.0,VALID,0.0,VALID - DEFAULT VALUE,202.383,
9/1/15 8:00:02 PM,VALID,18.2,VALID,20.003,VALID,22.9,VALID,18.2,VALID,59.7,VALID,59.237,VALID,63.9,VALID,50.8,VALID,10.228,VALID,11.785,VALID,14.208,VALID,10.043,VALID,792.2,VALID,792.073,VALID,792.4,VALID,791.4,VALID,0.157,VALID,61.604,VALID,214.694,VALID,0.157,VALID,0.0,VALID,0.0,INVALID,0.0,VALID,0.0,VALID - DEFAULT VALUE,202.862,
9/1/15 9:00:02 PM,VALID,18.3,VALID,18.198,VALID,18.7,VALID,17.9,VALID,70.8,VALID,67.298,VALID,71.2,VALID,60.0,VALID,12.905,VALID,12.009,VALID,12.905,VALID,10.259,VALID,792.8,VALID,792.517,VALID,792.8,VALID,792.2,VALID,0.016,VALID,-0.001,VALID,0.154,VALID,-0.052,VALID,0.0,VALID,0.01,INVALID,0.0,VALID,0.01,VALID - DEFAULT VALUE,203.408,
9/1/15 10:00:02 PM,VALID,18.6,VALID,18.205,VALID,18.6,VALID,18.0,VALID,66.6,VALID,71.582,VALID,75.2,VALID,65.5,VALID,12.258,VALID,12.968,VALID,13.541,VALID,11.953,VALID,793.4,VALID,793.253,VALID,793.5,VALID,792.8,VALID,0.003,VALID,0.012,VALID,0.037,VALID,-0.017,VALID,0.0,VALID,0.0,INVALID,0.0,VALID,0.0,VALID - DEFAULT VALUE,203.45,
9/1/15 11:00:02 PM,VALID,18.0,VALID,18.185,VALID,18.6,VALID,17.9,VALID,71.9,VALID,69.953,VALID,72.0,VALID,66.5,VALID,12.853,VALID,12.605,VALID,12.927,VALID,12.14,VALID,793.6,VALID,793.443,VALID,793.6,VALID,793.3,VALID,-0.006,VALID,-0.014,VALID,0.016,VALID,-0.039,VALID,0.0,VALID,0.0,INVALID,0.0,VALID,0.0,VALID - DEFAULT VALUE,203.526,
