,,WXT510_1,,TA_Stat1h,,TA_Stat1h,,TA_Stat1h,,WXT510_1,,RH_Stat1h,,RH_Stat1h,,RH_Stat1h,,DP_1m,,DP_Stat1h,,DP_Stat1h,,DP_Stat1h,,WXT510_1,,PA_Stat1h,,PA_Stat1h,,PA_Stat1h,,SR_1m,,SR_Stat1h,,SR_Stat1h,,SR_Stat1h,,WXT510_1,,PR_Slide_Sum,,PR_Sum1h,,PR_Sum1h,,Evaporation,
time,status,TA,status,Avg,status,Max,status,Min,status,RH,status,Avg,status,Max,status,Min,status,DP,status,Avg,status,Max,status,Min,status,PA,status,Avg,status,Max,status,Min,status,Avg,status,Avg,status,Max,status,Min,status,Rain_amount,status,PR_Slide_Sum1h,status,PR_Sum1h_CurrHour,status,PR_Sum1h_PrevHour,status,value,
8/15/15 12:00:05 AM,VALID,17.3,VALID,17.428,VALID,17.8,VALID,17.2,VALID,61.2,VALID,60.198,VALID,61.3,VALID,56.5,VALID,9.752,VALID,9.624,VALID,9.842,VALID,9.032,VALID,794.3,VALID,794.033,VALID,794.3,VALID,793.8,VALID,0.008,VALID,0.005,VALID,0.031,VALID,-0.025,VALID,0.0,VALID,0.0,INVALID,0.0,VALID,0.0,VALID - DEFAULT VALUE,160.977,
8/15/15 1:00:02 AM,VALID,16.6,VALID,16.915,VALID,17.2,VALID,16.6,VALID,61.2,VALID,61.287,VALID,61.8,VALID,60.9,VALID,9.092,VALID,9.41,VALID,9.657,VALID,9.043,VALID,794.4,VALID,794.368,VALID,794.5,VALID,794.2,VALID,0.001,VALID,0.005,VALID,0.025,VALID,-0.015,VALID,0.0,VALID,0.0,INVALID,0.0,VALID,0.0,VALID - DEFAULT VALUE,161.003,
8/15/15 2:00:02 AM,VALID,15.7,VALID,16.095,VALID,16.6,VALID,15.7,VALID,62.7,VALID,62.163,VALID,63.7,VALID,60.8,VALID,8.6,VALID,8.845,VALID,9.092,VALID,8.553,VALID,794.1,VALID,794.222,VALID,794.3,VALID,794.1,VALID,0.005,VALID,0.017,VALID,0.043,VALID,-0.007,VALID,0.0,VALID,0.0,INVALID,0.0,VALID,0.0,VALID - DEFAULT VALUE,161.093,
8/15/15 3:00:02 AM,VALID,14.6,VALID,15.152,VALID,15.7,VALID,14.6,VALID,70.3,VALID,66.383,VALID,70.3,VALID,62.8,VALID,9.25,VALID,8.917,VALID,9.282,VALID,8.529,VALID,793.6,VALID,793.785,VALID,794.1,VALID,793.5,VALID,0.003,VALID,0.002,VALID,0.036,VALID,-0.031,VALID,0.0,VALID,0.0,INVALID,0.0,VALID,0.0,VALID - DEFAULT VALUE,161.105,
8/15/15 4:00:02 AM,VALID,13.9,VALID,14.217,VALID,14.6,VALID,13.9,VALID,74.3,VALID,72.783,VALID,74.3,VALID,70.3,VALID,9.399,VALID,9.395,VALID,9.572,VALID,9.25,VALID,793.0,VALID,793.157,VALID,793.5,VALID,793.0,VALID,0.005,VALID,0.002,VALID,0.029,VALID,-0.035,VALID,0.0,VALID,0.0,INVALID,0.0,VALID,0.0,VALID - DEFAULT VALUE,161.113,
8/15/15 5:00:02 AM,VALID,13.5,VALID,13.693,VALID,13.9,VALID,13.5,VALID,73.6,VALID,74.855,VALID,75.1,VALID,73.6,VALID,8.873,VALID,9.31,VALID,9.442,VALID,8.873,VALID,792.7,VALID,792.887,VALID,793.0,VALID,792.7,VALID,0.0,VALID,0.004,VALID,0.029,VALID,-0.018,VALID,0.0,VALID,0.0,INVALID,0.0,VALID,0.0,VALID - DEFAULT VALUE,161.125,
8/15/15 6:00:03 AM,VALID,13.0,VALID,13.283,VALID,13.5,VALID,13.0,VALID,75.5,VALID,74.028,VALID,75.5,VALID,73.3,VALID,8.768,VALID,8.749,VALID,8.893,VALID,8.627,VALID,792.7,VALID,792.67,VALID,792.8,VALID,792.6,VALID,0.005,VALID,0.005,VALID,0.054,VALID,-0.013,VALID,0.0,VALID,0.0,INVALID,0.0,VALID,0.0,VALID - DEFAULT VALUE,161.126,
8/15/15 7:00:02 AM,VALID,12.2,VALID,12.652,VALID,13.0,VALID,12.2,VALID,76.3,VALID,75.963,VALID,77.1,VALID,75.1,VALID,8.149,VALID,8.521,VALID,8.943,VALID,8.149,VALID,792.9,VALID,792.862,VALID,793.0,VALID,792.7,VALID,0.515,VALID,0.043,VALID,0.515,VALID,-0.006,VALID,0.0,VALID,0.0,INVALID,0.0,VALID,0.0,VALID - DEFAULT VALUE,161.152,
8/15/15 8:00:03 AM,VALID,13.0,VALID,12.295,VALID,13.0,VALID,12.1,VALID,71.5,VALID,75.122,VALID,77.3,VALID,71.5,VALID,7.964,VALID,8.008,VALID,8.244,VALID,7.832,VALID,793.4,VALID,793.18,VALID,793.4,VALID,792.9,VALID,24.206,VALID,12.887,VALID,24.206,VALID,0.534,VALID,0.0,VALID,0.0,INVALID,0.0,VALID,0.0,VALID - DEFAULT VALUE,161.127,
8/15/15 9:00:03 AM,VALID,15.0,VALID,14.295,VALID,15.1,VALID,13.1,VALID,57.7,VALID,65.597,VALID,71.4,VALID,57.1,VALID,6.721,VALID,7.899,VALID,8.46,VALID,6.569,VALID,793.6,VALID,793.665,VALID,793.8,VALID,793.4,VALID,28.403,VALID,28.643,VALID,31.395,VALID,24.239,VALID,0.0,VALID,0.0,INVALID,0.0,VALID,0.0,VALID - DEFAULT VALUE,161.272,
8/15/15 10:00:03 AM,VALID,17.2,VALID,16.085,VALID,17.2,VALID,14.9,VALID,50.9,VALID,53.422,VALID,58.3,VALID,50.1,VALID,6.938,VALID,6.596,VALID,7.233,VALID,5.97,VALID,793.7,VALID,793.643,VALID,793.7,VALID,793.6,VALID,36.42,VALID,35.759,VALID,115.858,VALID,28.442,VALID,0.0,VALID,0.0,INVALID,0.0,VALID,0.0,VALID - DEFAULT VALUE,161.441,
8/15/15 11:00:03 AM,VALID,19.6,VALID,18.442,VALID,19.6,VALID,17.2,VALID,39.0,VALID,46.588,VALID,51.9,VALID,37.0,VALID,5.257,VALID,6.705,VALID,7.641,VALID,4.501,VALID,793.6,VALID,793.628,VALID,793.7,VALID,793.5,VALID,802.678,VALID,286.262,VALID,802.678,VALID,36.431,VALID,0.0,VALID,0.0,INVALID,0.0,VALID,0.0,VALID - DEFAULT VALUE,161.553,
8/15/15 12:00:03 PM,VALID,21.6,VALID,20.603,VALID,21.6,VALID,19.7,VALID,35.7,VALID,36.88,VALID,39.7,VALID,34.5,VALID,5.759,VALID,5.335,VALID,5.798,VALID,4.906,VALID,793.4,VALID,793.472,VALID,793.7,VALID,793.3,VALID,934.958,VALID,869.923,VALID,934.958,VALID,800.559,VALID,0.0,VALID,0.0,INVALID,0.0,VALID,0.0,VALID - DEFAULT VALUE,161.786,
8/15/15 1:00:02 PM,VALID,22.0,VALID,22.183,VALID,23.3,VALID,21.3,VALID,34.7,VALID,33.745,VALID,35.9,VALID,31.1,VALID,5.701,VALID,5.449,VALID,6.233,VALID,5.084,VALID,792.7,VALID,793.067,VALID,793.4,VALID,792.7,VALID,1000.049,VALID,975.456,VALID,1008.048,VALID,935.962,VALID,0.0,VALID,0.0,INVALID,0.0,VALID,0.0,VALID - DEFAULT VALUE,162.144,
8/15/15 2:00:02 PM,VALID,24.2,VALID,23.652,VALID,24.4,VALID,22.2,VALID,30.8,VALID,30.99,VALID,34.1,VALID,29.8,VALID,5.9,VALID,5.505,VALID,6.092,VALID,4.985,VALID,792.2,VALID,792.448,VALID,792.7,VALID,792.2,VALID,1058.816,VALID,1023.72,VALID,1065.483,VALID,991.301,VALID,0.0,VALID,0.0,INVALID,0.0,VALID,0.0,VALID - DEFAULT VALUE,162.52,
8/15/15 3:00:02 PM,VALID,24.9,VALID,24.663,VALID,25.5,VALID,24.0,VALID,27.9,VALID,29.248,VALID,31.7,VALID,27.3,VALID,5.077,VALID,5.544,VALID,6.492,VALID,4.94,VALID,791.5,VALID,791.897,VALID,792.2,VALID,791.5,VALID,1060.934,VALID,1020.219,VALID,1124.691,VALID,153.858,VALID,0.0,VALID,0.0,INVALID,0.0,VALID,0.0,VALID - DEFAULT VALUE,163.221,
8/15/15 4:00:03 PM,VALID,26.2,VALID,25.082,VALID,26.2,VALID,24.3,VALID,25.2,VALID,27.143,VALID,29.0,VALID,25.1,VALID,4.723,VALID,4.827,VALID,5.813,VALID,4.152,VALID,790.9,VALID,791.297,VALID,791.6,VALID,790.9,VALID,901.174,VALID,1003.477,VALID,1105.586,VALID,245.343,VALID,0.0,VALID,0.0,INVALID,0.0,VALID,0.0,VALID - DEFAULT VALUE,163.887,
8/15/15 5:00:02 PM,VALID,26.1,VALID,25.608,VALID,26.5,VALID,24.8,VALID,26.5,VALID,25.907,VALID,27.5,VALID,24.2,VALID,5.361,VALID,4.611,VALID,5.811,VALID,3.638,VALID,790.2,VALID,790.572,VALID,790.9,VALID,790.2,VALID,717.205,VALID,564.507,VALID,1031.37,VALID,181.231,VALID,0.0,VALID,0.0,INVALID,0.0,VALID,0.0,VALID - DEFAULT VALUE,164.652,
8/15/15 6:00:02 PM,VALID,25.7,VALID,25.917,VALID,26.4,VALID,25.2,VALID,25.8,VALID,26.282,VALID,27.3,VALID,24.7,VALID,4.636,VALID,5.083,VALID,5.909,VALID,4.267,VALID,789.8,VALID,789.923,VALID,790.2,VALID,789.6,VALID,386.218,VALID,591.402,VALID,717.333,VALID,386.218,VALID,0.0,VALID,0.0,INVALID,0.0,VALID,0.0,VALID - DEFAULT VALUE,165.477,
8/15/15 7:00:02 PM,VALID,24.7,VALID,25.408,VALID,26.0,VALID,24.7,VALID,28.7,VALID,26.833,VALID,28.7,VALID,25.3,VALID,5.312,VALID,4.942,VALID,5.46,VALID,4.328,VALID,790.2,VALID,789.955,VALID,790.2,VALID,789.8,VALID,28.599,VALID,254.102,VALID,543.641,VALID,28.599,VALID,0.0,VALID,0.0,INVALID,0.0,VALID,0.0,VALID - DEFAULT VALUE,166.149,
8/15/15 8:00:03 PM,VALID,20.3,VALID,21.503,VALID,24.7,VALID,20.3,VALID,47.9,VALID,43.203,VALID,49.3,VALID,28.0,VALID,8.893,VALID,8.302,VALID,9.352,VALID,4.871,VALID,790.7,VALID,790.36,VALID,790.7,VALID,789.8,VALID,1.123,VALID,26.675,VALID,73.057,VALID,1.123,VALID,0.0,VALID,0.0,INVALID,0.0,VALID,0.0,VALID - DEFAULT VALUE,166.478,
8/15/15 9:00:03 PM,VALID,21.0,VALID,20.835,VALID,21.3,VALID,20.3,VALID,46.7,VALID,46.59,VALID,48.9,VALID,44.5,VALID,9.157,VALID,8.966,VALID,9.292,VALID,8.599,VALID,791.4,VALID,790.967,VALID,791.4,VALID,790.5,VALID,0.035,VALID,0.163,VALID,1.096,VALID,0.011,VALID,0.0,VALID,0.01,INVALID,0.0,VALID,0.01,VALID - DEFAULT VALUE,167.497,
8/15/15 10:00:03 PM,VALID,19.5,VALID,20.427,VALID,21.3,VALID,19.5,VALID,58.4,VALID,50.788,VALID,58.4,VALID,45.4,VALID,11.117,VALID,9.817,VALID,11.117,VALID,8.92,VALID,792.0,VALID,791.68,VALID,792.0,VALID,791.3,VALID,0.02,VALID,0.017,VALID,0.052,VALID,-0.013,VALID,0.0,VALID,0.0,INVALID,0.0,VALID,0.0,VALID - DEFAULT VALUE,167.589,
8/15/15 11:00:03 PM,VALID,18.9,VALID,19.263,VALID,19.5,VALID,18.9,VALID,57.6,VALID,57.492,VALID,59.0,VALID,56.5,VALID,10.348,VALID,10.658,VALID,11.177,VALID,10.243,VALID,793.0,VALID,792.543,VALID,793.0,VALID,792.1,VALID,0.043,VALID,0.016,VALID,0.047,VALID,-0.01,VALID,0.0,VALID,0.0,INVALID,0.0,VALID,0.0,VALID - DEFAULT VALUE,167.76,
