,,WXT510_1,,TA_Stat1h,,TA_Stat1h,,TA_Stat1h,,WXT510_1,,RH_Stat1h,,RH_Stat1h,,RH_Stat1h,,DP_1m,,DP_Stat1h,,DP_Stat1h,,DP_Stat1h,,WXT510_1,,PA_Stat1h,,PA_Stat1h,,PA_Stat1h,,SR_1m,,SR_Stat1h,,SR_Stat1h,,SR_Stat1h,,WXT510_1,,PR_Slide_Sum,,PR_Sum1h,,PR_Sum1h,,Evaporation,
time,status,TA,status,Avg,status,Max,status,Min,status,RH,status,Avg,status,Max,status,Min,status,DP,status,Avg,status,Max,status,Min,status,PA,status,Avg,status,Max,status,Min,status,Avg,status,Avg,status,Max,status,Min,status,Rain_amount,status,PR_Slide_Sum1h,status,PR_Sum1h_CurrHour,status,PR_Sum1h_PrevHour,status,value,
8/7/15 12:00:03 AM,VALID,16.6,VALID,16.487,VALID,16.7,VALID,16.3,VALID,72.4,VALID,74.273,VALID,80.6,VALID,69.7,VALID,11.612,VALID,11.879,VALID,13.053,VALID,11.038,VALID,793.6,VALID,793.518,VALID,793.6,VALID,793.5,VALID,-0.036,VALID,-0.027,VALID,0.031,VALID,-0.081,VALID,0.0,VALID,0.0,INVALID,0.0,VALID,0.0,VALID - DEFAULT VALUE,123.869,
8/7/15 1:00:03 AM,VALID,16.7,VALID,16.828,VALID,16.9,VALID,16.6,VALID,72.7,VALID,72.45,VALID,75.8,VALID,68.6,VALID,11.771,VALID,11.838,VALID,12.503,VALID,10.989,VALID,793.8,VALID,793.755,VALID,793.9,VALID,793.6,VALID,0.012,VALID,-0.02,VALID,0.038,VALID,-0.055,VALID,0.0,VALID,0.0,INVALID,0.0,VALID,0.0,VALID - DEFAULT VALUE,123.835,
8/7/15 2:00:02 AM,VALID,16.3,VALID,16.595,VALID,16.8,VALID,16.3,VALID,80.5,VALID,77.738,VALID,81.8,VALID,72.0,VALID,12.936,VALID,12.684,VALID,13.377,VALID,11.624,VALID,793.6,VALID,793.685,VALID,793.9,VALID,793.5,VALID,-0.012,VALID,-0.017,VALID,0.027,VALID,-0.06,VALID,0.0,VALID,0.0,INVALID,0.0,VALID,0.0,VALID - DEFAULT VALUE,123.812,
8/7/15 3:00:02 AM,VALID,16.5,VALID,16.432,VALID,16.5,VALID,16.3,VALID,74.8,VALID,77.97,VALID,80.9,VALID,74.6,VALID,12.01,VALID,12.574,VALID,13.012,VALID,11.97,VALID,792.8,VALID,793.132,VALID,793.6,VALID,792.7,VALID,0.018,VALID,0.007,VALID,0.042,VALID,-0.027,VALID,0.0,VALID,0.0,INVALID,0.0,VALID,0.0,VALID - DEFAULT VALUE,123.769,
8/7/15 4:00:03 AM,VALID,16.0,VALID,16.345,VALID,16.6,VALID,16.0,VALID,74.0,VALID,73.57,VALID,75.5,VALID,71.7,VALID,11.365,VALID,11.608,VALID,12.152,VALID,11.344,VALID,792.6,VALID,792.735,VALID,792.8,VALID,792.6,VALID,0.012,VALID,-0.022,VALID,0.024,VALID,-0.06,VALID,0.0,VALID,0.0,INVALID,0.0,VALID,0.0,VALID - DEFAULT VALUE,123.848,
8/7/15 5:00:03 AM,VALID,15.4,VALID,15.668,VALID,16.0,VALID,15.4,VALID,78.5,VALID,76.738,VALID,78.6,VALID,74.4,VALID,11.678,VALID,11.591,VALID,11.775,VALID,11.415,VALID,792.6,VALID,792.623,VALID,792.8,VALID,792.6,VALID,-0.039,VALID,-0.02,VALID,0.019,VALID,-0.042,VALID,0.0,VALID,0.0,INVALID,0.0,VALID,0.0,VALID - DEFAULT VALUE,123.827,
8/7/15 6:00:03 AM,VALID,14.7,VALID,15.045,VALID,15.4,VALID,14.7,VALID,83.1,VALID,80.91,VALID,84.1,VALID,78.0,VALID,11.859,VALID,11.787,VALID,12.139,VALID,11.484,VALID,792.9,VALID,792.788,VALID,792.9,VALID,792.6,VALID,-0.039,VALID,-0.02,VALID,0.013,VALID,-0.053,VALID,0.0,VALID,0.0,INVALID,0.0,VALID,0.0,VALID - DEFAULT VALUE,123.837,
8/7/15 7:00:03 AM,VALID,13.9,VALID,14.367,VALID,14.8,VALID,13.9,VALID,88.8,VALID,85.982,VALID,88.8,VALID,82.7,VALID,12.081,VALID,12.045,VALID,12.325,VALID,11.78,VALID,793.2,VALID,793.055,VALID,793.2,VALID,792.9,VALID,0.968,VALID,0.05,VALID,0.968,VALID,-0.058,VALID,0.0,VALID,0.0,INVALID,0.0,VALID,0.0,VALID - DEFAULT VALUE,123.803,
8/7/15 8:00:03 AM,VALID,14.6,VALID,14.3,VALID,14.6,VALID,13.9,VALID,84.0,VALID,87.022,VALID,89.4,VALID,83.9,VALID,11.925,VALID,12.165,VALID,12.378,VALID,11.907,VALID,793.6,VALID,793.287,VALID,793.6,VALID,793.1,VALID,36.358,VALID,29.412,VALID,52.386,VALID,0.996,VALID,0.0,VALID,0.0,INVALID,0.0,VALID,0.0,VALID - DEFAULT VALUE,123.802,
8/7/15 9:00:02 AM,VALID,16.1,VALID,15.302,VALID,16.1,VALID,14.6,VALID,72.9,VALID,78.993,VALID,84.1,VALID,72.9,VALID,11.235,VALID,11.662,VALID,12.071,VALID,11.139,VALID,793.9,VALID,793.667,VALID,793.9,VALID,793.5,VALID,43.004,VALID,40.054,VALID,43.462,VALID,36.377,VALID,0.0,VALID,0.0,INVALID,0.0,VALID,0.0,VALID - DEFAULT VALUE,123.801,
8/7/15 10:00:02 AM,VALID,18.8,VALID,17.425,VALID,18.8,VALID,16.1,VALID,61.8,VALID,66.787,VALID,73.3,VALID,61.7,VALID,11.313,VALID,11.161,VALID,11.487,VALID,10.75,VALID,794.0,VALID,793.95,VALID,794.0,VALID,793.8,VALID,53.005,VALID,47.342,VALID,53.005,VALID,42.962,VALID,0.0,VALID,0.0,INVALID,0.0,VALID,0.0,VALID - DEFAULT VALUE,123.833,
8/7/15 11:00:02 AM,VALID,20.2,VALID,19.298,VALID,20.2,VALID,18.7,VALID,52.6,VALID,58.252,VALID,62.6,VALID,52.3,VALID,10.196,VALID,10.869,VALID,11.508,VALID,10.111,VALID,793.6,VALID,793.815,VALID,794.0,VALID,793.6,VALID,125.45,VALID,95.033,VALID,352.988,VALID,53.075,VALID,0.0,VALID,0.0,INVALID,0.0,VALID,0.0,VALID - DEFAULT VALUE,123.857,
8/7/15 12:00:02 PM,VALID,22.5,VALID,21.463,VALID,22.5,VALID,20.3,VALID,37.3,VALID,44.623,VALID,54.5,VALID,37.0,VALID,7.194,VALID,8.777,VALID,10.958,VALID,6.76,VALID,793.3,VALID,793.447,VALID,793.6,VALID,793.3,VALID,937.915,VALID,792.258,VALID,937.915,VALID,101.471,VALID,0.0,VALID,0.0,INVALID,0.0,VALID,0.0,VALID - DEFAULT VALUE,124.006,
8/7/15 1:00:02 PM,VALID,23.5,VALID,23.1,VALID,24.1,VALID,22.3,VALID,36.4,VALID,36.835,VALID,39.5,VALID,34.3,VALID,7.722,VALID,7.535,VALID,8.455,VALID,6.94,VALID,792.8,VALID,793.03,VALID,793.3,VALID,792.8,VALID,1022.041,VALID,978.423,VALID,1022.041,VALID,938.177,VALID,0.0,VALID,0.0,INVALID,0.0,VALID,0.0,VALID - DEFAULT VALUE,124.294,
8/7/15 2:00:02 PM,VALID,24.8,VALID,24.395,VALID,25.0,VALID,23.5,VALID,32.8,VALID,34.113,VALID,37.1,VALID,31.3,VALID,7.338,VALID,7.546,VALID,8.403,VALID,6.674,VALID,792.2,VALID,792.473,VALID,792.8,VALID,792.2,VALID,1015.395,VALID,1015.055,VALID,1029.961,VALID,995.882,VALID,0.0,VALID,0.0,INVALID,0.0,VALID,0.0,VALID - DEFAULT VALUE,124.786,
8/7/15 3:00:02 PM,VALID,26.0,VALID,25.075,VALID,26.0,VALID,24.4,VALID,30.4,VALID,33.137,VALID,35.6,VALID,30.4,VALID,7.27,VALID,7.716,VALID,8.693,VALID,7.002,VALID,791.3,VALID,791.813,VALID,792.2,VALID,791.3,VALID,993.975,VALID,1013.383,VALID,1052.947,VALID,815.452,VALID,0.0,VALID,0.0,INVALID,0.0,VALID,0.0,VALID - DEFAULT VALUE,125.334,
8/7/15 4:00:03 PM,VALID,25.6,VALID,25.78,VALID,26.4,VALID,24.9,VALID,29.9,VALID,30.97,VALID,33.8,VALID,29.1,VALID,6.681,VALID,7.34,VALID,8.467,VALID,6.459,VALID,790.6,VALID,790.91,VALID,791.3,VALID,790.6,VALID,876.11,VALID,941.359,VALID,992.822,VALID,876.11,VALID,0.0,VALID,0.0,INVALID,0.0,VALID,0.0,VALID - DEFAULT VALUE,126.021,
8/7/15 5:00:03 PM,VALID,26.4,VALID,26.253,VALID,26.8,VALID,25.1,VALID,35.6,VALID,31.31,VALID,38.1,VALID,27.3,VALID,9.955,VALID,7.865,VALID,10.974,VALID,6.304,VALID,789.7,VALID,790.118,VALID,790.5,VALID,789.7,VALID,687.164,VALID,771.394,VALID,873.643,VALID,334.993,VALID,0.0,VALID,0.0,INVALID,0.0,VALID,0.0,VALID - DEFAULT VALUE,126.754,
8/7/15 6:00:03 PM,VALID,26.5,VALID,26.513,VALID,27.2,VALID,26.1,VALID,33.0,VALID,35.07,VALID,37.8,VALID,32.5,VALID,8.913,VALID,9.822,VALID,10.854,VALID,8.913,VALID,789.4,VALID,789.523,VALID,789.7,VALID,789.3,VALID,469.641,VALID,545.109,VALID,688.492,VALID,92.137,VALID,0.0,VALID,0.0,INVALID,0.0,VALID,0.0,VALID - DEFAULT VALUE,127.617,
8/7/15 7:00:03 PM,VALID,25.7,VALID,26.218,VALID,26.9,VALID,25.6,VALID,37.4,VALID,35.29,VALID,37.4,VALID,33.0,VALID,10.074,VALID,9.656,VALID,10.173,VALID,8.739,VALID,789.3,VALID,789.287,VALID,789.4,VALID,789.2,VALID,146.28,VALID,341.086,VALID,469.399,VALID,137.627,VALID,0.0,VALID,0.0,INVALID,0.0,VALID,0.0,VALID - DEFAULT VALUE,128.357,
8/7/15 8:00:03 PM,VALID,22.7,VALID,24.367,VALID,25.5,VALID,22.7,VALID,38.7,VALID,39.825,VALID,45.8,VALID,37.5,VALID,7.912,VALID,9.815,VALID,11.688,VALID,7.912,VALID,790.1,VALID,789.592,VALID,790.1,VALID,789.3,VALID,1.08,VALID,42.14,VALID,147.734,VALID,1.08,VALID,0.04,VALID,0.43,INVALID,0.0,VALID,0.43,VALID - DEFAULT VALUE,128.589,
8/7/15 9:00:04 PM,VALID,20.1,VALID,19.737,VALID,22.7,VALID,18.4,VALID,54.9,VALID,54.723,VALID,68.9,VALID,39.2,VALID,10.746,VALID,10.295,VALID,12.776,VALID,8.101,VALID,791.9,VALID,790.992,VALID,791.9,VALID,790.1,VALID,0.02,VALID,0.084,VALID,1.038,VALID,-0.001,VALID,0.0,VALID,6.15,INVALID,0.0,VALID,6.15,VALID - DEFAULT VALUE,126.669,
8/7/15 10:00:02 PM,VALID,19.5,VALID,19.632,VALID,20.0,VALID,19.4,VALID,56.4,VALID,55.257,VALID,57.4,VALID,52.0,VALID,10.592,VALID,10.404,VALID,11.137,VALID,9.378,VALID,792.4,VALID,792.12,VALID,792.4,VALID,791.8,VALID,0.034,VALID,0.016,VALID,0.055,VALID,-0.034,VALID,0.0,VALID,0.0,INVALID,0.0,VALID,0.0,VALID - DEFAULT VALUE,126.788,
8/7/15 11:00:02 PM,VALID,19.4,VALID,19.488,VALID,19.7,VALID,19.2,VALID,58.9,VALID,58.765,VALID,66.0,VALID,54.3,VALID,11.152,VALID,11.186,VALID,13.071,VALID,10.116,VALID,792.9,VALID,792.733,VALID,792.9,VALID,792.3,VALID,0.038,VALID,0.012,VALID,0.046,VALID,-0.018,VALID,0.0,VALID,0.06,INVALID,0.0,VALID,0.06,VALID - DEFAULT VALUE,126.755,
