,,WXT510_1,,TA_Stat1h,,TA_Stat1h,,TA_Stat1h,,WXT510_1,,RH_Stat1h,,RH_Stat1h,,RH_Stat1h,,DP_1m,,DP_Stat1h,,DP_Stat1h,,DP_Stat1h,,WXT510_1,,PA_Stat1h,,PA_Stat1h,,PA_Stat1h,,SR_1m,,SR_Stat1h,,SR_Stat1h,,SR_Stat1h,,WXT510_1,,PR_Slide_Sum,,PR_Sum1h,,PR_Sum1h,,Evaporation,
time,status,TA,status,Avg,status,Max,status,Min,status,RH,status,Avg,status,Max,status,Min,status,DP,status,Avg,status,Max,status,Min,status,PA,status,Avg,status,Max,status,Min,status,Avg,status,Avg,status,Max,status,Min,status,Rain_amount,status,PR_Slide_Sum1h,status,PR_Sum1h_CurrHour,status,PR_Sum1h_PrevHour,status,value,
8/14/15 12:00:03 AM,VALID,15.7,VALID,15.928,VALID,16.2,VALID,15.7,VALID,58.8,VALID,57.617,VALID,59.9,VALID,55.7,VALID,7.654,VALID,7.567,VALID,7.927,VALID,7.328,VALID,794.8,VALID,794.608,VALID,794.8,VALID,794.3,VALID,0.013,VALID,0.007,VALID,0.036,VALID,-0.021,VALID,0.0,VALID,0.0,INVALID,0.0,VALID,0.0,VALID - DEFAULT VALUE,154.403,
8/14/15 1:00:03 AM,VALID,16.2,VALID,15.848,VALID,16.2,VALID,15.5,VALID,57.2,VALID,59.032,VALID,60.9,VALID,57.2,VALID,7.718,VALID,7.848,VALID,8.098,VALID,7.604,VALID,794.7,VALID,794.823,VALID,794.9,VALID,794.7,VALID,0.004,VALID,0.002,VALID,0.038,VALID,-0.027,VALID,0.0,VALID,0.0,INVALID,0.0,VALID,0.0,VALID - DEFAULT VALUE,154.475,
8/14/15 2:00:02 AM,VALID,15.4,VALID,15.83,VALID,16.3,VALID,15.4,VALID,62.7,VALID,61.997,VALID,65.9,VALID,57.3,VALID,8.317,VALID,8.541,VALID,9.339,VALID,7.743,VALID,794.4,VALID,794.472,VALID,794.7,VALID,794.3,VALID,0.004,VALID,0.003,VALID,0.028,VALID,-0.02,VALID,0.0,VALID,0.0,INVALID,0.0,VALID,0.0,VALID - DEFAULT VALUE,154.555,
8/14/15 3:00:02 AM,VALID,15.0,VALID,15.185,VALID,15.5,VALID,14.9,VALID,61.9,VALID,62.343,VALID,63.8,VALID,59.8,VALID,7.75,VALID,8.028,VALID,8.645,VALID,7.149,VALID,794.0,VALID,794.213,VALID,794.4,VALID,794.0,VALID,-0.01,VALID,0.009,VALID,0.041,VALID,-0.028,VALID,0.0,VALID,0.0,INVALID,0.0,VALID,0.0,VALID - DEFAULT VALUE,154.569,
8/14/15 4:00:02 AM,VALID,13.8,VALID,14.195,VALID,15.0,VALID,13.8,VALID,72.0,VALID,68.37,VALID,72.0,VALID,61.1,VALID,8.836,VALID,8.431,VALID,8.87,VALID,7.464,VALID,793.4,VALID,793.713,VALID,794.0,VALID,793.4,VALID,0.007,VALID,0.011,VALID,0.048,VALID,-0.033,VALID,0.0,VALID,0.0,INVALID,0.0,VALID,0.0,VALID - DEFAULT VALUE,154.599,
8/14/15 5:00:02 AM,VALID,13.0,VALID,13.287,VALID,13.8,VALID,13.0,VALID,78.8,VALID,76.167,VALID,78.8,VALID,72.1,VALID,9.403,VALID,9.169,VALID,9.443,VALID,8.801,VALID,793.2,VALID,793.355,VALID,793.5,VALID,793.2,VALID,-0.003,VALID,0.002,VALID,0.03,VALID,-0.021,VALID,0.0,VALID,0.0,INVALID,0.0,VALID,0.0,VALID - DEFAULT VALUE,154.623,
8/14/15 6:00:03 AM,VALID,12.3,VALID,12.7,VALID,13.0,VALID,12.3,VALID,77.2,VALID,76.968,VALID,79.0,VALID,76.0,VALID,8.419,VALID,8.762,VALID,9.422,VALID,8.419,VALID,793.1,VALID,793.172,VALID,793.3,VALID,793.1,VALID,0.007,VALID,0.011,VALID,0.035,VALID,-0.015,VALID,0.0,VALID,0.0,INVALID,0.0,VALID,0.0,VALID - DEFAULT VALUE,154.661,
8/14/15 7:00:02 AM,VALID,11.3,VALID,11.822,VALID,12.3,VALID,11.3,VALID,76.9,VALID,77.222,VALID,78.4,VALID,76.2,VALID,7.392,VALID,7.959,VALID,8.438,VALID,7.258,VALID,793.2,VALID,793.153,VALID,793.2,VALID,793.1,VALID,0.806,VALID,0.054,VALID,0.806,VALID,-0.012,VALID,0.0,VALID,0.0,INVALID,0.0,VALID,0.0,VALID - DEFAULT VALUE,154.741,
8/14/15 8:00:02 AM,VALID,11.8,VALID,11.418,VALID,11.8,VALID,11.2,VALID,72.2,VALID,76.183,VALID,78.1,VALID,72.2,VALID,6.953,VALID,7.366,VALID,7.581,VALID,6.897,VALID,793.5,VALID,793.278,VALID,793.5,VALID,793.2,VALID,51.596,VALID,24.49,VALID,51.596,VALID,0.856,VALID,0.0,VALID,0.0,INVALID,0.0,VALID,0.0,VALID - DEFAULT VALUE,154.762,
8/14/15 9:00:03 AM,VALID,13.6,VALID,12.347,VALID,13.6,VALID,11.8,VALID,62.6,VALID,68.395,VALID,72.2,VALID,62.5,VALID,6.59,VALID,6.672,VALID,6.988,VALID,6.448,VALID,794.0,VALID,793.665,VALID,794.0,VALID,793.4,VALID,84.023,VALID,67.429,VALID,84.023,VALID,51.598,VALID,0.0,VALID,0.0,INVALID,0.0,VALID,0.0,VALID - DEFAULT VALUE,154.815,
8/14/15 10:00:03 AM,VALID,16.9,VALID,15.19,VALID,16.9,VALID,13.6,VALID,49.8,VALID,56.31,VALID,62.2,VALID,49.4,VALID,6.344,VALID,6.506,VALID,6.846,VALID,6.0,VALID,794.0,VALID,794.038,VALID,794.2,VALID,793.9,VALID,202.878,VALID,137.623,VALID,202.878,VALID,84.26,VALID,0.0,VALID,0.0,INVALID,0.0,VALID,0.0,VALID - DEFAULT VALUE,154.922,
8/14/15 11:00:03 AM,VALID,19.7,VALID,18.34,VALID,19.7,VALID,16.8,VALID,36.7,VALID,42.777,VALID,50.3,VALID,36.7,VALID,4.473,VALID,5.38,VALID,6.51,VALID,4.286,VALID,794.1,VALID,794.088,VALID,794.2,VALID,794.0,VALID,510.884,VALID,360.388,VALID,680.778,VALID,203.065,VALID,0.0,VALID,0.0,INVALID,0.0,VALID,0.0,VALID - DEFAULT VALUE,155.152,
8/14/15 12:00:03 PM,VALID,21.8,VALID,20.813,VALID,21.9,VALID,19.6,VALID,29.4,VALID,32.213,VALID,39.2,VALID,29.1,VALID,3.155,VALID,3.544,VALID,5.33,VALID,2.787,VALID,794.1,VALID,794.1,VALID,794.2,VALID,794.0,VALID,982.701,VALID,756.367,VALID,984.672,VALID,509.208,VALID,0.0,VALID,0.0,INVALID,0.0,VALID,0.0,VALID - DEFAULT VALUE,155.457,
8/14/15 1:00:03 PM,VALID,22.5,VALID,22.167,VALID,22.6,VALID,21.8,VALID,31.0,VALID,30.453,VALID,33.8,VALID,27.7,VALID,4.517,VALID,3.957,VALID,5.234,VALID,2.537,VALID,793.5,VALID,793.835,VALID,794.1,VALID,793.5,VALID,986.415,VALID,970.372,VALID,1034.929,VALID,790.077,VALID,0.0,VALID,0.0,INVALID,0.0,VALID,0.0,VALID - DEFAULT VALUE,155.861,
8/14/15 2:00:02 PM,VALID,23.2,VALID,22.963,VALID,23.8,VALID,21.6,VALID,29.4,VALID,30.035,VALID,32.8,VALID,28.2,VALID,4.365,VALID,4.456,VALID,5.478,VALID,3.688,VALID,793.1,VALID,793.328,VALID,793.6,VALID,793.1,VALID,1050.284,VALID,1020.977,VALID,1061.652,VALID,714.974,VALID,0.0,VALID,0.0,INVALID,0.0,VALID,0.0,VALID - DEFAULT VALUE,156.552,
8/14/15 3:00:02 PM,VALID,24.6,VALID,24.412,VALID,25.7,VALID,23.2,VALID,26.0,VALID,27.745,VALID,30.4,VALID,24.7,VALID,3.812,VALID,4.562,VALID,5.462,VALID,3.422,VALID,792.4,VALID,792.812,VALID,793.1,VALID,792.3,VALID,991.575,VALID,1024.55,VALID,1049.953,VALID,991.575,VALID,0.0,VALID,0.0,INVALID,0.0,VALID,0.0,VALID - DEFAULT VALUE,156.989,
8/14/15 4:00:02 PM,VALID,25.4,VALID,25.135,VALID,25.9,VALID,24.4,VALID,26.4,VALID,25.482,VALID,26.5,VALID,24.5,VALID,4.711,VALID,3.977,VALID,4.711,VALID,3.395,VALID,791.7,VALID,791.98,VALID,792.4,VALID,791.6,VALID,910.875,VALID,862.481,VALID,991.513,VALID,103.899,VALID,0.0,VALID,0.0,INVALID,0.0,VALID,0.0,VALID - DEFAULT VALUE,157.807,
8/14/15 5:00:02 PM,VALID,24.9,VALID,25.135,VALID,25.8,VALID,24.6,VALID,26.6,VALID,26.512,VALID,28.4,VALID,24.7,VALID,4.393,VALID,4.539,VALID,5.197,VALID,3.875,VALID,791.5,VALID,791.513,VALID,791.7,VALID,791.4,VALID,270.249,VALID,452.565,VALID,945.713,VALID,107.384,VALID,0.0,VALID,0.0,INVALID,0.0,VALID,0.0,VALID - DEFAULT VALUE,158.55,
8/14/15 6:00:02 PM,VALID,24.5,VALID,25.112,VALID,25.5,VALID,24.5,VALID,26.5,VALID,26.26,VALID,27.3,VALID,25.3,VALID,3.998,VALID,4.387,VALID,4.936,VALID,3.702,VALID,791.1,VALID,791.128,VALID,791.4,VALID,790.9,VALID,371.292,VALID,447.243,VALID,875.817,VALID,154.112,VALID,0.0,VALID,0.0,INVALID,0.0,VALID,0.0,VALID - DEFAULT VALUE,159.219,
8/14/15 7:00:02 PM,VALID,23.7,VALID,24.457,VALID,25.1,VALID,23.7,VALID,33.6,VALID,29.1,VALID,33.6,VALID,25.8,VALID,6.727,VALID,5.257,VALID,6.727,VALID,4.042,VALID,791.0,VALID,790.937,VALID,791.1,VALID,790.8,VALID,58.519,VALID,187.629,VALID,543.042,VALID,58.519,VALID,0.0,VALID,0.0,INVALID,0.0,VALID,0.0,VALID - DEFAULT VALUE,159.496,
8/14/15 8:00:02 PM,VALID,21.6,VALID,22.578,VALID,23.6,VALID,21.6,VALID,35.0,VALID,33.797,VALID,35.0,VALID,32.5,VALID,5.473,VALID,5.823,VALID,6.596,VALID,5.357,VALID,791.4,VALID,791.185,VALID,791.4,VALID,790.9,VALID,3.084,VALID,22.195,VALID,69.17,VALID,3.084,VALID,0.0,VALID,0.0,INVALID,0.0,VALID,0.0,VALID - DEFAULT VALUE,160.267,
8/14/15 9:00:03 PM,VALID,20.6,VALID,21.068,VALID,21.6,VALID,20.6,VALID,36.7,VALID,35.078,VALID,36.7,VALID,33.9,VALID,5.272,VALID,5.032,VALID,5.473,VALID,4.778,VALID,792.2,VALID,791.808,VALID,792.2,VALID,791.2,VALID,0.002,VALID,0.343,VALID,3.039,VALID,-0.019,VALID,0.0,VALID,0.0,INVALID,0.0,VALID,0.0,VALID - DEFAULT VALUE,160.737,
8/14/15 10:00:03 PM,VALID,19.2,VALID,19.882,VALID,20.6,VALID,19.2,VALID,51.1,VALID,44.202,VALID,51.5,VALID,36.7,VALID,8.841,VALID,7.24,VALID,9.02,VALID,5.261,VALID,793.1,VALID,792.563,VALID,793.1,VALID,792.2,VALID,0.018,VALID,-0.008,VALID,0.022,VALID,-0.044,VALID,0.0,VALID,0.0,INVALID,0.0,VALID,0.0,VALID - DEFAULT VALUE,160.888,
8/14/15 11:00:03 PM,VALID,17.9,VALID,18.67,VALID,19.2,VALID,17.9,VALID,56.4,VALID,52.513,VALID,56.4,VALID,50.5,VALID,9.099,VALID,8.749,VALID,9.421,VALID,7.958,VALID,793.7,VALID,793.437,VALID,793.7,VALID,793.1,VALID,-0.004,VALID,0.003,VALID,0.031,VALID,-0.018,VALID,0.0,VALID,0.0,INVALID,0.0,VALID,0.0,VALID - DEFAULT VALUE,160.881,
