,,WXT510_1,,TA_Stat1h,,TA_Stat1h,,TA_Stat1h,,WXT510_1,,RH_Stat1h,,RH_Stat1h,,RH_Stat1h,,DP_1m,,DP_Stat1h,,DP_Stat1h,,DP_Stat1h,,WXT510_1,,PA_Stat1h,,PA_Stat1h,,PA_Stat1h,,SR_1m,,SR_Stat1h,,SR_Stat1h,,SR_Stat1h,,WXT510_1,,PR_Slide_Sum,,PR_Sum1h,,PR_Sum1h,,Evaporation,
time,status,TA,status,Avg,status,Max,status,Min,status,RH,status,Avg,status,Max,status,Min,status,DP,status,Avg,status,Max,status,Min,status,PA,status,Avg,status,Max,status,Min,status,Avg,status,Avg,status,Max,status,Min,status,Rain_amount,status,PR_Slide_Sum1h,status,PR_Sum1h_CurrHour,status,PR_Sum1h_PrevHour,status,value,
8/29/15 12:00:03 AM,VALID,17.1,VALID,17.247,VALID,17.5,VALID,17.1,VALID,65.7,VALID,66.33,VALID,67.3,VALID,65.3,VALID,10.625,VALID,10.908,VALID,11.228,VALID,10.602,VALID,793.1,VALID,793.055,VALID,793.2,VALID,792.9,VALID,0.003,VALID,0.001,VALID,0.022,VALID,-0.027,VALID,0.0,VALID,0.0,INVALID,0.0,VALID,0.0,VALID - DEFAULT VALUE,191.272,
8/29/15 1:00:02 AM,VALID,16.7,VALID,16.927,VALID,17.1,VALID,16.7,VALID,67.3,VALID,66.893,VALID,67.6,VALID,65.8,VALID,10.606,VALID,10.73,VALID,10.825,VALID,10.606,VALID,792.8,VALID,793.077,VALID,793.2,VALID,792.8,VALID,0.003,VALID,0.01,VALID,0.035,VALID,-0.019,VALID,0.0,VALID,0.0,INVALID,0.0,VALID,0.0,VALID - DEFAULT VALUE,191.373,
8/29/15 2:00:02 AM,VALID,16.4,VALID,16.525,VALID,16.7,VALID,16.4,VALID,68.6,VALID,67.87,VALID,68.6,VALID,67.3,VALID,10.607,VALID,10.565,VALID,10.65,VALID,10.482,VALID,792.6,VALID,792.817,VALID,792.9,VALID,792.6,VALID,0.006,VALID,-0.003,VALID,0.042,VALID,-0.034,VALID,0.0,VALID,0.0,INVALID,0.0,VALID,0.0,VALID - DEFAULT VALUE,191.497,
8/29/15 3:00:02 AM,VALID,15.9,VALID,16.112,VALID,16.4,VALID,15.9,VALID,74.5,VALID,71.663,VALID,74.5,VALID,68.7,VALID,11.37,VALID,10.982,VALID,11.467,VALID,10.555,VALID,792.4,VALID,792.617,VALID,792.9,VALID,792.4,VALID,-0.012,VALID,-0.006,VALID,0.026,VALID,-0.029,VALID,0.0,VALID,0.0,INVALID,0.0,VALID,0.0,VALID - DEFAULT VALUE,191.503,
8/29/15 4:00:02 AM,VALID,15.7,VALID,15.802,VALID,15.9,VALID,15.7,VALID,73.8,VALID,74.193,VALID,75.2,VALID,73.1,VALID,11.035,VALID,11.213,VALID,11.415,VALID,11.035,VALID,792.1,VALID,792.26,VALID,792.4,VALID,792.1,VALID,0.0,VALID,0.003,VALID,0.023,VALID,-0.029,VALID,0.0,VALID,0.0,INVALID,0.0,VALID,0.0,VALID - DEFAULT VALUE,191.537,
8/29/15 5:00:02 AM,VALID,16.1,VALID,15.923,VALID,16.1,VALID,15.7,VALID,68.4,VALID,72.033,VALID,74.0,VALID,68.3,VALID,10.276,VALID,10.881,VALID,11.242,VALID,10.254,VALID,792.2,VALID,792.105,VALID,792.2,VALID,792.0,VALID,-0.007,VALID,0.013,VALID,0.053,VALID,-0.016,VALID,0.0,VALID,0.0,INVALID,0.0,VALID,0.0,VALID - DEFAULT VALUE,191.529,
8/29/15 6:00:03 AM,VALID,15.5,VALID,15.932,VALID,16.2,VALID,15.5,VALID,70.6,VALID,68.493,VALID,70.6,VALID,67.2,VALID,10.176,VALID,10.134,VALID,10.298,VALID,10.011,VALID,792.5,VALID,792.23,VALID,792.5,VALID,792.1,VALID,0.002,VALID,0.006,VALID,0.029,VALID,-0.017,VALID,0.0,VALID,0.0,INVALID,0.0,VALID,0.0,VALID - DEFAULT VALUE,191.557,
8/29/15 7:00:03 AM,VALID,15.0,VALID,15.3,VALID,15.5,VALID,15.0,VALID,77.3,VALID,73.45,VALID,77.3,VALID,70.7,VALID,11.057,VALID,10.572,VALID,11.154,VALID,10.197,VALID,792.9,VALID,792.85,VALID,793.1,VALID,792.5,VALID,0.052,VALID,0.021,VALID,0.055,VALID,-0.016,VALID,0.0,VALID,0.0,INVALID,0.0,VALID,0.0,VALID - DEFAULT VALUE,191.584,
8/29/15 8:00:03 AM,VALID,14.9,VALID,14.912,VALID,15.1,VALID,14.7,VALID,73.3,VALID,75.922,VALID,78.5,VALID,71.9,VALID,10.161,VALID,10.693,VALID,11.115,VALID,10.059,VALID,792.8,VALID,792.74,VALID,792.9,VALID,792.7,VALID,64.202,VALID,23.783,VALID,64.202,VALID,0.044,VALID,0.0,VALID,0.0,INVALID,0.0,VALID,0.0,VALID - DEFAULT VALUE,191.639,
8/29/15 9:00:03 AM,VALID,15.5,VALID,14.802,VALID,15.5,VALID,14.6,VALID,69.5,VALID,72.807,VALID,74.1,VALID,69.5,VALID,9.941,VALID,9.963,VALID,10.106,VALID,9.761,VALID,793.1,VALID,792.94,VALID,793.2,VALID,792.7,VALID,433.251,VALID,166.056,VALID,433.251,VALID,64.451,VALID,0.0,VALID,0.0,INVALID,0.0,VALID,0.0,VALID - DEFAULT VALUE,191.716,
8/29/15 10:00:02 AM,VALID,17.2,VALID,16.472,VALID,17.3,VALID,15.6,VALID,62.3,VALID,64.985,VALID,69.2,VALID,61.9,VALID,9.923,VALID,9.854,VALID,10.043,VALID,9.617,VALID,793.0,VALID,793.028,VALID,793.2,VALID,792.9,VALID,476.04,VALID,420.277,VALID,534.685,VALID,301.078,VALID,0.0,VALID,0.0,INVALID,0.0,VALID,0.0,VALID - DEFAULT VALUE,191.864,
8/29/15 11:00:02 AM,VALID,19.5,VALID,18.76,VALID,20.1,VALID,17.3,VALID,52.0,VALID,56.988,VALID,62.2,VALID,50.4,VALID,9.378,VALID,10.029,VALID,10.372,VALID,9.374,VALID,793.3,VALID,793.103,VALID,793.3,VALID,792.9,VALID,757.531,VALID,626.535,VALID,825.594,VALID,353.758,VALID,0.0,VALID,0.0,INVALID,0.0,VALID,0.0,VALID - DEFAULT VALUE,191.952,
8/29/15 12:00:02 PM,VALID,20.6,VALID,19.972,VALID,20.6,VALID,19.3,VALID,51.5,VALID,51.895,VALID,54.4,VALID,50.2,VALID,10.249,VALID,9.781,VALID,10.423,VALID,9.25,VALID,793.1,VALID,793.24,VALID,793.3,VALID,793.0,VALID,827.406,VALID,661.745,VALID,1007.343,VALID,331.793,VALID,0.0,VALID,0.0,INVALID,0.0,VALID,0.0,VALID - DEFAULT VALUE,192.233,
8/29/15 1:00:02 PM,VALID,22.3,VALID,21.077,VALID,22.3,VALID,19.8,VALID,42.2,VALID,47.747,VALID,52.6,VALID,42.2,VALID,8.832,VALID,9.518,VALID,10.602,VALID,8.466,VALID,792.7,VALID,792.887,VALID,793.1,VALID,792.7,VALID,830.23,VALID,891.148,VALID,1215.082,VALID,399.333,VALID,0.0,VALID,0.0,INVALID,0.0,VALID,0.0,VALID - DEFAULT VALUE,192.446,
8/29/15 2:00:02 PM,VALID,22.3,VALID,22.973,VALID,23.6,VALID,22.3,VALID,44.8,VALID,42.067,VALID,44.8,VALID,40.3,VALID,9.721,VALID,9.386,VALID,9.769,VALID,8.871,VALID,792.1,VALID,792.407,VALID,792.7,VALID,792.1,VALID,311.94,VALID,740.753,VALID,1170.605,VALID,268.148,VALID,0.0,VALID,0.0,INVALID,0.0,VALID,0.0,VALID - DEFAULT VALUE,193.112,
8/29/15 3:00:02 PM,VALID,22.0,VALID,22.303,VALID,22.6,VALID,22.0,VALID,47.4,VALID,45.435,VALID,47.7,VALID,44.1,VALID,10.292,VALID,9.932,VALID,10.569,VALID,9.396,VALID,791.6,VALID,791.908,VALID,792.2,VALID,791.5,VALID,260.91,VALID,273.734,VALID,419.856,VALID,225.628,VALID,0.0,VALID,0.0,INVALID,0.0,VALID,0.0,VALID - DEFAULT VALUE,193.554,
8/29/15 4:00:03 PM,VALID,22.6,VALID,22.292,VALID,22.8,VALID,22.0,VALID,46.1,VALID,46.87,VALID,47.8,VALID,45.3,VALID,10.422,VALID,10.388,VALID,10.895,VALID,9.829,VALID,790.8,VALID,791.155,VALID,791.6,VALID,790.8,VALID,288.573,VALID,314.781,VALID,373.72,VALID,257.489,VALID,0.0,VALID,0.0,INVALID,0.0,VALID,0.0,VALID - DEFAULT VALUE,193.233,
8/29/15 5:00:03 PM,VALID,22.8,VALID,22.44,VALID,22.9,VALID,21.9,VALID,44.6,VALID,45.605,VALID,47.1,VALID,44.3,VALID,10.108,VALID,10.113,VALID,10.562,VALID,9.372,VALID,790.2,VALID,790.458,VALID,790.8,VALID,790.2,VALID,267.221,VALID,319.943,VALID,412.956,VALID,260.957,VALID,0.0,VALID,0.0,INVALID,0.0,VALID,0.0,VALID - DEFAULT VALUE,194.241,
8/29/15 6:00:03 PM,VALID,22.3,VALID,22.502,VALID,22.8,VALID,22.3,VALID,47.6,VALID,46.822,VALID,48.2,VALID,44.9,VALID,10.629,VALID,10.564,VALID,10.994,VALID,10.134,VALID,790.2,VALID,790.205,VALID,790.3,VALID,790.1,VALID,215.878,VALID,221.976,VALID,264.247,VALID,199.534,VALID,0.0,VALID,0.0,INVALID,0.0,VALID,0.0,VALID - DEFAULT VALUE,194.553,
8/29/15 7:00:03 PM,VALID,21.8,VALID,22.157,VALID,22.4,VALID,21.8,VALID,50.2,VALID,48.557,VALID,50.6,VALID,46.8,VALID,10.971,VALID,10.793,VALID,11.367,VALID,10.283,VALID,790.1,VALID,790.062,VALID,790.2,VALID,789.8,VALID,46.223,VALID,153.498,VALID,405.707,VALID,46.223,VALID,0.0,VALID,0.0,INVALID,0.0,VALID,0.0,VALID - DEFAULT VALUE,194.848,
8/29/15 8:00:03 PM,VALID,19.9,VALID,21.552,VALID,21.9,VALID,19.9,VALID,60.6,VALID,52.278,VALID,60.6,VALID,50.1,VALID,12.053,VALID,11.337,VALID,12.073,VALID,11.001,VALID,791.0,VALID,790.495,VALID,791.0,VALID,790.1,VALID,0.117,VALID,13.194,VALID,45.797,VALID,0.117,VALID,0.0,VALID,0.0,INVALID,0.0,VALID,0.0,VALID - DEFAULT VALUE,191.423,
8/29/15 9:00:03 PM,VALID,16.9,VALID,17.182,VALID,19.8,VALID,16.6,VALID,81.2,VALID,79.352,VALID,85.2,VALID,61.3,VALID,13.654,VALID,13.518,VALID,14.102,VALID,11.969,VALID,791.6,VALID,791.25,VALID,791.6,VALID,790.8,VALID,-0.014,VALID,0.004,VALID,0.119,VALID,-0.027,VALID,0.0,VALID,6.31,INVALID,0.0,VALID,6.31,VALID - DEFAULT VALUE,191.885,
8/29/15 10:00:02 PM,VALID,17.7,VALID,17.422,VALID,17.7,VALID,17.0,VALID,74.1,VALID,78.365,VALID,80.9,VALID,73.7,VALID,13.025,VALID,13.611,VALID,14.008,VALID,12.942,VALID,792.3,VALID,792.008,VALID,792.3,VALID,791.6,VALID,0.015,VALID,0.003,VALID,0.032,VALID,-0.024,VALID,0.0,VALID,0.0,INVALID,0.0,VALID,0.0,VALID - DEFAULT VALUE,191.97,
8/29/15 11:00:02 PM,VALID,16.9,VALID,17.5,VALID,17.8,VALID,16.9,VALID,79.3,VALID,75.678,VALID,81.1,VALID,71.6,VALID,13.29,VALID,13.148,VALID,14.123,VALID,12.405,VALID,793.1,VALID,792.755,VALID,793.1,VALID,792.3,VALID,0.001,VALID,0.004,VALID,0.023,VALID,-0.022,VALID,0.0,VALID,0.0,INVALID,0.0,VALID,0.0,VALID - DEFAULT VALUE,192.02,
