,,WXT510_1,,TA_Stat1h,,TA_Stat1h,,TA_Stat1h,,WXT510_1,,RH_Stat1h,,RH_Stat1h,,RH_Stat1h,,DP_1m,,DP_Stat1h,,DP_Stat1h,,DP_Stat1h,,WXT510_1,,PA_Stat1h,,PA_Stat1h,,PA_Stat1h,,SR_1m,,SR_Stat1h,,SR_Stat1h,,SR_Stat1h,,WXT510_1,,PR_Slide_Sum,,PR_Sum1h,,PR_Sum1h,,Evaporation,
time,status,TA,status,Avg,status,Max,status,Min,status,RH,status,Avg,status,Max,status,Min,status,DP,status,Avg,status,Max,status,Min,status,PA,status,Avg,status,Max,status,Min,status,Avg,status,Avg,status,Max,status,Min,status,Rain_amount,status,PR_Slide_Sum1h,status,PR_Sum1h_CurrHour,status,PR_Sum1h_PrevHour,status,value,
9/7/15 12:00:04 AM,VALID,16.8,VALID,16.913,VALID,17.0,VALID,16.8,VALID,74.5,VALID,74.503,VALID,76.2,VALID,71.6,VALID,12.239,VALID,12.348,VALID,12.68,VALID,11.774,VALID,793.7,VALID,793.757,VALID,793.9,VALID,793.7,VALID,0.03,VALID,0.01,VALID,0.032,VALID,-0.02,VALID,0.0,VALID,0.0,INVALID,0.0,VALID,0.0,VALID - DEFAULT VALUE,156.974,
9/7/15 1:00:02 AM,VALID,15.8,VALID,16.37,VALID,16.9,VALID,15.8,VALID,80.1,VALID,76.733,VALID,80.1,VALID,72.9,VALID,12.373,VALID,12.267,VALID,12.409,VALID,12.005,VALID,793.9,VALID,793.805,VALID,793.9,VALID,793.7,VALID,-0.009,VALID,0.002,VALID,0.036,VALID,-0.022,VALID,0.0,VALID,0.0,INVALID,0.0,VALID,0.0,VALID - DEFAULT VALUE,157.025,
9/7/15 2:00:02 AM,VALID,15.0,VALID,15.302,VALID,15.8,VALID,15.0,VALID,82.6,VALID,82.157,VALID,83.2,VALID,80.1,VALID,12.061,VALID,12.273,VALID,12.512,VALID,12.024,VALID,793.4,VALID,793.548,VALID,793.9,VALID,793.4,VALID,0.037,VALID,0.005,VALID,0.047,VALID,-0.024,VALID,0.0,VALID,0.0,INVALID,0.0,VALID,0.0,VALID - DEFAULT VALUE,157.053,
9/7/15 3:00:02 AM,VALID,14.5,VALID,14.618,VALID,14.9,VALID,14.5,VALID,81.3,VALID,82.302,VALID,85.1,VALID,78.9,VALID,11.332,VALID,11.63,VALID,12.149,VALID,10.88,VALID,793.0,VALID,793.18,VALID,793.4,VALID,793.0,VALID,0.015,VALID,0.007,VALID,0.046,VALID,-0.028,VALID,0.0,VALID,0.0,INVALID,0.0,VALID,0.0,VALID - DEFAULT VALUE,157.064,
9/7/15 4:00:02 AM,VALID,13.6,VALID,14.002,VALID,14.5,VALID,13.6,VALID,83.1,VALID,81.933,VALID,84.8,VALID,79.4,VALID,10.783,VALID,10.96,VALID,11.258,VALID,10.638,VALID,792.8,VALID,792.955,VALID,793.1,VALID,792.8,VALID,0.02,VALID,-0.005,VALID,0.029,VALID,-0.03,VALID,0.0,VALID,0.0,INVALID,0.0,VALID,0.0,VALID - DEFAULT VALUE,157.087,
9/7/15 5:00:02 AM,VALID,13.3,VALID,13.447,VALID,13.6,VALID,13.3,VALID,83.0,VALID,82.47,VALID,83.4,VALID,81.5,VALID,10.472,VALID,10.519,VALID,10.819,VALID,10.308,VALID,792.4,VALID,792.553,VALID,792.8,VALID,792.4,VALID,-0.002,VALID,-0.0,VALID,0.028,VALID,-0.036,VALID,0.0,VALID,0.0,INVALID,0.0,VALID,0.0,VALID - DEFAULT VALUE,157.127,
9/7/15 6:00:03 AM,VALID,13.1,VALID,13.067,VALID,13.2,VALID,12.9,VALID,80.6,VALID,82.717,VALID,85.0,VALID,80.2,VALID,9.837,VALID,10.19,VALID,10.535,VALID,9.665,VALID,792.7,VALID,792.543,VALID,792.7,VALID,792.4,VALID,-0.017,VALID,0.008,VALID,0.039,VALID,-0.033,VALID,0.0,VALID,0.0,INVALID,0.0,VALID,0.0,VALID - DEFAULT VALUE,157.178,
9/7/15 7:00:02 AM,VALID,12.4,VALID,12.635,VALID,13.1,VALID,12.4,VALID,86.2,VALID,84.84,VALID,86.8,VALID,79.5,VALID,10.157,VALID,10.144,VALID,10.532,VALID,9.632,VALID,792.6,VALID,792.565,VALID,792.7,VALID,792.5,VALID,0.075,VALID,0.022,VALID,0.075,VALID,-0.006,VALID,0.0,VALID,0.0,INVALID,0.0,VALID,0.0,VALID - DEFAULT VALUE,157.204,
9/7/15 8:00:03 AM,VALID,12.5,VALID,12.272,VALID,12.5,VALID,12.1,VALID,86.9,VALID,87.453,VALID,88.5,VALID,86.1,VALID,10.376,VALID,10.246,VALID,10.398,VALID,10.128,VALID,793.1,VALID,792.748,VALID,793.2,VALID,792.5,VALID,80.112,VALID,33.537,VALID,100.129,VALID,0.078,VALID,0.0,VALID,0.01,INVALID,0.0,VALID,0.01,VALID - DEFAULT VALUE,157.175,
9/7/15 9:00:03 AM,VALID,14.2,VALID,13.31,VALID,14.2,VALID,12.5,VALID,81.0,VALID,84.883,VALID,87.6,VALID,80.9,VALID,10.984,VALID,10.813,VALID,11.159,VALID,10.376,VALID,793.7,VALID,793.342,VALID,793.7,VALID,793.1,VALID,332.451,VALID,215.589,VALID,337.553,VALID,79.607,VALID,0.0,VALID,0.0,INVALID,0.0,VALID,0.0,VALID - DEFAULT VALUE,157.217,
9/7/15 10:00:03 AM,VALID,16.7,VALID,15.277,VALID,16.7,VALID,14.3,VALID,69.1,VALID,76.993,VALID,80.6,VALID,69.1,VALID,11.003,VALID,11.252,VALID,11.652,VALID,10.932,VALID,793.9,VALID,793.722,VALID,793.9,VALID,793.7,VALID,616.557,VALID,466.773,VALID,616.557,VALID,315.914,VALID,0.0,VALID,0.0,INVALID,0.0,VALID,0.0,VALID - DEFAULT VALUE,157.287,
9/7/15 11:00:03 AM,VALID,19.1,VALID,17.793,VALID,19.1,VALID,16.7,VALID,56.6,VALID,61.797,VALID,70.2,VALID,55.9,VALID,10.272,VALID,10.322,VALID,11.547,VALID,9.619,VALID,794.2,VALID,794.127,VALID,794.3,VALID,793.9,VALID,778.155,VALID,696.157,VALID,778.155,VALID,594.385,VALID,0.0,VALID,0.0,INVALID,0.0,VALID,0.0,VALID - DEFAULT VALUE,157.309,
9/7/15 12:00:03 PM,VALID,20.9,VALID,19.633,VALID,20.9,VALID,18.8,VALID,46.3,VALID,53.33,VALID,57.4,VALID,46.3,VALID,8.938,VALID,9.856,VALID,10.258,VALID,8.938,VALID,793.6,VALID,793.883,VALID,794.2,VALID,793.6,VALID,921.886,VALID,851.9,VALID,929.474,VALID,778.961,VALID,0.0,VALID,0.0,INVALID,0.0,VALID,0.0,VALID - DEFAULT VALUE,157.504,
9/7/15 1:00:02 PM,VALID,23.3,VALID,21.83,VALID,23.4,VALID,20.7,VALID,40.1,VALID,44.49,VALID,48.7,VALID,39.1,VALID,8.973,VALID,9.153,VALID,9.964,VALID,7.796,VALID,793.0,VALID,793.303,VALID,793.6,VALID,793.0,VALID,983.787,VALID,964.647,VALID,996.123,VALID,919.811,VALID,0.0,VALID,0.0,INVALID,0.0,VALID,0.0,VALID - DEFAULT VALUE,157.637,
9/7/15 2:00:02 PM,VALID,24.1,VALID,23.313,VALID,24.3,VALID,22.5,VALID,36.1,VALID,38.082,VALID,41.3,VALID,34.6,VALID,8.131,VALID,8.206,VALID,9.411,VALID,7.314,VALID,792.2,VALID,792.568,VALID,793.0,VALID,792.2,VALID,1001.471,VALID,998.871,VALID,1016.089,VALID,975.932,VALID,0.0,VALID,0.0,INVALID,0.0,VALID,0.0,VALID - DEFAULT VALUE,158.025,
9/7/15 3:00:02 PM,VALID,24.6,VALID,24.54,VALID,25.2,VALID,23.9,VALID,34.9,VALID,35.165,VALID,37.6,VALID,32.8,VALID,8.074,VALID,8.127,VALID,8.644,VALID,7.516,VALID,791.2,VALID,791.653,VALID,792.1,VALID,791.2,VALID,938.513,VALID,964.365,VALID,1000.46,VALID,782.275,VALID,0.0,VALID,0.0,INVALID,0.0,VALID,0.0,VALID - DEFAULT VALUE,158.593,
9/7/15 4:00:03 PM,VALID,25.4,VALID,25.318,VALID,26.5,VALID,24.6,VALID,33.3,VALID,33.37,VALID,34.8,VALID,31.5,VALID,8.085,VALID,8.04,VALID,8.611,VALID,7.69,VALID,790.3,VALID,790.762,VALID,791.2,VALID,790.3,VALID,829.303,VALID,879.103,VALID,936.629,VALID,403.751,VALID,0.0,VALID,0.0,INVALID,0.0,VALID,0.0,VALID - DEFAULT VALUE,159.261,
9/7/15 5:00:02 PM,VALID,26.3,VALID,25.823,VALID,26.5,VALID,25.2,VALID,35.3,VALID,33.038,VALID,35.6,VALID,31.1,VALID,9.74,VALID,8.332,VALID,9.778,VALID,7.784,VALID,789.8,VALID,790.058,VALID,790.3,VALID,789.8,VALID,348.44,VALID,708.361,VALID,829.114,VALID,197.277,VALID,0.0,VALID,0.0,INVALID,0.0,VALID,0.0,VALID - DEFAULT VALUE,159.898,
9/7/15 6:00:02 PM,VALID,23.8,VALID,24.317,VALID,26.3,VALID,23.5,VALID,48.8,VALID,44.48,VALID,48.8,VALID,34.9,VALID,12.378,VALID,11.397,VALID,12.429,VALID,9.57,VALID,789.6,VALID,789.652,VALID,789.8,VALID,789.5,VALID,366.451,VALID,367.708,VALID,700.893,VALID,109.374,VALID,0.0,VALID,0.0,INVALID,0.0,VALID,0.0,VALID - DEFAULT VALUE,160.834,
9/7/15 7:00:03 PM,VALID,22.9,VALID,23.082,VALID,24.0,VALID,22.6,VALID,54.0,VALID,51.983,VALID,54.6,VALID,48.8,VALID,13.096,VALID,12.674,VALID,13.096,VALID,12.287,VALID,789.7,VALID,789.583,VALID,789.7,VALID,789.5,VALID,141.663,VALID,242.65,VALID,365.657,VALID,141.663,VALID,0.0,VALID,0.0,INVALID,0.0,VALID,0.0,VALID - DEFAULT VALUE,161.499,
9/7/15 8:00:03 PM,VALID,20.6,VALID,21.385,VALID,22.9,VALID,20.6,VALID,70.2,VALID,61.747,VALID,70.2,VALID,54.2,VALID,14.978,VALID,13.712,VALID,14.978,VALID,13.144,VALID,791.0,VALID,790.152,VALID,791.0,VALID,789.7,VALID,-0.012,VALID,56.417,VALID,141.189,VALID,-0.012,VALID,0.14,VALID,0.8,INVALID,0.0,VALID,0.8,VALID - DEFAULT VALUE,161.768,
9/7/15 9:00:03 PM,VALID,17.6,VALID,17.78,VALID,20.6,VALID,16.9,VALID,84.6,VALID,78.737,VALID,85.1,VALID,71.0,VALID,14.973,VALID,14.011,VALID,15.329,VALID,12.632,VALID,791.3,VALID,791.265,VALID,791.4,VALID,791.0,VALID,-0.016,VALID,-0.001,VALID,0.046,VALID,-0.032,VALID,0.0,VALID,3.1,INVALID,0.0,VALID,3.1,VALID - DEFAULT VALUE,160.231,
9/7/15 10:00:03 PM,VALID,18.0,VALID,18.098,VALID,18.3,VALID,17.7,VALID,83.9,VALID,83.23,VALID,85.5,VALID,81.1,VALID,15.235,VALID,15.205,VALID,15.671,VALID,14.774,VALID,792.5,VALID,791.878,VALID,792.5,VALID,791.4,VALID,0.047,VALID,-0.006,VALID,0.057,VALID,-0.036,VALID,0.0,VALID,0.0,INVALID,0.0,VALID,0.0,VALID - DEFAULT VALUE,160.186,
9/7/15 11:00:03 PM,VALID,17.8,VALID,17.918,VALID,18.1,VALID,17.8,VALID,72.1,VALID,75.437,VALID,84.8,VALID,71.0,VALID,12.703,VALID,13.499,VALID,15.402,VALID,12.468,VALID,792.9,VALID,792.775,VALID,793.0,VALID,792.5,VALID,0.001,VALID,0.008,VALID,0.067,VALID,-0.019,VALID,0.0,VALID,0.0,INVALID,0.0,VALID,0.0,VALID - DEFAULT VALUE,160.377,
