,,WXT510_1,,TA_Stat1h,,TA_Stat1h,,TA_Stat1h,,WXT510_1,,RH_Stat1h,,RH_Stat1h,,RH_Stat1h,,DP_1m,,DP_Stat1h,,DP_Stat1h,,DP_Stat1h,,WXT510_1,,PA_Stat1h,,PA_Stat1h,,PA_Stat1h,,SR_1m,,SR_Stat1h,,SR_Stat1h,,SR_Stat1h,,WXT510_1,,PR_Slide_Sum,,PR_Sum1h,,PR_Sum1h,,Evaporation,
time,status,TA,status,Avg,status,Max,status,Min,status,RH,status,Avg,status,Max,status,Min,status,DP,status,Avg,status,Max,status,Min,status,PA,status,Avg,status,Max,status,Min,status,Avg,status,Avg,status,Max,status,Min,status,Rain_amount,status,PR_Slide_Sum1h,status,PR_Sum1h_CurrHour,status,PR_Sum1h_PrevHour,status,value,
8/13/15 12:00:04 AM,VALID,16.2,VALID,17.04,VALID,17.8,VALID,16.2,VALID,61.8,VALID,54.972,VALID,61.8,VALID,48.3,VALID,8.859,VALID,7.865,VALID,8.881,VALID,6.724,VALID,793.7,VALID,793.848,VALID,794.1,VALID,793.7,VALID,0.006,VALID,0.008,VALID,0.064,VALID,-0.032,VALID,0.0,VALID,0.0,INVALID,0.0,VALID,0.0,VALID - DEFAULT VALUE,150.348,
8/13/15 1:00:03 AM,VALID,15.1,VALID,15.493,VALID,16.2,VALID,15.1,VALID,64.9,VALID,64.358,VALID,65.5,VALID,61.9,VALID,8.542,VALID,8.788,VALID,9.071,VALID,8.542,VALID,794.2,VALID,793.967,VALID,794.2,VALID,793.7,VALID,0.001,VALID,0.01,VALID,0.029,VALID,-0.006,VALID,0.0,VALID,0.0,INVALID,0.0,VALID,0.0,VALID - DEFAULT VALUE,150.332,
8/13/15 2:00:03 AM,VALID,14.5,VALID,14.813,VALID,15.1,VALID,14.5,VALID,65.9,VALID,65.22,VALID,66.1,VALID,64.4,VALID,8.197,VALID,8.341,VALID,8.542,VALID,8.175,VALID,793.5,VALID,793.763,VALID,794.1,VALID,793.5,VALID,-0.002,VALID,0.015,VALID,0.045,VALID,-0.013,VALID,0.0,VALID,0.0,INVALID,0.0,VALID,0.0,VALID - DEFAULT VALUE,150.357,
8/13/15 3:00:02 AM,VALID,13.9,VALID,14.322,VALID,14.6,VALID,13.9,VALID,67.8,VALID,66.0,VALID,67.9,VALID,64.9,VALID,8.044,VALID,8.048,VALID,8.242,VALID,7.917,VALID,793.1,VALID,793.233,VALID,793.5,VALID,793.0,VALID,-0.019,VALID,0.0,VALID,0.034,VALID,-0.031,VALID,0.0,VALID,0.0,INVALID,0.0,VALID,0.0,VALID - DEFAULT VALUE,150.537,
8/13/15 4:00:02 AM,VALID,13.8,VALID,13.848,VALID,13.9,VALID,13.8,VALID,67.3,VALID,67.338,VALID,67.8,VALID,67.1,VALID,7.84,VALID,7.894,VALID,8.044,VALID,7.818,VALID,793.4,VALID,793.047,VALID,793.4,VALID,792.6,VALID,0.012,VALID,-0.005,VALID,0.034,VALID,-0.04,VALID,0.0,VALID,0.0,INVALID,0.0,VALID,0.0,VALID - DEFAULT VALUE,150.53,
8/13/15 5:00:02 AM,VALID,14.3,VALID,14.068,VALID,14.3,VALID,13.8,VALID,66.2,VALID,66.657,VALID,67.4,VALID,65.9,VALID,8.074,VALID,7.954,VALID,8.207,VALID,7.818,VALID,793.6,VALID,793.462,VALID,793.6,VALID,793.4,VALID,0.005,VALID,0.01,VALID,0.04,VALID,-0.017,VALID,0.0,VALID,0.0,INVALID,0.0,VALID,0.0,VALID - DEFAULT VALUE,150.524,
8/13/15 6:00:03 AM,VALID,13.8,VALID,14.195,VALID,14.4,VALID,13.8,VALID,70.2,VALID,67.162,VALID,70.2,VALID,65.8,VALID,8.461,VALID,8.184,VALID,8.473,VALID,7.984,VALID,792.7,VALID,793.208,VALID,793.6,VALID,792.7,VALID,0.01,VALID,-0.003,VALID,0.026,VALID,-0.029,VALID,0.0,VALID,0.0,INVALID,0.0,VALID,0.0,VALID - DEFAULT VALUE,150.592,
8/13/15 7:00:02 AM,VALID,13.8,VALID,13.547,VALID,13.8,VALID,13.3,VALID,69.3,VALID,71.763,VALID,73.6,VALID,69.3,VALID,8.271,VALID,8.542,VALID,8.68,VALID,8.271,VALID,792.2,VALID,792.503,VALID,792.7,VALID,792.2,VALID,0.244,VALID,0.028,VALID,0.244,VALID,-0.011,VALID,0.0,VALID,0.0,INVALID,0.0,VALID,0.0,VALID - DEFAULT VALUE,150.611,
8/13/15 8:00:02 AM,VALID,14.6,VALID,14.188,VALID,14.6,VALID,13.8,VALID,67.3,VALID,68.812,VALID,69.5,VALID,67.3,VALID,8.603,VALID,8.537,VALID,8.792,VALID,8.25,VALID,792.8,VALID,792.457,VALID,792.8,VALID,792.2,VALID,87.978,VALID,34.036,VALID,87.978,VALID,0.258,VALID,0.0,VALID,0.0,INVALID,0.0,VALID,0.0,VALID - DEFAULT VALUE,150.654,
8/13/15 9:00:02 AM,VALID,16.3,VALID,15.463,VALID,16.3,VALID,14.6,VALID,61.4,VALID,63.958,VALID,67.4,VALID,61.0,VALID,8.857,VALID,8.663,VALID,8.857,VALID,8.473,VALID,793.2,VALID,792.937,VALID,793.2,VALID,792.7,VALID,151.986,VALID,126.222,VALID,153.072,VALID,88.272,VALID,0.0,VALID,0.0,INVALID,0.0,VALID,0.0,VALID - DEFAULT VALUE,150.76,
8/13/15 10:00:03 AM,VALID,17.4,VALID,17.083,VALID,17.6,VALID,16.4,VALID,58.4,VALID,59.113,VALID,60.9,VALID,57.4,VALID,9.148,VALID,9.029,VALID,9.3,VALID,8.718,VALID,793.5,VALID,793.395,VALID,793.6,VALID,793.2,VALID,127.693,VALID,163.718,VALID,185.72,VALID,127.693,VALID,0.0,VALID,0.0,INVALID,0.0,VALID,0.0,VALID - DEFAULT VALUE,150.941,
8/13/15 11:00:03 AM,VALID,19.2,VALID,18.65,VALID,19.6,VALID,17.5,VALID,50.6,VALID,53.255,VALID,57.7,VALID,49.8,VALID,8.696,VALID,8.929,VALID,9.193,VALID,8.641,VALID,793.7,VALID,793.64,VALID,793.7,VALID,793.6,VALID,821.924,VALID,283.19,VALID,830.779,VALID,69.551,VALID,0.0,VALID,0.0,INVALID,0.0,VALID,0.0,VALID - DEFAULT VALUE,151.04,
8/13/15 12:00:03 PM,VALID,21.6,VALID,20.387,VALID,21.6,VALID,18.9,VALID,44.5,VALID,47.632,VALID,52.1,VALID,43.9,VALID,8.986,VALID,8.87,VALID,9.258,VALID,8.351,VALID,793.2,VALID,793.443,VALID,793.7,VALID,793.2,VALID,1302.185,VALID,903.951,VALID,1302.185,VALID,544.306,VALID,0.0,VALID,0.0,INVALID,0.0,VALID,0.0,VALID - DEFAULT VALUE,151.302,
8/13/15 1:00:03 PM,VALID,20.8,VALID,21.08,VALID,21.9,VALID,20.5,VALID,48.5,VALID,46.047,VALID,50.2,VALID,42.4,VALID,9.536,VALID,9.002,VALID,9.779,VALID,7.91,VALID,792.9,VALID,793.082,VALID,793.2,VALID,792.9,VALID,541.306,VALID,489.521,VALID,1464.669,VALID,266.232,VALID,0.0,VALID,0.0,INVALID,0.0,VALID,0.0,VALID - DEFAULT VALUE,151.682,
8/13/15 2:00:03 PM,VALID,20.0,VALID,20.673,VALID,21.4,VALID,19.9,VALID,56.7,VALID,50.91,VALID,57.4,VALID,47.8,VALID,11.139,VALID,10.124,VALID,11.392,VALID,9.475,VALID,792.7,VALID,792.778,VALID,792.9,VALID,792.7,VALID,531.982,VALID,569.937,VALID,1101.812,VALID,426.136,VALID,0.0,VALID,0.09,INVALID,0.0,VALID,0.09,VALID - DEFAULT VALUE,151.963,
8/13/15 3:00:02 PM,VALID,20.6,VALID,20.342,VALID,21.0,VALID,19.9,VALID,53.9,VALID,54.185,VALID,57.3,VALID,52.1,VALID,10.934,VALID,10.768,VALID,11.365,VALID,10.281,VALID,792.5,VALID,792.63,VALID,792.8,VALID,792.5,VALID,342.168,VALID,442.966,VALID,777.509,VALID,259.93,VALID,0.0,VALID,0.0,INVALID,0.0,VALID,0.0,VALID - DEFAULT VALUE,152.267,
8/13/15 4:00:02 PM,VALID,20.5,VALID,20.293,VALID,20.7,VALID,19.8,VALID,53.3,VALID,53.228,VALID,55.6,VALID,51.7,VALID,10.673,VALID,10.458,VALID,10.844,VALID,10.146,VALID,792.2,VALID,792.438,VALID,792.6,VALID,792.2,VALID,404.828,VALID,434.268,VALID,503.201,VALID,344.271,VALID,0.0,VALID,0.0,INVALID,0.0,VALID,0.0,VALID - DEFAULT VALUE,152.497,
8/13/15 5:00:02 PM,VALID,20.7,VALID,20.577,VALID,21.0,VALID,20.2,VALID,50.9,VALID,52.22,VALID,53.4,VALID,50.4,VALID,10.166,VALID,10.435,VALID,10.901,VALID,10.11,VALID,792.0,VALID,791.968,VALID,792.3,VALID,791.9,VALID,465.025,VALID,477.507,VALID,696.648,VALID,406.23,VALID,0.0,VALID,0.0,INVALID,0.0,VALID,0.0,VALID - DEFAULT VALUE,152.809,
8/13/15 6:00:02 PM,VALID,20.6,VALID,20.782,VALID,21.2,VALID,20.5,VALID,44.2,VALID,48.248,VALID,51.5,VALID,43.6,VALID,7.979,VALID,9.428,VALID,10.476,VALID,7.778,VALID,791.6,VALID,791.782,VALID,792.0,VALID,791.5,VALID,371.158,VALID,311.642,VALID,460.844,VALID,151.773,VALID,0.0,VALID,0.0,INVALID,0.0,VALID,0.0,VALID - DEFAULT VALUE,153.157,
8/13/15 7:00:02 PM,VALID,19.6,VALID,20.235,VALID,20.6,VALID,19.6,VALID,48.5,VALID,45.753,VALID,48.6,VALID,43.7,VALID,8.436,VALID,8.148,VALID,8.497,VALID,7.721,VALID,792.0,VALID,791.675,VALID,792.0,VALID,791.5,VALID,162.645,VALID,164.926,VALID,438.586,VALID,111.638,VALID,0.0,VALID,0.07,INVALID,0.0,VALID,0.07,VALID - DEFAULT VALUE,153.642,
8/13/15 8:00:02 PM,VALID,18.4,VALID,19.115,VALID,19.6,VALID,18.4,VALID,50.1,VALID,49.822,VALID,51.0,VALID,48.2,VALID,7.812,VALID,8.386,VALID,8.997,VALID,7.783,VALID,792.5,VALID,792.193,VALID,792.6,VALID,791.9,VALID,4.062,VALID,106.975,VALID,210.828,VALID,4.062,VALID,0.0,VALID,0.0,INVALID,0.0,VALID,0.0,VALID - DEFAULT VALUE,153.821,
8/13/15 9:00:03 PM,VALID,17.9,VALID,17.995,VALID,18.4,VALID,17.8,VALID,49.7,VALID,49.627,VALID,50.5,VALID,49.0,VALID,7.234,VALID,7.3,VALID,7.837,VALID,7.057,VALID,793.6,VALID,793.047,VALID,793.6,VALID,792.5,VALID,0.019,VALID,0.292,VALID,3.899,VALID,-0.038,VALID,0.0,VALID,0.0,INVALID,0.0,VALID,0.0,VALID - DEFAULT VALUE,154.027,
8/13/15 10:00:03 PM,VALID,17.2,VALID,17.545,VALID,17.9,VALID,17.2,VALID,49.4,VALID,48.782,VALID,50.4,VALID,45.9,VALID,6.502,VALID,6.632,VALID,7.175,VALID,6.076,VALID,793.9,VALID,793.763,VALID,793.9,VALID,793.5,VALID,0.03,VALID,0.013,VALID,0.038,VALID,-0.023,VALID,0.0,VALID,0.0,INVALID,0.0,VALID,0.0,VALID - DEFAULT VALUE,154.281,
8/13/15 11:00:03 PM,VALID,16.2,VALID,16.667,VALID,17.2,VALID,16.2,VALID,55.6,VALID,53.258,VALID,55.6,VALID,49.5,VALID,7.302,VALID,7.1,VALID,7.342,VALID,6.532,VALID,794.3,VALID,794.155,VALID,794.3,VALID,793.9,VALID,0.013,VALID,0.017,VALID,0.042,VALID,-0.006,VALID,0.0,VALID,0.0,INVALID,0.0,VALID,0.0,VALID - DEFAULT VALUE,154.359,
