,,WXT510_1,,TA_Stat1h,,TA_Stat1h,,TA_Stat1h,,WXT510_1,,RH_Stat1h,,RH_Stat1h,,RH_Stat1h,,DP_1m,,DP_Stat1h,,DP_Stat1h,,DP_Stat1h,,WXT510_1,,PA_Stat1h,,PA_Stat1h,,PA_Stat1h,,SR_1m,,SR_Stat1h,,SR_Stat1h,,SR_Stat1h,,WXT510_1,,PR_Slide_Sum,,PR_Sum1h,,PR_Sum1h,,Evaporation,
time,status,TA,status,Avg,status,Max,status,Min,status,RH,status,Avg,status,Max,status,Min,status,DP,status,Avg,status,Max,status,Min,status,PA,status,Avg,status,Max,status,Min,status,Avg,status,Avg,status,Max,status,Min,status,Rain_amount,status,PR_Slide_Sum1h,status,PR_Sum1h_CurrHour,status,PR_Sum1h_PrevHour,status,value,
8/28/15 12:00:05 AM,VALID,16.1,VALID,16.637,VALID,16.9,VALID,16.1,VALID,70.9,VALID,67.84,VALID,70.8,VALID,66.1,VALID,10.773,VALID,10.661,VALID,10.869,VALID,10.526,VALID,793.7,VALID,793.727,VALID,793.9,VALID,793.5,VALID,0.001,VALID,0.002,VALID,0.018,VALID,-0.014,VALID,0.0,VALID,0.0,INVALID,0.0,VALID,0.0,VALID - DEFAULT VALUE,187.597,
8/28/15 1:00:02 AM,VALID,15.9,VALID,15.942,VALID,16.1,VALID,15.8,VALID,72.3,VALID,72.922,VALID,74.7,VALID,70.9,VALID,10.918,VALID,11.086,VALID,11.411,VALID,10.816,VALID,793.9,VALID,793.825,VALID,793.9,VALID,793.7,VALID,0.007,VALID,0.0,VALID,0.02,VALID,-0.023,VALID,0.0,VALID,0.0,INVALID,0.0,VALID,0.0,VALID - DEFAULT VALUE,187.667,
8/28/15 2:00:02 AM,VALID,15.7,VALID,15.643,VALID,15.8,VALID,15.5,VALID,72.7,VALID,73.09,VALID,74.2,VALID,71.5,VALID,10.809,VALID,10.834,VALID,11.02,VALID,10.558,VALID,793.4,VALID,793.767,VALID,793.9,VALID,793.4,VALID,0.001,VALID,0.005,VALID,0.029,VALID,-0.025,VALID,0.0,VALID,0.0,INVALID,0.0,VALID,0.0,VALID - DEFAULT VALUE,187.635,
8/28/15 3:00:02 AM,VALID,15.3,VALID,15.477,VALID,15.7,VALID,15.3,VALID,74.6,VALID,74.025,VALID,75.3,VALID,72.2,VALID,10.811,VALID,10.864,VALID,11.049,VALID,10.629,VALID,792.5,VALID,792.93,VALID,793.4,VALID,792.5,VALID,0.015,VALID,-0.0,VALID,0.047,VALID,-0.047,VALID,0.0,VALID,0.0,INVALID,0.0,VALID,0.0,VALID - DEFAULT VALUE,187.645,
8/28/15 4:00:02 AM,VALID,14.3,VALID,14.772,VALID,15.3,VALID,14.3,VALID,75.4,VALID,73.765,VALID,75.4,VALID,71.5,VALID,10.005,VALID,10.13,VALID,10.669,VALID,9.965,VALID,791.8,VALID,792.092,VALID,792.5,VALID,791.8,VALID,-0.011,VALID,-0.002,VALID,0.033,VALID,-0.027,VALID,0.0,VALID,0.0,INVALID,0.0,VALID,0.0,VALID - DEFAULT VALUE,187.724,
8/28/15 5:00:02 AM,VALID,14.0,VALID,14.047,VALID,14.3,VALID,13.9,VALID,75.3,VALID,75.505,VALID,76.5,VALID,74.7,VALID,9.695,VALID,9.781,VALID,10.027,VALID,9.539,VALID,791.6,VALID,791.73,VALID,791.9,VALID,791.6,VALID,0.009,VALID,-0.003,VALID,0.017,VALID,-0.019,VALID,0.0,VALID,0.0,INVALID,0.0,VALID,0.0,VALID - DEFAULT VALUE,187.748,
8/28/15 6:00:03 AM,VALID,13.6,VALID,13.68,VALID,14.0,VALID,13.5,VALID,76.7,VALID,76.632,VALID,77.6,VALID,75.3,VALID,9.602,VALID,9.646,VALID,9.718,VALID,9.544,VALID,791.4,VALID,791.422,VALID,791.6,VALID,791.3,VALID,0.018,VALID,-0.006,VALID,0.025,VALID,-0.028,VALID,0.0,VALID,0.0,INVALID,0.0,VALID,0.0,VALID - DEFAULT VALUE,187.784,
8/28/15 7:00:03 AM,VALID,13.6,VALID,13.6,VALID,13.6,VALID,13.6,VALID,73.9,VALID,74.935,VALID,76.7,VALID,73.9,VALID,9.07,VALID,9.235,VALID,9.583,VALID,9.03,VALID,791.8,VALID,791.577,VALID,791.8,VALID,791.4,VALID,0.078,VALID,0.01,VALID,0.078,VALID,-0.022,VALID,0.0,VALID,0.0,INVALID,0.0,VALID,0.0,VALID - DEFAULT VALUE,187.801,
8/28/15 8:00:03 AM,VALID,13.7,VALID,13.297,VALID,13.7,VALID,12.9,VALID,73.8,VALID,76.455,VALID,79.2,VALID,73.6,VALID,9.066,VALID,9.239,VALID,9.77,VALID,9.021,VALID,792.2,VALID,791.93,VALID,792.2,VALID,791.7,VALID,33.92,VALID,17.433,VALID,34.802,VALID,0.084,VALID,0.0,VALID,0.0,INVALID,0.0,VALID,0.0,VALID - DEFAULT VALUE,187.771,
8/28/15 9:00:03 AM,VALID,14.3,VALID,13.662,VALID,14.3,VALID,13.1,VALID,74.1,VALID,75.967,VALID,77.4,VALID,73.8,VALID,9.886,VALID,9.498,VALID,10.007,VALID,9.05,VALID,792.6,VALID,792.517,VALID,792.7,VALID,792.2,VALID,75.664,VALID,97.631,VALID,238.299,VALID,33.891,VALID,0.0,VALID,0.0,INVALID,0.0,VALID,0.0,VALID - DEFAULT VALUE,187.793,
8/28/15 10:00:03 AM,VALID,18.1,VALID,15.935,VALID,18.0,VALID,14.3,VALID,54.9,VALID,67.402,VALID,75.1,VALID,54.5,VALID,8.684,VALID,9.836,VALID,10.387,VALID,8.684,VALID,792.8,VALID,792.68,VALID,792.8,VALID,792.6,VALID,614.995,VALID,416.859,VALID,614.995,VALID,68.84,VALID,0.0,VALID,0.0,INVALID,0.0,VALID,0.0,VALID - DEFAULT VALUE,187.822,
8/28/15 11:00:02 AM,VALID,19.2,VALID,18.562,VALID,19.2,VALID,17.8,VALID,52.2,VALID,53.585,VALID,56.7,VALID,50.8,VALID,9.157,VALID,8.946,VALID,9.458,VALID,8.46,VALID,793.0,VALID,792.867,VALID,793.0,VALID,792.7,VALID,407.863,VALID,577.236,VALID,877.013,VALID,354.08,VALID,0.0,VALID,0.0,INVALID,0.0,VALID,0.0,VALID - DEFAULT VALUE,187.961,
8/28/15 12:00:02 PM,VALID,20.0,VALID,19.523,VALID,20.0,VALID,19.1,VALID,50.2,VALID,50.645,VALID,51.7,VALID,49.4,VALID,9.315,VALID,9.005,VALID,9.487,VALID,8.696,VALID,793.1,VALID,793.083,VALID,793.2,VALID,793.0,VALID,354.718,VALID,431.282,VALID,491.61,VALID,354.718,VALID,0.0,VALID,0.0,INVALID,0.0,VALID,0.0,VALID - DEFAULT VALUE,188.152,
8/28/15 1:00:02 PM,VALID,20.7,VALID,20.583,VALID,21.1,VALID,19.9,VALID,47.8,VALID,47.968,VALID,50.6,VALID,45.6,VALID,9.228,VALID,9.169,VALID,9.598,VALID,8.841,VALID,792.8,VALID,792.933,VALID,793.2,VALID,792.8,VALID,237.83,VALID,617.546,VALID,1442.46,VALID,237.83,VALID,0.0,VALID,0.0,INVALID,0.0,VALID,0.0,VALID - DEFAULT VALUE,188.469,
8/28/15 2:00:02 PM,VALID,20.4,VALID,20.465,VALID,20.9,VALID,20.1,VALID,49.9,VALID,49.213,VALID,51.2,VALID,47.6,VALID,9.593,VALID,9.443,VALID,9.793,VALID,9.139,VALID,792.3,VALID,792.6,VALID,792.8,VALID,792.3,VALID,317.065,VALID,143.359,VALID,317.065,VALID,49.701,VALID,0.0,VALID,0.0,INVALID,0.0,VALID,0.0,VALID - DEFAULT VALUE,188.736,
8/28/15 3:00:02 PM,VALID,22.2,VALID,21.367,VALID,22.2,VALID,20.5,VALID,44.1,VALID,46.132,VALID,49.2,VALID,44.1,VALID,9.396,VALID,9.303,VALID,9.676,VALID,9.056,VALID,791.5,VALID,791.857,VALID,792.3,VALID,791.5,VALID,385.742,VALID,467.353,VALID,986.299,VALID,317.29,VALID,0.0,VALID,0.0,INVALID,0.0,VALID,0.0,VALID - DEFAULT VALUE,188.994,
8/28/15 4:00:05 PM,VALID,22.3,VALID,22.22,VALID,22.6,VALID,21.9,VALID,44.3,VALID,43.577,VALID,44.7,VALID,42.5,VALID,9.214,VALID,9.235,VALID,9.554,VALID,8.955,VALID,790.5,VALID,791.017,VALID,791.5,VALID,790.5,VALID,397.177,VALID,362.09,VALID,404.413,VALID,304.385,VALID,0.0,VALID,0.0,INVALID,0.0,VALID,0.0,VALID - DEFAULT VALUE,189.202,
8/28/15 5:00:02 PM,VALID,23.2,VALID,22.857,VALID,23.7,VALID,21.9,VALID,40.7,VALID,41.978,VALID,45.3,VALID,39.2,VALID,9.104,VALID,9.241,VALID,9.937,VALID,8.847,VALID,790.0,VALID,790.213,VALID,790.5,VALID,789.9,VALID,616.994,VALID,582.94,VALID,1117.14,VALID,394.186,VALID,0.0,VALID,0.0,INVALID,0.0,VALID,0.0,VALID - DEFAULT VALUE,189.536,
8/28/15 6:00:03 PM,VALID,23.4,VALID,23.315,VALID,24.3,VALID,22.4,VALID,39.5,VALID,40.185,VALID,42.3,VALID,38.1,VALID,8.829,VALID,9.012,VALID,9.446,VALID,8.674,VALID,789.8,VALID,789.912,VALID,790.1,VALID,789.8,VALID,155.055,VALID,516.944,VALID,897.48,VALID,140.47,VALID,0.0,VALID,0.0,INVALID,0.0,VALID,0.0,VALID - DEFAULT VALUE,189.931,
8/28/15 7:00:03 PM,VALID,21.2,VALID,21.877,VALID,23.4,VALID,20.6,VALID,48.5,VALID,46.672,VALID,52.3,VALID,39.5,VALID,9.903,VALID,9.88,VALID,10.929,VALID,8.839,VALID,790.0,VALID,789.915,VALID,790.1,VALID,789.7,VALID,30.557,VALID,62.558,VALID,172.431,VALID,30.265,VALID,0.0,VALID,0.0,INVALID,0.0,VALID,0.0,VALID - DEFAULT VALUE,190.432,
8/28/15 8:00:03 PM,VALID,20.5,VALID,20.917,VALID,21.4,VALID,20.4,VALID,54.7,VALID,51.382,VALID,55.2,VALID,48.0,VALID,11.091,VALID,10.493,VALID,11.2,VALID,9.84,VALID,790.6,VALID,790.343,VALID,790.6,VALID,790.0,VALID,0.53,VALID,8.174,VALID,30.201,VALID,0.318,VALID,0.0,VALID,0.02,INVALID,0.0,VALID,0.02,VALID - DEFAULT VALUE,190.658,
8/28/15 9:00:03 PM,VALID,20.1,VALID,20.467,VALID,20.6,VALID,20.1,VALID,57.5,VALID,55.005,VALID,57.5,VALID,52.5,VALID,11.444,VALID,11.113,VALID,11.552,VALID,10.538,VALID,791.3,VALID,790.832,VALID,791.3,VALID,790.6,VALID,-0.01,VALID,0.04,VALID,0.53,VALID,-0.042,VALID,0.0,VALID,0.0,INVALID,0.0,VALID,0.0,VALID - DEFAULT VALUE,190.586,
8/28/15 10:00:03 PM,VALID,19.2,VALID,19.705,VALID,20.1,VALID,19.2,VALID,60.1,VALID,57.982,VALID,60.1,VALID,56.0,VALID,11.268,VALID,11.197,VALID,11.876,VALID,10.658,VALID,792.2,VALID,791.823,VALID,792.3,VALID,791.2,VALID,0.007,VALID,0.016,VALID,0.047,VALID,-0.022,VALID,0.0,VALID,0.0,INVALID,0.0,VALID,0.0,VALID - DEFAULT VALUE,191.021,
8/28/15 11:00:02 PM,VALID,17.5,VALID,18.07,VALID,19.2,VALID,17.5,VALID,66.7,VALID,64.573,VALID,67.1,VALID,60.0,VALID,11.233,VALID,11.276,VALID,11.514,VALID,11.042,VALID,792.9,VALID,792.627,VALID,793.0,VALID,792.2,VALID,0.013,VALID,0.01,VALID,0.03,VALID,-0.014,VALID,0.0,VALID,0.0,INVALID,0.0,VALID,0.0,VALID - DEFAULT VALUE,191.161,
