,,WXT510_1,,TA_Stat1h,,TA_Stat1h,,TA_Stat1h,,WXT510_1,,RH_Stat1h,,RH_Stat1h,,RH_Stat1h,,DP_1m,,DP_Stat1h,,DP_Stat1h,,DP_Stat1h,,WXT510_1,,PA_Stat1h,,PA_Stat1h,,PA_Stat1h,,SR_1m,,SR_Stat1h,,SR_Stat1h,,SR_Stat1h,,WXT510_1,,PR_Slide_Sum,,PR_Sum1h,,PR_Sum1h,,Evaporation,
time,status,TA,status,Avg,status,Max,status,Min,status,RH,status,Avg,status,Max,status,Min,status,DP,status,Avg,status,Max,status,Min,status,PA,status,Avg,status,Max,status,Min,status,Avg,status,Avg,status,Max,status,Min,status,Rain_amount,status,PR_Slide_Sum1h,status,PR_Sum1h_CurrHour,status,PR_Sum1h_PrevHour,status,value,
8/25/15 12:00:03 AM,VALID,18.2,VALID,18.589,VALID,18.9,VALID,18.2,VALID,59.8,VALID,58.757,VALID,60.0,VALID,57.6,VALID,10.303,VALID,10.359,VALID,10.538,VALID,10.239,VALID,794.4,VALID,794.6,VALID,794.7,VALID,794.4,VALID,-0.013,VALID,-0.008,VALID,0.016,VALID,-0.046,VALID,0.0,VALID,0.0,INVALID,0.0,VALID,0.0,VALID - DEFAULT VALUE,188.335,
8/25/15 1:00:03 AM,VALID,17.3,VALID,17.827,VALID,18.1,VALID,17.3,VALID,63.7,VALID,61.343,VALID,63.7,VALID,59.8,VALID,10.445,VALID,10.285,VALID,10.445,VALID,10.145,VALID,794.0,VALID,794.253,VALID,794.4,VALID,794.0,VALID,0.013,VALID,0.014,VALID,0.042,VALID,-0.031,VALID,0.0,VALID,0.0,INVALID,0.0,VALID,0.0,VALID - DEFAULT VALUE,188.378,
8/25/15 2:00:03 AM,VALID,16.2,VALID,16.822,VALID,17.3,VALID,16.2,VALID,70.5,VALID,66.45,VALID,70.5,VALID,63.7,VALID,10.784,VALID,10.516,VALID,10.784,VALID,10.351,VALID,793.4,VALID,793.618,VALID,794.0,VALID,793.4,VALID,0.032,VALID,0.008,VALID,0.051,VALID,-0.02,VALID,0.0,VALID,0.0,INVALID,0.0,VALID,0.0,VALID - DEFAULT VALUE,188.486,
8/25/15 3:00:02 AM,VALID,15.7,VALID,15.919,VALID,16.2,VALID,15.7,VALID,74.0,VALID,72.688,VALID,73.9,VALID,70.6,VALID,11.055,VALID,11.012,VALID,11.166,VALID,10.773,VALID,793.2,VALID,793.247,VALID,793.4,VALID,793.1,VALID,0.024,VALID,0.01,VALID,0.054,VALID,-0.017,VALID,0.0,VALID,0.0,INVALID,0.0,VALID,0.0,VALID - DEFAULT VALUE,188.502,
8/25/15 4:00:02 AM,VALID,15.1,VALID,15.367,VALID,15.7,VALID,15.1,VALID,71.7,VALID,73.535,VALID,74.6,VALID,71.9,VALID,10.065,VALID,10.659,VALID,11.116,VALID,10.065,VALID,793.2,VALID,793.288,VALID,793.4,VALID,793.2,VALID,0.006,VALID,0.008,VALID,0.029,VALID,-0.011,VALID,0.0,VALID,0.0,INVALID,0.0,VALID,0.0,VALID - DEFAULT VALUE,188.572,
8/25/15 5:00:02 AM,VALID,14.7,VALID,14.833,VALID,15.1,VALID,14.7,VALID,69.7,VALID,69.863,VALID,71.8,VALID,68.7,VALID,9.218,VALID,9.38,VALID,10.024,VALID,9.121,VALID,793.3,VALID,793.213,VALID,793.3,VALID,793.0,VALID,-0.017,VALID,-0.003,VALID,0.029,VALID,-0.042,VALID,0.0,VALID,0.0,INVALID,0.0,VALID,0.0,VALID - DEFAULT VALUE,188.611,
8/25/15 6:00:03 AM,VALID,14.0,VALID,14.072,VALID,14.7,VALID,13.7,VALID,69.2,VALID,71.555,VALID,73.9,VALID,69.0,VALID,8.547,VALID,9.001,VALID,9.238,VALID,8.547,VALID,793.0,VALID,793.083,VALID,793.3,VALID,792.9,VALID,0.01,VALID,0.006,VALID,0.03,VALID,-0.023,VALID,0.0,VALID,0.0,INVALID,0.0,VALID,0.0,VALID - DEFAULT VALUE,188.698,
8/25/15 7:00:02 AM,VALID,13.7,VALID,13.992,VALID,14.1,VALID,13.7,VALID,70.6,VALID,69.07,VALID,70.9,VALID,67.7,VALID,8.47,VALID,8.403,VALID,8.662,VALID,8.213,VALID,793.4,VALID,793.063,VALID,793.4,VALID,792.8,VALID,0.064,VALID,0.01,VALID,0.064,VALID,-0.033,VALID,0.0,VALID,0.0,INVALID,0.0,VALID,0.0,VALID - DEFAULT VALUE,188.871,
8/25/15 8:00:02 AM,VALID,13.9,VALID,13.66,VALID,13.9,VALID,13.5,VALID,69.1,VALID,70.03,VALID,70.7,VALID,69.2,VALID,8.345,VALID,8.291,VALID,8.47,VALID,8.164,VALID,793.9,VALID,793.722,VALID,793.9,VALID,793.3,VALID,29.542,VALID,13.229,VALID,29.542,VALID,0.066,VALID,0.0,VALID,0.0,INVALID,0.0,VALID,0.0,VALID - DEFAULT VALUE,188.872,
8/25/15 9:00:02 AM,VALID,15.7,VALID,14.75,VALID,15.7,VALID,13.9,VALID,59.8,VALID,64.432,VALID,69.1,VALID,59.7,VALID,7.877,VALID,8.09,VALID,8.377,VALID,7.857,VALID,793.8,VALID,793.968,VALID,794.1,VALID,793.8,VALID,350.333,VALID,104.352,VALID,350.333,VALID,29.602,VALID,0.0,VALID,0.0,INVALID,0.0,VALID,0.0,VALID - DEFAULT VALUE,188.986,
8/25/15 10:00:03 AM,VALID,18.2,VALID,17.065,VALID,18.2,VALID,15.7,VALID,52.1,VALID,55.253,VALID,60.1,VALID,51.5,VALID,8.119,VALID,7.997,VALID,8.242,VALID,7.733,VALID,794.4,VALID,794.163,VALID,794.4,VALID,793.8,VALID,595.817,VALID,397.036,VALID,595.817,VALID,158.818,VALID,0.0,VALID,0.0,INVALID,0.0,VALID,0.0,VALID - DEFAULT VALUE,189.144,
8/25/15 11:00:03 AM,VALID,20.5,VALID,19.24,VALID,20.5,VALID,18.2,VALID,45.9,VALID,49.242,VALID,52.6,VALID,45.8,VALID,8.413,VALID,8.321,VALID,8.802,VALID,7.819,VALID,794.2,VALID,794.443,VALID,794.6,VALID,794.3,VALID,788.436,VALID,704.083,VALID,788.628,VALID,596.795,VALID,0.0,VALID,0.0,INVALID,0.0,VALID,0.0,VALID - DEFAULT VALUE,189.311,
8/25/15 12:00:03 PM,VALID,22.0,VALID,21.275,VALID,22.0,VALID,20.4,VALID,41.8,VALID,43.695,VALID,46.4,VALID,41.5,VALID,8.331,VALID,8.413,VALID,8.782,VALID,8.146,VALID,793.7,VALID,794.082,VALID,794.2,VALID,793.7,VALID,268.439,VALID,699.083,VALID,1046.081,VALID,98.194,VALID,0.0,VALID,0.0,INVALID,0.0,VALID,0.0,VALID - DEFAULT VALUE,189.626,
8/25/15 1:00:03 PM,VALID,22.1,VALID,22.343,VALID,23.2,VALID,21.9,VALID,42.3,VALID,40.743,VALID,42.3,VALID,37.7,VALID,8.546,VALID,8.349,VALID,8.816,VALID,7.772,VALID,793.4,VALID,793.522,VALID,793.7,VALID,793.0,VALID,435.979,VALID,336.269,VALID,1198.928,VALID,219.198,VALID,0.0,VALID,0.0,INVALID,0.0,VALID,0.0,VALID - DEFAULT VALUE,189.431,
8/25/15 2:00:02 PM,VALID,23.0,VALID,22.549,VALID,23.2,VALID,22.0,VALID,36.1,VALID,38.572,VALID,43.3,VALID,33.4,VALID,6.795,VALID,7.666,VALID,9.214,VALID,6.027,VALID,792.5,VALID,793.027,VALID,793.4,VALID,792.7,VALID,494.098,VALID,842.794,VALID,1466.847,VALID,424.61,VALID,0.0,VALID,0.0,INVALID,0.0,VALID,0.0,VALID - DEFAULT VALUE,189.519,
8/25/15 3:00:02 PM,VALID,23.3,VALID,23.2,VALID,24.3,VALID,22.7,VALID,36.4,VALID,35.26,VALID,36.6,VALID,33.1,VALID,7.457,VALID,6.986,VALID,7.585,VALID,6.11,VALID,792.2,VALID,792.462,VALID,792.8,VALID,792.1,VALID,1036.388,VALID,672.42,VALID,1349.275,VALID,354.714,VALID,0.0,VALID,0.0,INVALID,0.0,VALID,0.0,VALID - DEFAULT VALUE,191.188,
8/25/15 4:00:02 PM,VALID,22.2,VALID,23.163,VALID,23.6,VALID,22.2,VALID,42.8,VALID,37.748,VALID,42.8,VALID,35.4,VALID,8.916,VALID,7.932,VALID,9.339,VALID,7.254,VALID,791.8,VALID,791.997,VALID,792.2,VALID,791.7,VALID,138.252,VALID,321.709,VALID,951.942,VALID,116.22,VALID,0.0,VALID,0.0,INVALID,0.0,VALID,0.0,VALID - DEFAULT VALUE,191.984,
8/25/15 5:00:02 PM,VALID,21.1,VALID,21.092,VALID,22.2,VALID,20.5,VALID,48.0,VALID,48.288,VALID,51.1,VALID,42.8,VALID,9.346,VALID,9.721,VALID,10.133,VALID,8.951,VALID,791.3,VALID,791.63,VALID,791.8,VALID,791.4,VALID,854.933,VALID,183.054,VALID,878.072,VALID,48.774,VALID,0.0,VALID,0.0,INVALID,0.0,VALID,0.0,VALID - DEFAULT VALUE,192.215,
8/25/15 6:00:02 PM,VALID,21.7,VALID,22.245,VALID,23.2,VALID,21.1,VALID,44.7,VALID,44.383,VALID,48.0,VALID,42.4,VALID,9.21,VALID,9.525,VALID,9.971,VALID,9.11,VALID,791.2,VALID,791.232,VALID,791.3,VALID,791.1,VALID,73.109,VALID,318.61,VALID,856.824,VALID,68.828,VALID,0.0,VALID,0.0,INVALID,0.0,VALID,0.0,VALID - DEFAULT VALUE,192.391,
8/25/15 7:00:02 PM,VALID,22.6,VALID,22.105,VALID,22.7,VALID,21.7,VALID,39.5,VALID,42.917,VALID,45.4,VALID,38.0,VALID,8.236,VALID,8.879,VALID,9.639,VALID,7.568,VALID,791.0,VALID,791.262,VALID,791.4,VALID,791.1,VALID,21.226,VALID,52.384,VALID,78.826,VALID,21.226,VALID,0.0,VALID,0.0,INVALID,0.0,VALID,0.0,VALID - DEFAULT VALUE,191.937,
8/25/15 8:00:02 PM,VALID,21.3,VALID,20.978,VALID,22.6,VALID,19.9,VALID,47.1,VALID,49.037,VALID,55.7,VALID,39.4,VALID,9.526,VALID,9.737,VALID,10.871,VALID,7.997,VALID,792.1,VALID,791.795,VALID,792.1,VALID,791.0,VALID,0.22,VALID,3.85,VALID,20.781,VALID,0.22,VALID,0.0,VALID,0.0,INVALID,0.0,VALID,0.0,VALID - DEFAULT VALUE,192.729,
8/25/15 9:00:03 PM,VALID,19.9,VALID,20.345,VALID,21.3,VALID,19.8,VALID,50.3,VALID,50.612,VALID,51.9,VALID,47.1,VALID,9.719,VALID,9.748,VALID,10.152,VALID,9.248,VALID,792.5,VALID,792.355,VALID,792.6,VALID,792.0,VALID,-0.004,VALID,0.023,VALID,0.215,VALID,-0.017,VALID,0.0,VALID,0.0,INVALID,0.0,VALID,0.0,VALID - DEFAULT VALUE,193.404,
8/25/15 10:00:03 PM,VALID,18.5,VALID,19.282,VALID,20.0,VALID,18.5,VALID,60.7,VALID,56.212,VALID,60.8,VALID,48.9,VALID,10.735,VALID,10.284,VALID,11.011,VALID,8.925,VALID,793.4,VALID,792.958,VALID,793.5,VALID,792.5,VALID,0.006,VALID,0.004,VALID,0.028,VALID,-0.012,VALID,0.0,VALID,0.0,INVALID,0.0,VALID,0.0,VALID - DEFAULT VALUE,193.525,
8/25/15 11:00:03 PM,VALID,17.5,VALID,17.965,VALID,18.5,VALID,17.5,VALID,63.2,VALID,61.397,VALID,63.0,VALID,60.3,VALID,10.374,VALID,10.426,VALID,10.817,VALID,10.095,VALID,794.0,VALID,793.717,VALID,793.9,VALID,793.3,VALID,0.024,VALID,0.005,VALID,0.033,VALID,-0.036,VALID,0.0,VALID,0.0,INVALID,0.0,VALID,0.0,VALID - DEFAULT VALUE,193.581,
