,,WXT510_1,,TA_Stat1h,,TA_Stat1h,,TA_Stat1h,,WXT510_1,,RH_Stat1h,,RH_Stat1h,,RH_Stat1h,,DP_1m,,DP_Stat1h,,DP_Stat1h,,DP_Stat1h,,WXT510_1,,PA_Stat1h,,PA_Stat1h,,PA_Stat1h,,SR_1m,,SR_Stat1h,,SR_Stat1h,,SR_Stat1h,,WXT510_1,,PR_Slide_Sum,,PR_Sum1h,,PR_Sum1h,,Evaporation,
time,status,TA,status,Avg,status,Max,status,Min,status,RH,status,Avg,status,Max,status,Min,status,DP,status,Avg,status,Max,status,Min,status,PA,status,Avg,status,Max,status,Min,status,Avg,status,Avg,status,Max,status,Min,status,Rain_amount,status,PR_Slide_Sum1h,status,PR_Sum1h_CurrHour,status,PR_Sum1h_PrevHour,status,value,
8/26/15 12:00:04 AM,VALID,16.8,VALID,17.028,VALID,17.5,VALID,16.8,VALID,66.3,VALID,65.025,VALID,66.4,VALID,63.2,VALID,10.476,VALID,10.4,VALID,10.499,VALID,10.256,VALID,794.2,VALID,794.158,VALID,794.3,VALID,794.0,VALID,0.017,VALID,0.012,VALID,0.034,VALID,-0.014,VALID,0.0,VALID,0.0,INVALID,0.0,VALID,0.0,VALID - DEFAULT VALUE,193.584,
8/26/15 1:00:03 AM,VALID,16.3,VALID,16.435,VALID,16.8,VALID,16.2,VALID,67.2,VALID,67.438,VALID,68.4,VALID,66.2,VALID,10.269,VALID,10.383,VALID,10.57,VALID,10.173,VALID,793.7,VALID,793.963,VALID,794.2,VALID,793.7,VALID,-0.008,VALID,0.008,VALID,0.034,VALID,-0.021,VALID,0.0,VALID,0.0,INVALID,0.0,VALID,0.0,VALID - DEFAULT VALUE,193.639,
8/26/15 2:00:02 AM,VALID,15.6,VALID,15.997,VALID,16.3,VALID,15.6,VALID,69.5,VALID,67.968,VALID,69.6,VALID,67.1,VALID,10.037,VALID,10.082,VALID,10.202,VALID,9.968,VALID,793.2,VALID,793.482,VALID,793.7,VALID,793.2,VALID,-0.014,VALID,0.003,VALID,0.037,VALID,-0.02,VALID,0.0,VALID,0.0,INVALID,0.0,VALID,0.0,VALID - DEFAULT VALUE,193.63,
8/26/15 3:00:02 AM,VALID,15.0,VALID,15.447,VALID,15.7,VALID,15.1,VALID,71.0,VALID,69.343,VALID,71.0,VALID,68.1,VALID,9.877,VALID,9.855,VALID,10.08,VALID,9.738,VALID,793.2,VALID,793.213,VALID,793.3,VALID,793.1,VALID,-0.001,VALID,0.009,VALID,0.039,VALID,-0.022,VALID,0.0,VALID,0.0,INVALID,0.0,VALID,0.0,VALID - DEFAULT VALUE,193.669,
8/26/15 4:00:02 AM,VALID,15.0,VALID,15.03,VALID,15.1,VALID,15.0,VALID,70.5,VALID,70.308,VALID,71.2,VALID,69.8,VALID,9.675,VALID,9.663,VALID,9.823,VALID,9.527,VALID,793.2,VALID,793.3,VALID,793.5,VALID,793.2,VALID,0.016,VALID,-0.008,VALID,0.02,VALID,-0.028,VALID,0.0,VALID,0.0,INVALID,0.0,VALID,0.0,VALID - DEFAULT VALUE,193.752,
8/26/15 5:00:02 AM,VALID,14.5,VALID,14.508,VALID,15.0,VALID,14.2,VALID,73.4,VALID,72.312,VALID,73.4,VALID,70.5,VALID,9.756,VALID,9.581,VALID,9.872,VALID,9.303,VALID,793.2,VALID,793.16,VALID,793.2,VALID,793.1,VALID,0.02,VALID,0.012,VALID,0.031,VALID,-0.01,VALID,0.0,VALID,0.0,INVALID,0.0,VALID,0.0,VALID - DEFAULT VALUE,193.791,
8/26/15 6:00:03 AM,VALID,14.4,VALID,14.313,VALID,14.5,VALID,14.1,VALID,73.4,VALID,74.595,VALID,76.0,VALID,73.1,VALID,9.659,VALID,9.856,VALID,9.987,VALID,9.659,VALID,793.3,VALID,793.185,VALID,793.3,VALID,793.1,VALID,0.011,VALID,0.006,VALID,0.041,VALID,-0.028,VALID,0.0,VALID,0.0,INVALID,0.0,VALID,0.0,VALID - DEFAULT VALUE,193.782,
8/26/15 7:00:02 AM,VALID,14.5,VALID,14.3,VALID,14.5,VALID,14.1,VALID,72.6,VALID,74.02,VALID,75.3,VALID,72.4,VALID,9.612,VALID,9.728,VALID,9.849,VALID,9.592,VALID,793.9,VALID,793.512,VALID,793.9,VALID,793.3,VALID,0.036,VALID,0.017,VALID,0.045,VALID,-0.01,VALID,0.0,VALID,0.0,INVALID,0.0,VALID,0.0,VALID - DEFAULT VALUE,193.847,
8/26/15 8:00:03 AM,VALID,13.8,VALID,14.123,VALID,14.5,VALID,13.8,VALID,75.8,VALID,74.36,VALID,75.8,VALID,72.4,VALID,9.6,VALID,9.626,VALID,9.785,VALID,9.495,VALID,794.3,VALID,794.137,VALID,794.3,VALID,793.9,VALID,54.258,VALID,18.972,VALID,54.258,VALID,0.044,VALID,0.0,VALID,0.04,INVALID,0.0,VALID,0.04,VALID - DEFAULT VALUE,193.512,
8/26/15 9:00:03 AM,VALID,15.3,VALID,14.585,VALID,15.2,VALID,13.8,VALID,68.8,VALID,71.935,VALID,75.8,VALID,68.7,VALID,9.568,VALID,9.57,VALID,9.725,VALID,9.345,VALID,794.5,VALID,794.483,VALID,794.6,VALID,794.3,VALID,399.529,VALID,112.531,VALID,399.529,VALID,54.42,VALID,0.0,VALID,0.0,INVALID,0.0,VALID,0.0,VALID - DEFAULT VALUE,193.844,
8/26/15 10:00:03 AM,VALID,17.6,VALID,16.708,VALID,17.7,VALID,15.3,VALID,57.3,VALID,62.367,VALID,68.8,VALID,57.7,VALID,9.157,VALID,9.448,VALID,9.76,VALID,9.157,VALID,795.0,VALID,794.787,VALID,795.1,VALID,794.5,VALID,330.404,VALID,398.391,VALID,619.412,VALID,252.766,VALID,0.0,VALID,0.0,INVALID,0.0,VALID,0.0,VALID - DEFAULT VALUE,193.989,
8/26/15 11:00:03 AM,VALID,20.0,VALID,19.045,VALID,20.0,VALID,17.6,VALID,45.6,VALID,50.027,VALID,57.7,VALID,44.7,VALID,7.957,VALID,8.344,VALID,9.25,VALID,7.6,VALID,794.8,VALID,795.048,VALID,795.2,VALID,794.8,VALID,657.214,VALID,677.953,VALID,877.205,VALID,179.697,VALID,0.0,VALID,0.0,INVALID,0.0,VALID,0.0,VALID - DEFAULT VALUE,194.225,
8/26/15 12:00:03 PM,VALID,21.3,VALID,20.465,VALID,21.2,VALID,19.9,VALID,41.3,VALID,43.792,VALID,46.2,VALID,40.9,VALID,7.559,VALID,7.709,VALID,8.085,VALID,7.273,VALID,794.5,VALID,794.68,VALID,794.9,VALID,794.5,VALID,297.689,VALID,665.65,VALID,963.513,VALID,201.083,VALID,0.0,VALID,0.0,INVALID,0.0,VALID,0.0,VALID - DEFAULT VALUE,194.424,
8/26/15 1:00:02 PM,VALID,21.5,VALID,21.295,VALID,21.6,VALID,21.0,VALID,41.6,VALID,42.633,VALID,44.1,VALID,41.3,VALID,7.9,VALID,8.074,VALID,8.728,VALID,7.614,VALID,794.2,VALID,794.378,VALID,794.5,VALID,794.2,VALID,1120.755,VALID,409.699,VALID,1300.832,VALID,222.331,VALID,0.0,VALID,0.0,INVALID,0.0,VALID,0.0,VALID - DEFAULT VALUE,194.637,
8/26/15 2:00:02 PM,VALID,22.9,VALID,22.462,VALID,23.5,VALID,21.5,VALID,37.0,VALID,39.243,VALID,42.9,VALID,36.1,VALID,7.368,VALID,7.886,VALID,8.494,VALID,7.368,VALID,793.4,VALID,793.868,VALID,794.2,VALID,793.5,VALID,477.022,VALID,672.657,VALID,1185.653,VALID,324.582,VALID,0.0,VALID,0.0,INVALID,0.0,VALID,0.0,VALID - DEFAULT VALUE,195.003,
8/26/15 3:00:02 PM,VALID,23.5,VALID,22.935,VALID,23.7,VALID,22.3,VALID,35.1,VALID,37.395,VALID,39.2,VALID,34.9,VALID,7.194,VALID,7.61,VALID,8.218,VALID,7.189,VALID,792.9,VALID,793.192,VALID,793.4,VALID,792.9,VALID,341.974,VALID,409.743,VALID,850.098,VALID,250.055,VALID,0.0,VALID,0.0,INVALID,0.0,VALID,0.0,VALID - DEFAULT VALUE,195.344,
8/26/15 4:00:02 PM,VALID,22.3,VALID,23.185,VALID,23.9,VALID,22.3,VALID,42.0,VALID,38.312,VALID,42.5,VALID,35.1,VALID,8.726,VALID,8.179,VALID,8.937,VALID,7.189,VALID,792.5,VALID,792.667,VALID,792.9,VALID,792.5,VALID,139.208,VALID,342.61,VALID,701.65,VALID,135.578,VALID,0.0,VALID,0.0,INVALID,0.0,VALID,0.0,VALID - DEFAULT VALUE,195.873,
8/26/15 5:00:02 PM,VALID,21.2,VALID,21.745,VALID,22.3,VALID,21.3,VALID,43.7,VALID,43.963,VALID,45.1,VALID,41.9,VALID,8.445,VALID,8.934,VALID,9.406,VALID,8.378,VALID,792.1,VALID,792.272,VALID,792.5,VALID,792.0,VALID,120.157,VALID,108.983,VALID,138.739,VALID,81.879,VALID,0.0,VALID,0.0,INVALID,0.0,VALID,0.0,VALID - DEFAULT VALUE,196.231,
8/26/15 6:00:02 PM,VALID,20.9,VALID,21.053,VALID,21.2,VALID,20.8,VALID,46.4,VALID,44.393,VALID,47.0,VALID,43.1,VALID,8.942,VALID,8.453,VALID,9.069,VALID,8.129,VALID,791.9,VALID,791.968,VALID,792.1,VALID,791.8,VALID,130.799,VALID,164.842,VALID,222.32,VALID,120.376,VALID,0.0,VALID,0.0,INVALID,0.0,VALID,0.0,VALID - DEFAULT VALUE,196.429,
8/26/15 7:00:02 PM,VALID,18.5,VALID,20.24,VALID,20.9,VALID,18.5,VALID,65.7,VALID,49.717,VALID,64.8,VALID,46.2,VALID,11.747,VALID,9.325,VALID,11.747,VALID,8.482,VALID,792.7,VALID,792.222,VALID,792.7,VALID,791.8,VALID,22.107,VALID,51.891,VALID,130.308,VALID,12.27,VALID,0.0,VALID,0.18,INVALID,0.0,VALID,0.18,VALID - DEFAULT VALUE,196.585,
8/26/15 8:00:03 PM,VALID,17.3,VALID,17.293,VALID,18.5,VALID,17.0,VALID,72.9,VALID,73.638,VALID,77.4,VALID,64.7,VALID,12.168,VALID,12.526,VALID,13.016,VALID,11.628,VALID,793.1,VALID,792.815,VALID,793.1,VALID,792.6,VALID,0.125,VALID,9.122,VALID,22.08,VALID,0.125,VALID,0.0,VALID,0.0,INVALID,0.0,VALID,0.0,VALID - DEFAULT VALUE,196.603,
8/26/15 9:00:03 PM,VALID,16.9,VALID,17.16,VALID,17.3,VALID,16.7,VALID,75.9,VALID,72.138,VALID,76.8,VALID,68.6,VALID,12.68,VALID,12.088,VALID,12.93,VALID,11.394,VALID,793.9,VALID,793.39,VALID,793.9,VALID,793.1,VALID,0.009,VALID,0.02,VALID,0.122,VALID,-0.007,VALID,0.01,VALID,0.26,INVALID,0.0,VALID,0.26,VALID - DEFAULT VALUE,196.426,
8/26/15 10:00:03 PM,VALID,16.6,VALID,16.43,VALID,17.0,VALID,15.9,VALID,71.2,VALID,76.352,VALID,82.7,VALID,70.4,VALID,11.317,VALID,12.241,VALID,13.271,VALID,11.188,VALID,794.0,VALID,793.882,VALID,794.1,VALID,793.5,VALID,0.001,VALID,0.005,VALID,0.034,VALID,-0.022,VALID,0.0,VALID,4.44,INVALID,0.0,VALID,4.44,VALID - DEFAULT VALUE,194.206,
8/26/15 11:00:03 PM,VALID,16.3,VALID,16.318,VALID,16.6,VALID,16.2,VALID,71.4,VALID,72.997,VALID,75.4,VALID,70.4,VALID,10.965,VALID,11.463,VALID,11.853,VALID,10.901,VALID,794.4,VALID,794.24,VALID,794.5,VALID,794.0,VALID,0.032,VALID,0.007,VALID,0.034,VALID,-0.021,VALID,0.0,VALID,0.0,INVALID,0.0,VALID,0.0,VALID - DEFAULT VALUE,194.211,
