,,WXT510_1,,TA_Stat1h,,TA_Stat1h,,TA_Stat1h,,WXT510_1,,RH_Stat1h,,RH_Stat1h,,RH_Stat1h,,DP_1m,,DP_Stat1h,,DP_Stat1h,,DP_Stat1h,,WXT510_1,,PA_Stat1h,,PA_Stat1h,,PA_Stat1h,,SR_1m,,SR_Stat1h,,SR_Stat1h,,SR_Stat1h,,WXT510_1,,PR_Slide_Sum,,PR_Sum1h,,PR_Sum1h,,Evaporation,
time,status,TA,status,Avg,status,Max,status,Min,status,RH,status,Avg,status,Max,status,Min,status,DP,status,Avg,status,Max,status,Min,status,PA,status,Avg,status,Max,status,Min,status,Avg,status,Avg,status,Max,status,Min,status,Rain_amount,status,PR_Slide_Sum1h,status,PR_Sum1h_CurrHour,status,PR_Sum1h_PrevHour,status,value,
9/13/15 12:00:04 AM,VALID,15.6,VALID,15.633,VALID,15.7,VALID,15.6,VALID,89.1,VALID,88.52,VALID,89.8,VALID,87.2,VALID,13.809,VALID,13.741,VALID,14.028,VALID,13.477,VALID,792.9,VALID,792.848,VALID,792.9,VALID,792.8,VALID,-0.002,VALID,0.005,VALID,0.029,VALID,-0.015,VALID,0.01,VALID,1.02,INVALID,0.0,VALID,1.02,VALID - DEFAULT VALUE,162.837,
9/13/15 1:00:03 AM,VALID,15.9,VALID,15.812,VALID,15.9,VALID,15.6,VALID,90.8,VALID,89.537,VALID,90.8,VALID,88.6,VALID,14.397,VALID,14.093,VALID,14.397,VALID,13.722,VALID,792.6,VALID,792.758,VALID,793.0,VALID,792.6,VALID,0.009,VALID,0.008,VALID,0.049,VALID,-0.023,VALID,0.0,VALID,0.02,INVALID,0.0,VALID,0.02,VALID - DEFAULT VALUE,162.695,
9/13/15 2:00:03 AM,VALID,16.2,VALID,15.945,VALID,16.2,VALID,15.8,VALID,86.2,VALID,90.095,VALID,92.0,VALID,85.1,VALID,13.89,VALID,14.318,VALID,14.601,VALID,13.692,VALID,792.0,VALID,792.312,VALID,792.6,VALID,792.0,VALID,0.017,VALID,0.015,VALID,0.041,VALID,-0.017,VALID,0.0,VALID,0.0,INVALID,0.0,VALID,0.0,VALID - DEFAULT VALUE,162.683,
9/13/15 3:00:03 AM,VALID,15.9,VALID,15.97,VALID,16.3,VALID,15.8,VALID,90.8,VALID,89.642,VALID,90.9,VALID,84.0,VALID,14.397,VALID,14.265,VALID,14.397,VALID,13.492,VALID,791.7,VALID,791.85,VALID,792.1,VALID,791.7,VALID,0.008,VALID,0.004,VALID,0.029,VALID,-0.019,VALID,0.0,VALID,0.0,INVALID,0.0,VALID,0.0,VALID - DEFAULT VALUE,162.665,
9/13/15 4:00:03 AM,VALID,15.7,VALID,15.767,VALID,15.9,VALID,15.7,VALID,81.4,VALID,86.49,VALID,91.1,VALID,80.2,VALID,12.521,VALID,13.504,VALID,14.38,VALID,12.295,VALID,791.4,VALID,791.58,VALID,791.8,VALID,791.4,VALID,0.03,VALID,0.009,VALID,0.031,VALID,-0.015,VALID,0.0,VALID,0.0,INVALID,0.0,VALID,0.0,VALID - DEFAULT VALUE,162.65,
9/13/15 5:00:03 AM,VALID,15.4,VALID,15.508,VALID,15.8,VALID,15.4,VALID,83.9,VALID,83.558,VALID,87.8,VALID,80.0,VALID,12.69,VALID,12.729,VALID,13.513,VALID,12.062,VALID,791.1,VALID,791.28,VALID,791.5,VALID,791.1,VALID,0.013,VALID,0.018,VALID,0.04,VALID,0.003,VALID,0.0,VALID,0.0,INVALID,0.0,VALID,0.0,VALID - DEFAULT VALUE,162.665,
9/13/15 6:00:03 AM,VALID,15.4,VALID,15.04,VALID,15.4,VALID,14.7,VALID,81.9,VALID,84.46,VALID,87.9,VALID,80.9,VALID,12.322,VALID,12.436,VALID,12.907,VALID,12.029,VALID,791.1,VALID,791.118,VALID,791.2,VALID,791.0,VALID,0.012,VALID,0.011,VALID,0.031,VALID,-0.008,VALID,0.0,VALID,0.0,INVALID,0.0,VALID,0.0,VALID - DEFAULT VALUE,162.631,
9/13/15 7:00:02 AM,VALID,15.4,VALID,15.347,VALID,15.4,VALID,15.2,VALID,81.2,VALID,83.205,VALID,86.2,VALID,81.2,VALID,12.191,VALID,12.51,VALID,13.104,VALID,12.108,VALID,791.4,VALID,791.265,VALID,791.4,VALID,791.1,VALID,0.004,VALID,0.006,VALID,0.024,VALID,-0.012,VALID,0.0,VALID,0.0,INVALID,0.0,VALID,0.0,VALID - DEFAULT VALUE,162.605,
9/13/15 8:00:02 AM,VALID,15.1,VALID,15.173,VALID,15.4,VALID,14.9,VALID,82.5,VALID,83.868,VALID,87.0,VALID,81.3,VALID,12.14,VALID,12.46,VALID,12.852,VALID,11.815,VALID,791.6,VALID,791.465,VALID,791.6,VALID,791.4,VALID,35.344,VALID,11.333,VALID,35.344,VALID,0.003,VALID,0.0,VALID,0.0,INVALID,0.0,VALID,0.0,VALID - DEFAULT VALUE,162.631,
9/13/15 9:00:02 AM,VALID,15.8,VALID,15.368,VALID,15.8,VALID,15.1,VALID,79.0,VALID,82.123,VALID,84.3,VALID,78.5,VALID,12.163,VALID,12.33,VALID,12.61,VALID,11.988,VALID,792.2,VALID,791.957,VALID,792.2,VALID,791.6,VALID,98.961,VALID,80.619,VALID,99.404,VALID,35.679,VALID,0.0,VALID,0.0,INVALID,0.0,VALID,0.0,VALID - DEFAULT VALUE,162.429,
9/13/15 10:00:02 AM,VALID,17.4,VALID,16.5,VALID,17.4,VALID,15.8,VALID,70.5,VALID,74.938,VALID,79.6,VALID,70.1,VALID,11.977,VALID,12.032,VALID,12.472,VALID,11.604,VALID,792.7,VALID,792.472,VALID,792.7,VALID,792.2,VALID,304.34,VALID,189.212,VALID,475.976,VALID,98.555,VALID,0.0,VALID,0.0,INVALID,0.0,VALID,0.0,VALID - DEFAULT VALUE,162.625,
9/13/15 11:00:03 AM,VALID,18.9,VALID,18.33,VALID,19.0,VALID,17.4,VALID,65.6,VALID,67.488,VALID,71.5,VALID,63.6,VALID,12.313,VALID,12.196,VALID,12.553,VALID,11.748,VALID,792.8,VALID,792.775,VALID,792.8,VALID,792.7,VALID,493.693,VALID,355.441,VALID,584.393,VALID,293.183,VALID,0.0,VALID,0.0,INVALID,0.0,VALID,0.0,VALID - DEFAULT VALUE,162.631,
9/13/15 12:00:02 PM,VALID,19.5,VALID,19.155,VALID,19.5,VALID,18.8,VALID,60.2,VALID,63.427,VALID,65.9,VALID,59.8,VALID,11.576,VALID,12.039,VALID,12.435,VALID,11.475,VALID,792.5,VALID,792.643,VALID,792.8,VALID,792.4,VALID,805.786,VALID,497.311,VALID,1082.918,VALID,362.577,VALID,0.0,VALID,0.0,INVALID,0.0,VALID,0.0,VALID - DEFAULT VALUE,162.726,
9/13/15 1:00:02 PM,VALID,20.4,VALID,19.948,VALID,20.6,VALID,19.4,VALID,54.5,VALID,58.637,VALID,61.3,VALID,54.5,VALID,10.915,VALID,11.592,VALID,12.122,VALID,10.915,VALID,791.7,VALID,792.163,VALID,792.5,VALID,791.7,VALID,576.563,VALID,693.696,VALID,1315.519,VALID,455.622,VALID,0.0,VALID,0.0,INVALID,0.0,VALID,0.0,VALID - DEFAULT VALUE,162.877,
9/13/15 2:00:03 PM,VALID,21.7,VALID,20.88,VALID,21.7,VALID,20.0,VALID,52.2,VALID,55.858,VALID,59.0,VALID,52.2,VALID,11.469,VALID,11.726,VALID,12.319,VALID,10.784,VALID,790.9,VALID,791.32,VALID,791.8,VALID,790.9,VALID,1197.962,VALID,646.841,VALID,1355.869,VALID,322.642,VALID,0.0,VALID,0.0,INVALID,0.0,VALID,0.0,VALID - DEFAULT VALUE,163.206,
9/13/15 3:00:03 PM,VALID,17.5,VALID,20.8,VALID,22.3,VALID,17.5,VALID,81.8,VALID,63.965,VALID,81.8,VALID,48.7,VALID,14.353,VALID,13.56,VALID,15.834,VALID,10.698,VALID,790.3,VALID,790.583,VALID,790.9,VALID,790.3,VALID,171.707,VALID,398.317,VALID,1230.983,VALID,117.996,VALID,0.06,VALID,2.25,INVALID,0.0,VALID,2.25,VALID - DEFAULT VALUE,162.073,
9/13/15 4:00:03 PM,VALID,18.0,VALID,17.448,VALID,18.0,VALID,17.0,VALID,80.1,VALID,83.673,VALID,90.1,VALID,78.3,VALID,14.515,VALID,14.641,VALID,15.462,VALID,13.854,VALID,789.5,VALID,789.787,VALID,790.3,VALID,789.5,VALID,273.107,VALID,202.557,VALID,306.054,VALID,160.889,VALID,0.0,VALID,1.81,INVALID,0.0,VALID,1.81,VALID - DEFAULT VALUE,161.274,
9/13/15 5:00:03 PM,VALID,20.6,VALID,19.193,VALID,20.6,VALID,18.1,VALID,69.0,VALID,74.65,VALID,81.0,VALID,68.0,VALID,14.71,VALID,14.555,VALID,15.606,VALID,13.457,VALID,789.2,VALID,789.232,VALID,789.5,VALID,788.9,VALID,731.197,VALID,364.88,VALID,735.136,VALID,262.384,VALID,0.0,VALID,0.0,INVALID,0.0,VALID,0.0,VALID - DEFAULT VALUE,161.454,
9/13/15 6:00:02 PM,VALID,21.0,VALID,21.228,VALID,21.7,VALID,20.8,VALID,64.8,VALID,64.182,VALID,68.6,VALID,61.2,VALID,14.119,VALID,14.183,VALID,15.011,VALID,13.582,VALID,789.3,VALID,789.235,VALID,789.3,VALID,789.2,VALID,218.651,VALID,467.301,VALID,781.988,VALID,218.651,VALID,0.0,VALID,0.0,INVALID,0.0,VALID,0.0,VALID - DEFAULT VALUE,161.55,
9/13/15 7:00:02 PM,VALID,17.2,VALID,18.751,VALID,20.8,VALID,17.2,VALID,75.7,VALID,72.128,VALID,76.1,VALID,65.5,VALID,12.869,VALID,13.62,VALID,14.487,VALID,12.653,VALID,789.8,VALID,789.397,VALID,789.8,VALID,789.2,VALID,66.879,VALID,103.251,VALID,217.036,VALID,52.014,VALID,0.0,VALID,0.01,INVALID,0.0,VALID,0.01,VALID - DEFAULT VALUE,161.835,
9/13/15 8:00:02 PM,VALID,16.5,VALID,16.597,VALID,17.2,VALID,16.4,VALID,81.4,VALID,81.468,VALID,83.7,VALID,76.5,VALID,13.302,VALID,13.406,VALID,13.73,VALID,12.978,VALID,790.2,VALID,790.057,VALID,790.3,VALID,789.7,VALID,0.004,VALID,22.797,VALID,88.727,VALID,0.002,VALID,0.0,VALID,3.33,INVALID,0.0,VALID,3.33,VALID - DEFAULT VALUE,160.725,
9/13/15 9:00:02 PM,VALID,16.3,VALID,16.653,VALID,16.8,VALID,16.3,VALID,85.2,VALID,83.698,VALID,86.1,VALID,78.8,VALID,13.808,VALID,13.877,VALID,14.461,VALID,12.902,VALID,790.9,VALID,790.512,VALID,790.9,VALID,790.2,VALID,0.022,VALID,0.016,VALID,0.062,VALID,-0.017,VALID,0.3,VALID,1.05,INVALID,0.0,VALID,1.05,VALID - DEFAULT VALUE,160.214,
9/13/15 10:00:02 PM,VALID,14.8,VALID,15.182,VALID,16.3,VALID,14.7,VALID,90.9,VALID,88.815,VALID,92.4,VALID,83.9,VALID,13.327,VALID,13.34,VALID,13.818,VALID,12.818,VALID,791.8,VALID,791.41,VALID,791.8,VALID,790.9,VALID,0.016,VALID,0.026,VALID,0.046,VALID,0.0,VALID,0.0,VALID,21.54,INVALID,0.0,VALID,21.54,VALID - DEFAULT VALUE,145.807,
9/13/15 11:00:02 PM,VALID,15.4,VALID,15.257,VALID,15.5,VALID,14.8,VALID,89.7,VALID,89.433,VALID,91.6,VALID,86.3,VALID,13.715,VALID,13.526,VALID,13.742,VALID,13.122,VALID,792.5,VALID,792.103,VALID,792.5,VALID,791.8,VALID,0.001,VALID,0.009,VALID,0.03,VALID,-0.018,VALID,0.0,VALID,0.17,INVALID,0.0,VALID,0.17,VALID - DEFAULT VALUE,145.361,
