,,WXT510_1,,TA_Stat1h,,TA_Stat1h,,TA_Stat1h,,WXT510_1,,RH_Stat1h,,RH_Stat1h,,RH_Stat1h,,DP_1m,,DP_Stat1h,,DP_Stat1h,,DP_Stat1h,,WXT510_1,,PA_Stat1h,,PA_Stat1h,,PA_Stat1h,,SR_1m,,SR_Stat1h,,SR_Stat1h,,SR_Stat1h,,WXT510_1,,PR_Slide_Sum,,PR_Sum1h,,PR_Sum1h,,Evaporation,
time,status,TA,status,Avg,status,Max,status,Min,status,RH,status,Avg,status,Max,status,Min,status,DP,status,Avg,status,Max,status,Min,status,PA,status,Avg,status,Max,status,Min,status,Avg,status,Avg,status,Max,status,Min,status,Rain_amount,status,PR_Slide_Sum1h,status,PR_Sum1h_CurrHour,status,PR_Sum1h_PrevHour,status,value,
9/6/15 12:00:05 AM,VALID,16.5,VALID,16.748,VALID,17.1,VALID,16.5,VALID,60.5,VALID,60.05,VALID,61.0,VALID,58.4,VALID,8.827,VALID,8.949,VALID,9.13,VALID,8.773,VALID,793.2,VALID,793.118,VALID,793.3,VALID,792.9,VALID,0.031,VALID,0.01,VALID,0.033,VALID,-0.018,VALID,0.0,VALID,0.0,INVALID,0.0,VALID,0.0,VALID - DEFAULT VALUE,155.804,
9/6/15 1:00:03 AM,VALID,16.2,VALID,16.295,VALID,16.5,VALID,16.2,VALID,65.4,VALID,63.523,VALID,65.9,VALID,60.9,VALID,9.701,VALID,9.355,VALID,9.815,VALID,8.924,VALID,793.5,VALID,793.368,VALID,793.5,VALID,793.2,VALID,0.015,VALID,0.012,VALID,0.038,VALID,-0.008,VALID,0.0,VALID,0.0,INVALID,0.0,VALID,0.0,VALID - DEFAULT VALUE,156.365,
9/6/15 2:00:02 AM,VALID,15.4,VALID,15.982,VALID,16.3,VALID,15.4,VALID,71.1,VALID,68.293,VALID,71.1,VALID,65.5,VALID,10.186,VALID,10.137,VALID,10.467,VALID,9.697,VALID,793.0,VALID,793.34,VALID,793.6,VALID,793.0,VALID,0.005,VALID,0.001,VALID,0.035,VALID,-0.024,VALID,0.0,VALID,0.0,INVALID,0.0,VALID,0.0,VALID - DEFAULT VALUE,156.398,
9/6/15 3:00:02 AM,VALID,14.6,VALID,15.038,VALID,15.4,VALID,14.6,VALID,74.8,VALID,73.287,VALID,75.4,VALID,71.2,VALID,10.175,VALID,10.29,VALID,10.441,VALID,10.147,VALID,792.8,VALID,792.857,VALID,793.0,VALID,792.7,VALID,-0.014,VALID,0.008,VALID,0.033,VALID,-0.025,VALID,0.0,VALID,0.0,INVALID,0.0,VALID,0.0,VALID - DEFAULT VALUE,156.386,
9/6/15 4:00:02 AM,VALID,14.1,VALID,14.26,VALID,14.6,VALID,14.1,VALID,77.2,VALID,77.148,VALID,79.7,VALID,74.5,VALID,10.164,VALID,10.307,VALID,10.837,VALID,10.115,VALID,792.1,VALID,792.457,VALID,792.8,VALID,792.1,VALID,-0.009,VALID,0.002,VALID,0.034,VALID,-0.027,VALID,0.0,VALID,0.0,INVALID,0.0,VALID,0.0,VALID - DEFAULT VALUE,156.389,
9/6/15 5:00:02 AM,VALID,13.9,VALID,13.968,VALID,14.1,VALID,13.7,VALID,75.8,VALID,77.635,VALID,79.8,VALID,75.8,VALID,9.697,VALID,10.12,VALID,10.448,VALID,9.697,VALID,792.4,VALID,792.293,VALID,792.4,VALID,792.1,VALID,0.0,VALID,0.004,VALID,0.033,VALID,-0.024,VALID,0.0,VALID,0.0,INVALID,0.0,VALID,0.0,VALID - DEFAULT VALUE,156.502,
9/6/15 6:00:03 AM,VALID,12.5,VALID,13.23,VALID,13.9,VALID,12.5,VALID,80.6,VALID,78.14,VALID,80.8,VALID,75.4,VALID,9.252,VALID,9.496,VALID,9.698,VALID,9.234,VALID,793.0,VALID,792.68,VALID,793.0,VALID,792.3,VALID,0.021,VALID,0.009,VALID,0.04,VALID,-0.02,VALID,0.0,VALID,0.0,INVALID,0.0,VALID,0.0,VALID - DEFAULT VALUE,156.503,
9/6/15 7:00:02 AM,VALID,11.9,VALID,12.215,VALID,12.5,VALID,11.9,VALID,82.2,VALID,80.685,VALID,82.2,VALID,79.4,VALID,8.958,VALID,8.989,VALID,9.234,VALID,8.783,VALID,792.7,VALID,792.802,VALID,792.9,VALID,792.6,VALID,0.06,VALID,0.014,VALID,0.06,VALID,-0.022,VALID,0.0,VALID,0.0,INVALID,0.0,VALID,0.0,VALID - DEFAULT VALUE,156.556,
9/6/15 8:00:03 AM,VALID,12.3,VALID,12.04,VALID,12.3,VALID,11.9,VALID,79.0,VALID,80.833,VALID,82.5,VALID,79.0,VALID,8.76,VALID,8.845,VALID,9.074,VALID,8.584,VALID,793.0,VALID,792.88,VALID,793.1,VALID,792.6,VALID,93.426,VALID,23.923,VALID,93.426,VALID,0.062,VALID,0.0,VALID,0.02,INVALID,0.0,VALID,0.02,VALID - DEFAULT VALUE,156.537,
9/6/15 9:00:03 AM,VALID,14.2,VALID,13.415,VALID,14.2,VALID,12.3,VALID,70.5,VALID,72.84,VALID,79.0,VALID,66.1,VALID,8.908,VALID,8.619,VALID,8.979,VALID,7.67,VALID,792.7,VALID,792.88,VALID,793.0,VALID,792.7,VALID,305.601,VALID,201.774,VALID,309.923,VALID,94.099,VALID,0.0,VALID,0.0,INVALID,0.0,VALID,0.0,VALID - DEFAULT VALUE,156.628,
9/6/15 10:00:03 AM,VALID,16.9,VALID,15.535,VALID,16.9,VALID,14.2,VALID,58.4,VALID,64.118,VALID,70.7,VALID,58.3,VALID,8.679,VALID,8.75,VALID,9.021,VALID,8.307,VALID,793.2,VALID,792.955,VALID,793.2,VALID,792.7,VALID,552.367,VALID,442.049,VALID,555.905,VALID,304.684,VALID,0.0,VALID,0.0,INVALID,0.0,VALID,0.0,VALID - DEFAULT VALUE,156.661,
9/6/15 11:00:03 AM,VALID,19.5,VALID,18.008,VALID,19.5,VALID,16.8,VALID,47.2,VALID,54.132,VALID,58.3,VALID,47.2,VALID,7.944,VALID,8.565,VALID,9.046,VALID,7.944,VALID,793.4,VALID,793.37,VALID,793.5,VALID,793.2,VALID,768.702,VALID,684.291,VALID,770.835,VALID,551.749,VALID,0.0,VALID,0.0,INVALID,0.0,VALID,0.0,VALID - DEFAULT VALUE,156.839,
9/6/15 12:00:03 PM,VALID,20.8,VALID,20.527,VALID,21.6,VALID,19.5,VALID,44.7,VALID,44.677,VALID,48.3,VALID,42.2,VALID,8.326,VALID,8.062,VALID,8.477,VALID,7.476,VALID,793.1,VALID,793.213,VALID,793.4,VALID,793.1,VALID,920.974,VALID,848.69,VALID,920.974,VALID,765.637,VALID,0.0,VALID,0.0,INVALID,0.0,VALID,0.0,VALID - DEFAULT VALUE,157.018,
9/6/15 1:00:03 PM,VALID,22.9,VALID,22.33,VALID,23.1,VALID,21.0,VALID,40.0,VALID,42.13,VALID,44.8,VALID,40.0,VALID,8.578,VALID,8.831,VALID,9.337,VALID,8.253,VALID,792.5,VALID,792.798,VALID,793.1,VALID,792.4,VALID,1017.629,VALID,943.046,VALID,1017.629,VALID,633.291,VALID,0.0,VALID,0.0,INVALID,0.0,VALID,0.0,VALID - DEFAULT VALUE,157.243,
9/6/15 2:00:02 PM,VALID,23.7,VALID,23.382,VALID,24.2,VALID,22.5,VALID,39.5,VALID,39.97,VALID,41.3,VALID,38.5,VALID,9.107,VALID,8.996,VALID,9.44,VALID,8.288,VALID,791.7,VALID,792.047,VALID,792.4,VALID,791.7,VALID,407.329,VALID,768.232,VALID,1322.77,VALID,274.966,VALID,0.0,VALID,0.0,INVALID,0.0,VALID,0.0,VALID - DEFAULT VALUE,157.512,
9/6/15 3:00:02 PM,VALID,22.5,VALID,23.535,VALID,24.3,VALID,22.5,VALID,50.4,VALID,41.673,VALID,50.4,VALID,38.1,VALID,11.675,VALID,9.731,VALID,11.675,VALID,9.041,VALID,791.1,VALID,791.34,VALID,791.7,VALID,791.0,VALID,130.271,VALID,471.381,VALID,1311.562,VALID,130.271,VALID,0.0,VALID,0.0,INVALID,0.0,VALID,0.0,VALID - DEFAULT VALUE,157.992,
9/6/15 4:00:03 PM,VALID,22.7,VALID,22.183,VALID,22.7,VALID,21.7,VALID,51.6,VALID,52.897,VALID,55.0,VALID,50.4,VALID,12.217,VALID,12.113,VALID,12.604,VALID,11.675,VALID,790.7,VALID,790.962,VALID,791.2,VALID,790.7,VALID,988.404,VALID,605.902,VALID,1225.432,VALID,121.6,VALID,0.0,VALID,0.0,INVALID,0.0,VALID,0.0,VALID - DEFAULT VALUE,158.54,
9/6/15 5:00:02 PM,VALID,22.6,VALID,22.268,VALID,22.8,VALID,21.9,VALID,52.6,VALID,53.448,VALID,55.6,VALID,51.5,VALID,12.417,VALID,12.35,VALID,12.799,VALID,11.751,VALID,790.4,VALID,790.49,VALID,790.7,VALID,790.4,VALID,813.849,VALID,745.857,VALID,963.074,VALID,258.674,VALID,0.0,VALID,0.0,INVALID,0.0,VALID,0.0,VALID - DEFAULT VALUE,159.109,
9/6/15 6:00:02 PM,VALID,22.2,VALID,22.292,VALID,22.6,VALID,21.9,VALID,51.9,VALID,52.37,VALID,55.3,VALID,50.3,VALID,11.843,VALID,12.06,VALID,12.95,VALID,11.459,VALID,790.4,VALID,790.372,VALID,790.5,VALID,790.2,VALID,156.194,VALID,369.699,VALID,845.974,VALID,115.68,VALID,0.0,VALID,0.0,INVALID,0.0,VALID,0.0,VALID - DEFAULT VALUE,159.929,
9/6/15 7:00:02 PM,VALID,16.3,VALID,19.103,VALID,22.2,VALID,16.3,VALID,88.5,VALID,72.048,VALID,89.4,VALID,51.7,VALID,14.395,VALID,13.605,VALID,15.19,VALID,11.692,VALID,791.2,VALID,791.018,VALID,791.4,VALID,790.4,VALID,9.221,VALID,39.32,VALID,307.587,VALID,9.221,VALID,0.02,VALID,5.5,INVALID,0.0,VALID,5.5,VALID - DEFAULT VALUE,157.453,
9/6/15 8:00:03 PM,VALID,16.9,VALID,16.65,VALID,16.9,VALID,16.3,VALID,88.4,VALID,88.585,VALID,90.2,VALID,85.9,VALID,14.968,VALID,14.754,VALID,15.184,VALID,14.254,VALID,791.7,VALID,791.537,VALID,791.7,VALID,791.2,VALID,0.005,VALID,1.869,VALID,9.177,VALID,-0.001,VALID,0.0,VALID,1.04,INVALID,0.0,VALID,1.04,VALID - DEFAULT VALUE,156.94,
9/6/15 9:00:03 PM,VALID,17.5,VALID,17.21,VALID,17.5,VALID,16.9,VALID,84.8,VALID,87.368,VALID,90.0,VALID,83.6,VALID,14.912,VALID,15.089,VALID,15.643,VALID,14.513,VALID,792.3,VALID,792.027,VALID,792.3,VALID,791.7,VALID,0.001,VALID,0.01,VALID,0.036,VALID,-0.013,VALID,0.0,VALID,0.0,INVALID,0.0,VALID,0.0,VALID - DEFAULT VALUE,156.889,
9/6/15 10:00:03 PM,VALID,17.6,VALID,17.735,VALID,17.9,VALID,17.5,VALID,67.8,VALID,74.435,VALID,85.3,VALID,66.4,VALID,11.576,VALID,13.095,VALID,15.003,VALID,11.165,VALID,793.0,VALID,792.648,VALID,793.0,VALID,792.3,VALID,0.013,VALID,0.004,VALID,0.03,VALID,-0.017,VALID,0.0,VALID,0.0,INVALID,0.0,VALID,0.0,VALID - DEFAULT VALUE,156.966,
9/6/15 11:00:03 PM,VALID,17.0,VALID,17.17,VALID,17.6,VALID,17.0,VALID,73.4,VALID,71.978,VALID,75.9,VALID,68.0,VALID,12.205,VALID,12.069,VALID,12.716,VALID,11.621,VALID,793.9,VALID,793.53,VALID,793.9,VALID,793.0,VALID,0.006,VALID,0.01,VALID,0.047,VALID,-0.026,VALID,0.0,VALID,0.0,INVALID,0.0,VALID,0.0,VALID - DEFAULT VALUE,156.841,
