,,WXT510_1,,TA_Stat1h,,TA_Stat1h,,TA_Stat1h,,WXT510_1,,RH_Stat1h,,RH_Stat1h,,RH_Stat1h,,DP_1m,,DP_Stat1h,,DP_Stat1h,,DP_Stat1h,,WXT510_1,,PA_Stat1h,,PA_Stat1h,,PA_Stat1h,,SR_1m,,SR_Stat1h,,SR_Stat1h,,SR_Stat1h,,WXT510_1,,PR_Slide_Sum,,PR_Sum1h,,PR_Sum1h,,Evaporation,
time,status,TA,status,Avg,status,Max,status,Min,status,RH,status,Avg,status,Max,status,Min,status,DP,status,Avg,status,Max,status,Min,status,PA,status,Avg,status,Max,status,Min,status,Avg,status,Avg,status,Max,status,Min,status,Rain_amount,status,PR_Slide_Sum1h,status,PR_Sum1h_CurrHour,status,PR_Sum1h_PrevHour,status,value,
9/17/15 12:00:03 AM,VALID,15.7,VALID,15.913,VALID,16.0,VALID,15.7,VALID,88.9,VALID,88.22,VALID,90.3,VALID,86.3,VALID,13.873,VALID,13.964,VALID,14.277,VALID,13.613,VALID,793.6,VALID,793.545,VALID,793.6,VALID,793.5,VALID,0.004,VALID,0.004,VALID,0.035,VALID,-0.02,VALID,0.0,VALID,0.0,INVALID,0.0,VALID,0.0,VALID - DEFAULT VALUE,126.219,
9/17/15 1:00:03 AM,VALID,15.7,VALID,15.692,VALID,15.7,VALID,15.6,VALID,88.0,VALID,88.623,VALID,90.0,VALID,87.6,VALID,13.716,VALID,13.817,VALID,14.063,VALID,13.646,VALID,793.5,VALID,793.512,VALID,793.6,VALID,793.4,VALID,0.025,VALID,0.022,VALID,0.045,VALID,-0.009,VALID,0.0,VALID,0.0,INVALID,0.0,VALID,0.0,VALID - DEFAULT VALUE,126.218,
9/17/15 2:00:03 AM,VALID,15.6,VALID,15.667,VALID,15.7,VALID,15.6,VALID,90.7,VALID,88.33,VALID,90.7,VALID,87.2,VALID,14.084,VALID,13.74,VALID,14.084,VALID,13.495,VALID,793.3,VALID,793.447,VALID,793.5,VALID,793.3,VALID,0.017,VALID,0.033,VALID,0.065,VALID,0.01,VALID,0.0,VALID,0.0,INVALID,0.0,VALID,0.0,VALID - DEFAULT VALUE,126.182,
9/17/15 3:00:02 AM,VALID,15.5,VALID,15.555,VALID,15.6,VALID,15.5,VALID,91.7,VALID,91.432,VALID,91.8,VALID,90.8,VALID,14.154,VALID,14.163,VALID,14.253,VALID,14.101,VALID,792.8,VALID,793.0,VALID,793.3,VALID,792.8,VALID,0.019,VALID,0.017,VALID,0.046,VALID,-0.003,VALID,0.0,VALID,0.0,INVALID,0.0,VALID,0.0,VALID - DEFAULT VALUE,126.149,
9/17/15 4:00:02 AM,VALID,15.2,VALID,15.365,VALID,15.5,VALID,15.2,VALID,89.9,VALID,90.517,VALID,91.9,VALID,89.1,VALID,13.552,VALID,13.82,VALID,14.188,VALID,13.513,VALID,792.4,VALID,792.567,VALID,792.8,VALID,792.4,VALID,0.03,VALID,0.018,VALID,0.038,VALID,-0.016,VALID,0.0,VALID,0.0,INVALID,0.0,VALID,0.0,VALID - DEFAULT VALUE,126.142,
9/17/15 5:00:02 AM,VALID,15.1,VALID,15.117,VALID,15.2,VALID,15.1,VALID,90.8,VALID,90.662,VALID,91.2,VALID,89.9,VALID,13.606,VALID,13.599,VALID,13.674,VALID,13.539,VALID,792.3,VALID,792.373,VALID,792.5,VALID,792.3,VALID,0.017,VALID,0.021,VALID,0.043,VALID,-0.011,VALID,0.0,VALID,0.0,INVALID,0.0,VALID,0.0,VALID - DEFAULT VALUE,126.157,
9/17/15 6:00:03 AM,VALID,15.0,VALID,15.035,VALID,15.1,VALID,14.9,VALID,88.2,VALID,89.2,VALID,91.2,VALID,87.8,VALID,13.062,VALID,13.268,VALID,13.674,VALID,12.894,VALID,792.2,VALID,792.283,VALID,792.4,VALID,792.2,VALID,0.014,VALID,0.018,VALID,0.038,VALID,-0.007,VALID,0.0,VALID,0.0,INVALID,0.0,VALID,0.0,VALID - DEFAULT VALUE,126.172,
9/17/15 7:00:02 AM,VALID,15.0,VALID,14.995,VALID,15.0,VALID,14.9,VALID,87.6,VALID,88.13,VALID,88.9,VALID,87.2,VALID,12.957,VALID,13.044,VALID,13.183,VALID,12.887,VALID,792.7,VALID,792.472,VALID,792.7,VALID,792.2,VALID,0.026,VALID,0.025,VALID,0.053,VALID,-0.0,VALID,0.0,VALID,0.0,INVALID,0.0,VALID,0.0,VALID - DEFAULT VALUE,126.18,
9/17/15 8:00:03 AM,VALID,15.2,VALID,15.087,VALID,15.2,VALID,15.0,VALID,86.8,VALID,87.398,VALID,88.5,VALID,86.3,VALID,13.014,VALID,13.007,VALID,13.212,VALID,12.782,VALID,793.1,VALID,792.935,VALID,793.1,VALID,792.7,VALID,19.986,VALID,6.189,VALID,20.339,VALID,0.021,VALID,0.0,VALID,0.0,INVALID,0.0,VALID,0.0,VALID - DEFAULT VALUE,126.181,
9/17/15 9:00:03 AM,VALID,15.6,VALID,15.337,VALID,15.6,VALID,15.2,VALID,83.8,VALID,87.132,VALID,88.6,VALID,83.0,VALID,12.868,VALID,13.204,VALID,13.414,VALID,12.721,VALID,793.3,VALID,793.187,VALID,793.3,VALID,793.1,VALID,77.287,VALID,47.571,VALID,82.894,VALID,19.684,VALID,0.0,VALID,0.0,INVALID,0.0,VALID,0.0,VALID - DEFAULT VALUE,126.139,
9/17/15 10:00:03 AM,VALID,16.7,VALID,16.228,VALID,16.8,VALID,15.6,VALID,77.5,VALID,79.988,VALID,84.2,VALID,74.8,VALID,12.744,VALID,12.76,VALID,13.234,VALID,12.3,VALID,793.6,VALID,793.418,VALID,793.6,VALID,793.3,VALID,179.487,VALID,126.404,VALID,179.487,VALID,77.566,VALID,0.0,VALID,0.0,INVALID,0.0,VALID,0.0,VALID - DEFAULT VALUE,126.155,
9/17/15 11:00:03 AM,VALID,18.1,VALID,17.195,VALID,18.1,VALID,16.6,VALID,69.9,VALID,73.533,VALID,78.4,VALID,68.4,VALID,12.518,VALID,12.411,VALID,12.921,VALID,12.122,VALID,793.6,VALID,793.652,VALID,793.7,VALID,793.6,VALID,582.724,VALID,299.487,VALID,582.724,VALID,180.304,VALID,0.0,VALID,0.0,INVALID,0.0,VALID,0.0,VALID - DEFAULT VALUE,126.209,
9/17/15 12:00:03 PM,VALID,19.7,VALID,19.568,VALID,20.3,VALID,18.0,VALID,62.7,VALID,62.795,VALID,69.1,VALID,59.8,VALID,12.382,VALID,12.272,VALID,12.813,VALID,11.551,VALID,793.3,VALID,793.465,VALID,793.6,VALID,793.3,VALID,598.916,VALID,737.283,VALID,1087.726,VALID,423.619,VALID,0.0,VALID,0.0,INVALID,0.0,VALID,0.0,VALID - DEFAULT VALUE,126.431,
9/17/15 1:00:03 PM,VALID,20.8,VALID,20.465,VALID,21.0,VALID,19.8,VALID,55.8,VALID,56.607,VALID,61.9,VALID,51.7,VALID,11.643,VALID,11.535,VALID,12.364,VALID,10.123,VALID,792.6,VALID,792.945,VALID,793.3,VALID,792.6,VALID,633.161,VALID,588.756,VALID,818.993,VALID,526.508,VALID,0.0,VALID,0.0,INVALID,0.0,VALID,0.0,VALID - DEFAULT VALUE,126.659,
9/17/15 2:00:02 PM,VALID,22.4,VALID,21.492,VALID,22.9,VALID,20.6,VALID,50.1,VALID,52.355,VALID,55.5,VALID,48.4,VALID,11.493,VALID,11.306,VALID,11.909,VALID,10.025,VALID,791.8,VALID,792.178,VALID,792.6,VALID,791.7,VALID,1061.185,VALID,664.086,VALID,1188.897,VALID,512.661,VALID,0.0,VALID,0.0,INVALID,0.0,VALID,0.0,VALID - DEFAULT VALUE,126.844,
9/17/15 3:00:02 PM,VALID,22.7,VALID,22.76,VALID,23.3,VALID,22.0,VALID,55.3,VALID,51.572,VALID,56.8,VALID,45.1,VALID,13.275,VALID,12.236,VALID,13.686,VALID,10.184,VALID,790.8,VALID,791.165,VALID,791.7,VALID,790.7,VALID,551.153,VALID,923.286,VALID,1256.419,VALID,389.419,VALID,0.0,VALID,0.0,INVALID,0.0,VALID,0.0,VALID - DEFAULT VALUE,127.189,
