,,WXT510_1,,TA_Stat1h,,TA_Stat1h,,TA_Stat1h,,WXT510_1,,RH_Stat1h,,RH_Stat1h,,RH_Stat1h,,DP_1m,,DP_Stat1h,,DP_Stat1h,,DP_Stat1h,,WXT510_1,,PA_Stat1h,,PA_Stat1h,,PA_Stat1h,,SR_1m,,SR_Stat1h,,SR_Stat1h,,SR_Stat1h,,WXT510_1,,PR_Slide_Sum,,PR_Sum1h,,PR_Sum1h,,Evaporation,
time,status,TA,status,Avg,status,Max,status,Min,status,RH,status,Avg,status,Max,status,Min,status,DP,status,Avg,status,Max,status,Min,status,PA,status,Avg,status,Max,status,Min,status,Avg,status,Avg,status,Max,status,Min,status,Rain_amount,status,PR_Slide_Sum1h,status,PR_Sum1h_CurrHour,status,PR_Sum1h_PrevHour,status,value,
8/20/15 12:00:03 AM,VALID,19.0,VALID,19.178,VALID,19.3,VALID,19.0,VALID,64.3,VALID,64.512,VALID,65.7,VALID,63.5,VALID,12.103,VALID,12.322,VALID,12.529,VALID,12.103,VALID,792.2,VALID,792.262,VALID,792.3,VALID,792.2,VALID,0.041,VALID,-0.001,VALID,0.06,VALID,-0.044,VALID,0.0,VALID,0.0,INVALID,0.0,VALID,0.0,VALID - DEFAULT VALUE,179.243,
8/20/15 1:00:03 AM,VALID,16.8,VALID,18.105,VALID,19.1,VALID,16.8,VALID,72.1,VALID,67.903,VALID,72.1,VALID,64.4,VALID,11.742,VALID,12.065,VALID,12.631,VALID,11.647,VALID,792.4,VALID,792.212,VALID,792.4,VALID,792.1,VALID,0.009,VALID,0.008,VALID,0.068,VALID,-0.032,VALID,0.0,VALID,0.0,INVALID,0.0,VALID,0.0,VALID - DEFAULT VALUE,179.381,
8/20/15 2:00:02 AM,VALID,16.2,VALID,16.748,VALID,17.0,VALID,16.2,VALID,73.8,VALID,72.355,VALID,73.8,VALID,71.6,VALID,11.517,VALID,11.745,VALID,11.971,VALID,11.517,VALID,792.0,VALID,792.22,VALID,792.4,VALID,792.0,VALID,-0.009,VALID,0.013,VALID,0.035,VALID,-0.009,VALID,0.0,VALID,0.0,INVALID,0.0,VALID,0.0,VALID - DEFAULT VALUE,179.417,
8/20/15 3:00:03 AM,VALID,15.8,VALID,15.957,VALID,16.2,VALID,15.8,VALID,74.6,VALID,74.337,VALID,74.8,VALID,73.8,VALID,11.294,VALID,11.392,VALID,11.584,VALID,11.228,VALID,791.8,VALID,791.672,VALID,791.9,VALID,791.5,VALID,0.013,VALID,-0.006,VALID,0.02,VALID,-0.032,VALID,0.0,VALID,0.0,INVALID,0.0,VALID,0.0,VALID - DEFAULT VALUE,179.452,
8/20/15 4:00:03 AM,VALID,15.1,VALID,15.433,VALID,15.8,VALID,15.1,VALID,76.7,VALID,75.445,VALID,76.7,VALID,74.4,VALID,11.036,VALID,11.109,VALID,11.294,VALID,10.977,VALID,791.6,VALID,791.653,VALID,791.8,VALID,791.6,VALID,0.015,VALID,0.018,VALID,0.059,VALID,-0.025,VALID,0.0,VALID,0.0,INVALID,0.0,VALID,0.0,VALID - DEFAULT VALUE,179.515,
8/20/15 5:00:03 AM,VALID,14.4,VALID,14.762,VALID,15.1,VALID,14.4,VALID,78.6,VALID,77.028,VALID,78.6,VALID,76.4,VALID,10.725,VALID,10.772,VALID,11.075,VALID,10.494,VALID,791.8,VALID,791.71,VALID,791.8,VALID,791.5,VALID,0.046,VALID,0.008,VALID,0.047,VALID,-0.036,VALID,0.0,VALID,0.0,INVALID,0.0,VALID,0.0,VALID - DEFAULT VALUE,179.564,
8/20/15 6:00:03 AM,VALID,14.5,VALID,14.56,VALID,14.8,VALID,14.3,VALID,78.1,VALID,77.798,VALID,79.6,VALID,76.3,VALID,10.727,VALID,10.725,VALID,11.013,VALID,10.57,VALID,792.1,VALID,791.885,VALID,792.1,VALID,791.8,VALID,0.018,VALID,0.005,VALID,0.054,VALID,-0.027,VALID,0.0,VALID,0.0,INVALID,0.0,VALID,0.0,VALID - DEFAULT VALUE,179.568,
8/20/15 7:00:03 AM,VALID,14.0,VALID,14.193,VALID,14.5,VALID,14.0,VALID,79.5,VALID,78.875,VALID,79.7,VALID,77.2,VALID,10.508,VALID,10.576,VALID,10.781,VALID,10.453,VALID,792.4,VALID,792.313,VALID,792.5,VALID,792.1,VALID,0.196,VALID,0.018,VALID,0.196,VALID,-0.026,VALID,0.0,VALID,0.0,INVALID,0.0,VALID,0.0,VALID - DEFAULT VALUE,179.598,
8/20/15 8:00:02 AM,VALID,13.4,VALID,13.57,VALID,13.9,VALID,13.4,VALID,77.5,VALID,79.203,VALID,79.9,VALID,77.5,VALID,9.543,VALID,10.033,VALID,10.41,VALID,9.543,VALID,792.7,VALID,792.523,VALID,792.7,VALID,792.4,VALID,35.62,VALID,11.256,VALID,35.62,VALID,0.196,VALID,0.0,VALID,0.0,INVALID,0.0,VALID,0.0,VALID - DEFAULT VALUE,179.607,
8/20/15 9:00:02 AM,VALID,15.5,VALID,14.477,VALID,15.5,VALID,13.4,VALID,70.5,VALID,73.662,VALID,78.0,VALID,70.2,VALID,10.155,VALID,9.816,VALID,10.155,VALID,9.563,VALID,792.8,VALID,792.79,VALID,792.9,VALID,792.7,VALID,83.47,VALID,63.815,VALID,83.47,VALID,35.009,VALID,0.0,VALID,0.0,INVALID,0.0,VALID,0.0,VALID - DEFAULT VALUE,179.636,
8/20/15 10:00:02 AM,VALID,18.7,VALID,17.235,VALID,18.7,VALID,15.6,VALID,64.2,VALID,66.877,VALID,70.2,VALID,64.0,VALID,11.795,VALID,11.013,VALID,11.795,VALID,10.166,VALID,793.0,VALID,792.918,VALID,793.0,VALID,792.7,VALID,110.251,VALID,163.902,VALID,427.497,VALID,84.129,VALID,0.0,VALID,0.0,INVALID,0.0,VALID,0.0,VALID - DEFAULT VALUE,179.649,
8/20/15 11:00:02 AM,VALID,20.3,VALID,19.34,VALID,20.3,VALID,18.6,VALID,58.6,VALID,61.443,VALID,64.2,VALID,58.6,VALID,11.918,VALID,11.728,VALID,12.165,VALID,11.439,VALID,792.9,VALID,792.993,VALID,793.1,VALID,792.9,VALID,784.921,VALID,562.919,VALID,784.921,VALID,110.76,VALID,0.0,VALID,0.0,INVALID,0.0,VALID,0.0,VALID - DEFAULT VALUE,179.67,
8/20/15 12:00:02 PM,VALID,22.1,VALID,21.153,VALID,22.1,VALID,20.3,VALID,48.2,VALID,54.2,VALID,58.3,VALID,47.4,VALID,10.634,VALID,11.498,VALID,12.46,VALID,10.017,VALID,792.6,VALID,792.757,VALID,792.9,VALID,792.6,VALID,951.374,VALID,846.866,VALID,951.799,VALID,786.464,VALID,0.0,VALID,0.0,INVALID,0.0,VALID,0.0,VALID - DEFAULT VALUE,179.926,
8/20/15 1:00:02 PM,VALID,24.5,VALID,23.178,VALID,24.5,VALID,22.1,VALID,39.0,VALID,44.735,VALID,50.2,VALID,38.6,VALID,9.632,VALID,10.452,VALID,11.615,VALID,9.3,VALID,792.2,VALID,792.468,VALID,792.6,VALID,792.2,VALID,1054.298,VALID,962.738,VALID,1054.298,VALID,892.537,VALID,0.0,VALID,0.0,INVALID,0.0,VALID,0.0,VALID - DEFAULT VALUE,180.309,
8/20/15 2:00:02 PM,VALID,24.7,VALID,24.585,VALID,25.0,VALID,24.1,VALID,42.4,VALID,41.003,VALID,43.9,VALID,36.1,VALID,11.065,VALID,10.441,VALID,11.632,VALID,8.22,VALID,791.5,VALID,791.84,VALID,792.2,VALID,791.5,VALID,1030.182,VALID,789.87,VALID,1157.984,VALID,284.739,VALID,0.0,VALID,0.0,INVALID,0.0,VALID,0.0,VALID - DEFAULT VALUE,180.735,
8/20/15 3:00:03 PM,VALID,25.0,VALID,25.452,VALID,26.2,VALID,24.7,VALID,44.7,VALID,42.362,VALID,45.4,VALID,39.7,VALID,12.136,VALID,11.719,VALID,12.372,VALID,10.976,VALID,790.4,VALID,790.865,VALID,791.4,VALID,790.4,VALID,476.245,VALID,997.995,VALID,1257.84,VALID,473.62,VALID,0.0,VALID,0.0,INVALID,0.0,VALID,0.0,VALID - DEFAULT VALUE,181.439,
8/20/15 4:00:03 PM,VALID,25.3,VALID,24.718,VALID,25.3,VALID,24.4,VALID,45.1,VALID,45.493,VALID,47.1,VALID,43.1,VALID,12.544,VALID,12.144,VALID,12.66,VALID,11.396,VALID,789.7,VALID,790.013,VALID,790.4,VALID,789.7,VALID,872.73,VALID,627.339,VALID,968.896,VALID,335.346,VALID,0.0,VALID,0.0,INVALID,0.0,VALID,0.0,VALID - DEFAULT VALUE,182.239,
8/20/15 5:00:03 PM,VALID,15.6,VALID,22.555,VALID,25.6,VALID,15.6,VALID,73.6,VALID,47.315,VALID,73.6,VALID,31.2,VALID,10.897,VALID,10.449,VALID,12.174,VALID,5.217,VALID,790.2,VALID,789.933,VALID,790.4,VALID,789.6,VALID,106.416,VALID,524.445,VALID,962.57,VALID,65.686,VALID,0.0,VALID,0.75,INVALID,0.0,VALID,0.75,VALID - DEFAULT VALUE,180.958,
8/20/15 6:00:03 PM,VALID,17.1,VALID,16.578,VALID,17.3,VALID,15.3,VALID,69.0,VALID,73.607,VALID,79.3,VALID,64.6,VALID,11.364,VALID,11.827,VALID,12.398,VALID,10.466,VALID,790.8,VALID,790.292,VALID,790.8,VALID,789.6,VALID,17.208,VALID,46.431,VALID,218.487,VALID,17.208,VALID,0.02,VALID,1.78,INVALID,0.0,VALID,1.78,VALID - DEFAULT VALUE,182.017,
8/20/15 7:00:02 PM,VALID,16.9,VALID,17.062,VALID,17.2,VALID,16.9,VALID,83.4,VALID,77.578,VALID,84.5,VALID,69.6,VALID,14.066,VALID,13.093,VALID,14.563,VALID,11.591,VALID,790.7,VALID,790.828,VALID,791.1,VALID,790.6,VALID,20.599,VALID,18.026,VALID,21.63,VALID,14.445,VALID,0.0,VALID,1.63,INVALID,0.0,VALID,1.63,VALID - DEFAULT VALUE,181.687,
8/20/15 8:00:02 PM,VALID,17.6,VALID,17.582,VALID,18.1,VALID,16.8,VALID,80.2,VALID,79.958,VALID,85.0,VALID,73.3,VALID,14.145,VALID,14.07,VALID,15.165,VALID,12.955,VALID,790.8,VALID,790.67,VALID,790.8,VALID,790.5,VALID,0.645,VALID,9.331,VALID,20.535,VALID,0.645,VALID,0.0,VALID,0.1,INVALID,0.0,VALID,0.1,VALID - DEFAULT VALUE,181.648,
8/20/15 9:00:02 PM,VALID,18.3,VALID,17.873,VALID,18.3,VALID,17.6,VALID,75.6,VALID,80.308,VALID,85.7,VALID,73.2,VALID,13.913,VALID,14.424,VALID,15.377,VALID,13.32,VALID,791.4,VALID,791.192,VALID,791.4,VALID,790.8,VALID,0.008,VALID,0.068,VALID,0.633,VALID,-0.018,VALID,0.0,VALID,0.0,INVALID,0.0,VALID,0.0,VALID - DEFAULT VALUE,181.633,
8/20/15 10:00:02 PM,VALID,18.0,VALID,18.378,VALID,18.6,VALID,18.0,VALID,78.4,VALID,75.843,VALID,81.8,VALID,70.5,VALID,14.183,VALID,14.031,VALID,15.329,VALID,13.032,VALID,792.3,VALID,791.928,VALID,792.3,VALID,791.4,VALID,-0.007,VALID,-0.0,VALID,0.021,VALID,-0.022,VALID,0.0,VALID,0.0,INVALID,0.0,VALID,0.0,VALID - DEFAULT VALUE,181.615,
8/20/15 11:00:02 PM,VALID,17.4,VALID,17.767,VALID,18.0,VALID,17.3,VALID,84.7,VALID,81.165,VALID,85.0,VALID,78.6,VALID,14.795,VALID,14.488,VALID,14.881,VALID,14.126,VALID,792.8,VALID,792.468,VALID,792.8,VALID,792.3,VALID,0.019,VALID,0.01,VALID,0.047,VALID,-0.019,VALID,0.0,VALID,0.0,INVALID,0.0,VALID,0.0,VALID - DEFAULT VALUE,181.624,
