,,WXT510_1,,TA_Stat1h,,TA_Stat1h,,TA_Stat1h,,WXT510_1,,RH_Stat1h,,RH_Stat1h,,RH_Stat1h,,DP_1m,,DP_Stat1h,,DP_Stat1h,,DP_Stat1h,,WXT510_1,,PA_Stat1h,,PA_Stat1h,,PA_Stat1h,,SR_1m,,SR_Stat1h,,SR_Stat1h,,SR_Stat1h,,WXT510_1,,PR_Slide_Sum,,PR_Sum1h,,PR_Sum1h,,Evaporation,
time,status,TA,status,Avg,status,Max,status,Min,status,RH,status,Avg,status,Max,status,Min,status,DP,status,Avg,status,Max,status,Min,status,PA,status,Avg,status,Max,status,Min,status,Avg,status,Avg,status,Max,status,Min,status,Rain_amount,status,PR_Slide_Sum1h,status,PR_Sum1h_CurrHour,status,PR_Sum1h_PrevHour,status,value,
8/16/15 12:00:03 AM,VALID,17.9,VALID,18.265,VALID,18.9,VALID,17.9,VALID,61.8,VALID,60.078,VALID,61.8,VALID,57.7,VALID,10.464,VALID,10.381,VALID,10.506,VALID,10.28,VALID,793.3,VALID,793.028,VALID,793.3,VALID,792.9,VALID,-0.014,VALID,0.016,VALID,0.043,VALID,-0.027,VALID,0.0,VALID,0.0,INVALID,0.0,VALID,0.0,VALID - DEFAULT VALUE,167.752,
8/16/15 1:00:02 AM,VALID,17.3,VALID,17.657,VALID,17.9,VALID,17.3,VALID,63.7,VALID,62.362,VALID,63.7,VALID,61.4,VALID,10.351,VALID,10.369,VALID,10.49,VALID,10.275,VALID,792.8,VALID,793.052,VALID,793.3,VALID,792.7,VALID,0.009,VALID,0.001,VALID,0.052,VALID,-0.036,VALID,0.0,VALID,0.0,INVALID,0.0,VALID,0.0,VALID - DEFAULT VALUE,167.788,
8/16/15 2:00:02 AM,VALID,16.5,VALID,16.965,VALID,17.3,VALID,16.5,VALID,67.8,VALID,65.478,VALID,68.1,VALID,63.7,VALID,10.526,VALID,10.443,VALID,10.644,VALID,10.323,VALID,792.7,VALID,792.673,VALID,792.8,VALID,792.6,VALID,0.002,VALID,0.001,VALID,0.025,VALID,-0.019,VALID,0.0,VALID,0.0,INVALID,0.0,VALID,0.0,VALID - DEFAULT VALUE,167.85,
8/16/15 3:00:02 AM,VALID,16.2,VALID,16.257,VALID,16.5,VALID,16.1,VALID,67.9,VALID,69.188,VALID,70.4,VALID,67.5,VALID,10.262,VALID,10.597,VALID,10.879,VALID,10.173,VALID,792.7,VALID,792.742,VALID,792.8,VALID,792.7,VALID,0.01,VALID,0.006,VALID,0.025,VALID,-0.009,VALID,0.0,VALID,0.0,INVALID,0.0,VALID,0.0,VALID - DEFAULT VALUE,167.887,
8/16/15 4:00:02 AM,VALID,16.1,VALID,16.073,VALID,16.2,VALID,16.0,VALID,66.5,VALID,67.512,VALID,68.5,VALID,66.1,VALID,9.855,VALID,10.055,VALID,10.394,VALID,9.67,VALID,792.3,VALID,792.525,VALID,792.8,VALID,792.3,VALID,0.023,VALID,0.016,VALID,0.072,VALID,-0.021,VALID,0.0,VALID,0.0,INVALID,0.0,VALID,0.0,VALID - DEFAULT VALUE,167.607,
8/16/15 5:00:02 AM,VALID,16.0,VALID,15.928,VALID,16.1,VALID,15.8,VALID,62.7,VALID,64.585,VALID,67.2,VALID,62.3,VALID,8.884,VALID,9.253,VALID,9.916,VALID,8.789,VALID,792.4,VALID,792.33,VALID,792.4,VALID,792.2,VALID,-0.002,VALID,0.005,VALID,0.042,VALID,-0.026,VALID,0.0,VALID,0.0,INVALID,0.0,VALID,0.0,VALID - DEFAULT VALUE,168.103,
8/16/15 6:00:03 AM,VALID,15.8,VALID,15.848,VALID,16.0,VALID,15.7,VALID,67.6,VALID,66.238,VALID,68.0,VALID,63.0,VALID,9.814,VALID,9.554,VALID,9.902,VALID,8.955,VALID,792.6,VALID,792.532,VALID,792.7,VALID,792.4,VALID,0.011,VALID,0.005,VALID,0.029,VALID,-0.016,VALID,0.0,VALID,0.0,INVALID,0.0,VALID,0.0,VALID - DEFAULT VALUE,168.246,
8/16/15 7:00:03 AM,VALID,15.5,VALID,15.697,VALID,15.8,VALID,15.5,VALID,66.2,VALID,66.968,VALID,68.6,VALID,65.6,VALID,9.216,VALID,9.574,VALID,10.033,VALID,9.126,VALID,792.6,VALID,792.66,VALID,792.8,VALID,792.6,VALID,0.35,VALID,0.024,VALID,0.35,VALID,-0.02,VALID,0.0,VALID,0.0,INVALID,0.0,VALID,0.0,VALID - DEFAULT VALUE,168.301,
8/16/15 8:00:03 AM,VALID,15.1,VALID,15.172,VALID,15.5,VALID,14.9,VALID,68.0,VALID,67.2,VALID,68.6,VALID,66.0,VALID,9.233,VALID,9.125,VALID,9.342,VALID,8.911,VALID,793.1,VALID,792.838,VALID,793.1,VALID,792.5,VALID,73.462,VALID,26.882,VALID,73.462,VALID,0.367,VALID,0.0,VALID,0.0,INVALID,0.0,VALID,0.0,VALID - DEFAULT VALUE,168.274,
8/16/15 9:00:03 AM,VALID,16.6,VALID,15.888,VALID,16.6,VALID,15.2,VALID,60.9,VALID,63.835,VALID,67.9,VALID,60.9,VALID,9.019,VALID,9.037,VALID,9.366,VALID,8.835,VALID,793.3,VALID,793.253,VALID,793.5,VALID,793.1,VALID,121.719,VALID,95.277,VALID,121.719,VALID,72.639,VALID,0.0,VALID,0.0,INVALID,0.0,VALID,0.0,VALID - DEFAULT VALUE,168.272,
8/16/15 10:00:03 AM,VALID,18.5,VALID,17.885,VALID,18.6,VALID,16.7,VALID,54.3,VALID,56.257,VALID,60.8,VALID,53.5,VALID,9.094,VALID,9.036,VALID,9.366,VALID,8.806,VALID,793.3,VALID,793.23,VALID,793.3,VALID,793.2,VALID,218.111,VALID,167.069,VALID,320.479,VALID,122.02,VALID,0.0,VALID,0.0,INVALID,0.0,VALID,0.0,VALID - DEFAULT VALUE,168.457,
8/16/15 11:00:03 AM,VALID,19.2,VALID,18.875,VALID,19.3,VALID,18.6,VALID,54.5,VALID,54.243,VALID,56.8,VALID,51.7,VALID,9.799,VALID,9.423,VALID,10.179,VALID,8.827,VALID,793.8,VALID,793.553,VALID,793.8,VALID,793.3,VALID,631.617,VALID,416.782,VALID,631.617,VALID,218.852,VALID,0.0,VALID,0.0,INVALID,0.0,VALID,0.0,VALID - DEFAULT VALUE,168.696,
8/16/15 12:00:02 PM,VALID,21.6,VALID,20.05,VALID,21.6,VALID,19.1,VALID,45.0,VALID,50.21,VALID,55.0,VALID,44.8,VALID,9.152,VALID,9.336,VALID,9.854,VALID,8.813,VALID,793.4,VALID,793.625,VALID,793.8,VALID,793.4,VALID,1040.586,VALID,847.22,VALID,1061.264,VALID,256.161,VALID,0.0,VALID,0.0,INVALID,0.0,VALID,0.0,VALID - DEFAULT VALUE,168.853,
8/16/15 1:00:02 PM,VALID,22.2,VALID,21.613,VALID,22.4,VALID,20.9,VALID,46.0,VALID,45.473,VALID,48.7,VALID,41.9,VALID,10.025,VALID,9.309,VALID,10.297,VALID,8.256,VALID,793.1,VALID,793.233,VALID,793.4,VALID,793.1,VALID,344.594,VALID,696.912,VALID,1253.433,VALID,293.445,VALID,0.0,VALID,0.0,INVALID,0.0,VALID,0.0,VALID - DEFAULT VALUE,169.14,
8/16/15 2:00:02 PM,VALID,22.4,VALID,22.525,VALID,23.3,VALID,21.8,VALID,44.1,VALID,43.687,VALID,45.7,VALID,41.8,VALID,9.577,VALID,9.545,VALID,9.92,VALID,9.032,VALID,792.5,VALID,792.763,VALID,793.1,VALID,792.4,VALID,1232.188,VALID,1007.348,VALID,1348.029,VALID,339.275,VALID,0.0,VALID,0.0,INVALID,0.0,VALID,0.0,VALID - DEFAULT VALUE,169.516,
8/16/15 3:00:02 PM,VALID,23.0,VALID,23.065,VALID,23.5,VALID,22.1,VALID,41.2,VALID,41.787,VALID,44.3,VALID,40.2,VALID,9.106,VALID,9.37,VALID,9.871,VALID,9.01,VALID,791.8,VALID,792.125,VALID,792.5,VALID,791.8,VALID,434.397,VALID,883.348,VALID,1302.167,VALID,414.844,VALID,0.0,VALID,0.0,INVALID,0.0,VALID,0.0,VALID - DEFAULT VALUE,170.25,
8/16/15 4:00:03 PM,VALID,23.6,VALID,23.523,VALID,24.1,VALID,22.8,VALID,39.7,VALID,40.38,VALID,42.1,VALID,39.0,VALID,9.093,VALID,9.273,VALID,9.716,VALID,8.89,VALID,790.9,VALID,791.257,VALID,791.8,VALID,790.8,VALID,588.734,VALID,778.58,VALID,1118.738,VALID,274.557,VALID,0.0,VALID,0.0,INVALID,0.0,VALID,0.0,VALID - DEFAULT VALUE,170.904,
8/16/15 5:00:02 PM,VALID,24.1,VALID,24.175,VALID,25.0,VALID,23.1,VALID,38.3,VALID,38.248,VALID,41.4,VALID,35.7,VALID,9.006,VALID,9.043,VALID,9.695,VALID,8.543,VALID,790.5,VALID,790.58,VALID,790.9,VALID,790.4,VALID,342.753,VALID,763.67,VALID,964.864,VALID,301.161,VALID,0.0,VALID,0.0,INVALID,0.0,VALID,0.0,VALID - DEFAULT VALUE,171.489,
8/16/15 6:00:03 PM,VALID,24.4,VALID,24.203,VALID,24.8,VALID,23.8,VALID,38.0,VALID,37.802,VALID,39.1,VALID,36.5,VALID,9.156,VALID,8.902,VALID,9.478,VALID,8.294,VALID,790.0,VALID,790.192,VALID,790.4,VALID,790.0,VALID,416.394,VALID,519.947,VALID,776.893,VALID,222.118,VALID,0.0,VALID,0.0,INVALID,0.0,VALID,0.0,VALID - DEFAULT VALUE,172.171,
8/16/15 7:00:03 PM,VALID,21.4,VALID,22.043,VALID,24.4,VALID,21.3,VALID,39.3,VALID,39.113,VALID,42.1,VALID,37.5,VALID,6.977,VALID,7.477,VALID,9.695,VALID,6.525,VALID,790.1,VALID,790.128,VALID,790.3,VALID,789.8,VALID,33.966,VALID,181.934,VALID,529.938,VALID,33.966,VALID,0.0,VALID,0.0,INVALID,0.0,VALID,0.0,VALID - DEFAULT VALUE,173.202,
8/16/15 8:00:03 PM,VALID,20.7,VALID,20.848,VALID,21.4,VALID,20.5,VALID,47.5,VALID,44.445,VALID,47.5,VALID,39.5,VALID,9.135,VALID,8.263,VALID,9.135,VALID,7.051,VALID,790.4,VALID,790.213,VALID,790.4,VALID,790.0,VALID,1.245,VALID,21.986,VALID,40.537,VALID,1.245,VALID,0.0,VALID,0.0,INVALID,0.0,VALID,0.0,VALID - DEFAULT VALUE,173.836,
8/16/15 9:00:03 PM,VALID,19.7,VALID,19.967,VALID,20.6,VALID,19.6,VALID,53.4,VALID,50.245,VALID,54.3,VALID,47.2,VALID,9.959,VALID,9.285,VALID,10.209,VALID,8.675,VALID,791.3,VALID,791.053,VALID,791.4,VALID,790.4,VALID,0.0,VALID,0.115,VALID,1.198,VALID,-0.007,VALID,0.0,VALID,0.0,INVALID,0.0,VALID,0.0,VALID - DEFAULT VALUE,173.901,
8/16/15 10:00:03 PM,VALID,19.4,VALID,19.432,VALID,19.7,VALID,19.3,VALID,52.1,VALID,54.12,VALID,56.8,VALID,52.1,VALID,9.314,VALID,9.908,VALID,10.605,VALID,9.314,VALID,792.0,VALID,791.697,VALID,792.1,VALID,791.3,VALID,-0.01,VALID,0.005,VALID,0.033,VALID,-0.021,VALID,0.0,VALID,0.0,INVALID,0.0,VALID,0.0,VALID - DEFAULT VALUE,173.882,
8/16/15 11:00:02 PM,VALID,19.0,VALID,19.15,VALID,19.4,VALID,19.0,VALID,57.5,VALID,55.215,VALID,57.5,VALID,51.9,VALID,10.415,VALID,9.943,VALID,10.415,VALID,9.256,VALID,792.9,VALID,792.397,VALID,792.9,VALID,792.0,VALID,0.032,VALID,0.012,VALID,0.054,VALID,-0.024,VALID,0.0,VALID,0.0,INVALID,0.0,VALID,0.0,VALID - DEFAULT VALUE,173.881,
