,,WXT510_1,,TA_Stat1h,,TA_Stat1h,,TA_Stat1h,,WXT510_1,,RH_Stat1h,,RH_Stat1h,,RH_Stat1h,,DP_1m,,DP_Stat1h,,DP_Stat1h,,DP_Stat1h,,WXT510_1,,PA_Stat1h,,PA_Stat1h,,PA_Stat1h,,SR_1m,,SR_Stat1h,,SR_Stat1h,,SR_Stat1h,,WXT510_1,,PR_Slide_Sum,,PR_Sum1h,,PR_Sum1h,,Evaporation,
time,status,TA,status,Avg,status,Max,status,Min,status,RH,status,Avg,status,Max,status,Min,status,DP,status,Avg,status,Max,status,Min,status,PA,status,Avg,status,Max,status,Min,status,Avg,status,Avg,status,Max,status,Min,status,Rain_amount,status,PR_Slide_Sum1h,status,PR_Sum1h_CurrHour,status,PR_Sum1h_PrevHour,status,value,
9/3/15 12:00:05 AM,VALID,14.2,VALID,14.0,VALID,14.2,VALID,13.8,VALID,93.9,VALID,93.982,VALID,94.2,VALID,93.6,VALID,13.231,VALID,13.046,VALID,13.263,VALID,12.818,VALID,793.6,VALID,793.765,VALID,794.1,VALID,793.5,VALID,-0.058,VALID,0.006,VALID,0.05,VALID,-0.067,VALID,0.01,VALID,5.64,INVALID,0.0,VALID,5.64,VALID - DEFAULT VALUE,162.812,
9/3/15 1:00:03 AM,VALID,14.2,VALID,14.152,VALID,14.3,VALID,14.0,VALID,92.7,VALID,93.192,VALID,93.8,VALID,91.9,VALID,13.034,VALID,13.067,VALID,13.199,VALID,12.901,VALID,792.6,VALID,793.113,VALID,793.6,VALID,792.6,VALID,0.019,VALID,-0.024,VALID,0.032,VALID,-0.069,VALID,0.0,VALID,0.15,INVALID,0.0,VALID,0.15,VALID - DEFAULT VALUE,162.511,
9/3/15 2:00:03 AM,VALID,14.1,VALID,14.272,VALID,14.4,VALID,14.1,VALID,92.7,VALID,92.308,VALID,93.1,VALID,90.9,VALID,12.935,VALID,13.04,VALID,13.298,VALID,12.734,VALID,792.1,VALID,792.41,VALID,792.6,VALID,792.1,VALID,0.012,VALID,-0.007,VALID,0.034,VALID,-0.046,VALID,0.0,VALID,0.63,INVALID,0.0,VALID,0.63,VALID - DEFAULT VALUE,162.102,
9/3/15 3:00:03 AM,VALID,14.4,VALID,14.255,VALID,14.4,VALID,14.0,VALID,92.9,VALID,93.082,VALID,93.7,VALID,92.3,VALID,13.265,VALID,13.151,VALID,13.331,VALID,12.769,VALID,792.0,VALID,792.142,VALID,792.3,VALID,792.0,VALID,-0.028,VALID,0.006,VALID,0.037,VALID,-0.044,VALID,0.0,VALID,0.15,INVALID,0.0,VALID,0.15,VALID - DEFAULT VALUE,161.951,
9/3/15 4:00:03 AM,VALID,14.3,VALID,14.312,VALID,14.4,VALID,14.3,VALID,92.1,VALID,92.412,VALID,92.9,VALID,91.8,VALID,13.033,VALID,13.097,VALID,13.248,VALID,12.983,VALID,791.7,VALID,791.81,VALID,792.0,VALID,791.7,VALID,-0.017,VALID,-0.014,VALID,0.011,VALID,-0.049,VALID,0.0,VALID,0.0,INVALID,0.0,VALID,0.0,VALID - DEFAULT VALUE,161.906,
9/3/15 5:00:02 AM,VALID,14.0,VALID,14.165,VALID,14.3,VALID,14.0,VALID,92.6,VALID,92.413,VALID,92.8,VALID,92.0,VALID,12.819,VALID,12.952,VALID,13.116,VALID,12.802,VALID,791.8,VALID,791.78,VALID,791.8,VALID,791.7,VALID,0.046,VALID,-0.007,VALID,0.05,VALID,-0.029,VALID,0.0,VALID,0.0,INVALID,0.0,VALID,0.0,VALID - DEFAULT VALUE,161.9,
9/3/15 6:00:02 AM,VALID,14.3,VALID,14.142,VALID,14.3,VALID,14.0,VALID,91.9,VALID,92.112,VALID,92.7,VALID,91.8,VALID,13.0,VALID,12.878,VALID,13.034,VALID,12.703,VALID,791.9,VALID,791.73,VALID,791.9,VALID,791.6,VALID,-0.041,VALID,0.0,VALID,0.05,VALID,-0.047,VALID,0.0,VALID,0.0,INVALID,0.0,VALID,0.0,VALID - DEFAULT VALUE,161.872,
9/3/15 7:00:02 AM,VALID,14.5,VALID,14.445,VALID,14.5,VALID,14.3,VALID,91.4,VALID,90.968,VALID,91.9,VALID,90.3,VALID,13.114,VALID,12.987,VALID,13.198,VALID,12.883,VALID,792.0,VALID,791.973,VALID,792.1,VALID,791.8,VALID,-0.015,VALID,-0.019,VALID,0.007,VALID,-0.045,VALID,0.0,VALID,0.0,INVALID,0.0,VALID,0.0,VALID - DEFAULT VALUE,161.849,
9/3/15 8:00:02 AM,VALID,14.9,VALID,14.677,VALID,14.9,VALID,14.5,VALID,89.4,VALID,90.663,VALID,91.7,VALID,89.4,VALID,13.17,VALID,13.165,VALID,13.361,VALID,12.997,VALID,791.8,VALID,791.853,VALID,792.0,VALID,791.7,VALID,33.126,VALID,9.562,VALID,33.126,VALID,-0.014,VALID,0.0,VALID,0.0,INVALID,0.0,VALID,0.0,VALID - DEFAULT VALUE,161.833,
9/3/15 9:00:02 AM,VALID,15.3,VALID,15.055,VALID,15.3,VALID,14.9,VALID,86.7,VALID,87.91,VALID,90.0,VALID,85.9,VALID,13.094,VALID,13.064,VALID,13.286,VALID,12.827,VALID,792.2,VALID,791.99,VALID,792.2,VALID,791.7,VALID,149.971,VALID,80.152,VALID,149.971,VALID,33.411,VALID,0.0,VALID,0.0,INVALID,0.0,VALID,0.0,VALID - DEFAULT VALUE,161.815,
9/3/15 10:00:02 AM,VALID,17.8,VALID,16.258,VALID,17.8,VALID,15.3,VALID,75.4,VALID,81.433,VALID,86.8,VALID,73.9,VALID,13.388,VALID,13.051,VALID,13.404,VALID,12.707,VALID,792.4,VALID,792.195,VALID,792.4,VALID,792.1,VALID,601.205,VALID,363.142,VALID,663.325,VALID,150.181,VALID,0.0,VALID,0.0,INVALID,0.0,VALID,0.0,VALID - DEFAULT VALUE,161.824,
9/3/15 11:00:03 AM,VALID,20.0,VALID,19.102,VALID,20.0,VALID,17.9,VALID,59.5,VALID,65.827,VALID,74.7,VALID,58.8,VALID,11.868,VALID,12.517,VALID,13.342,VALID,11.578,VALID,792.3,VALID,792.37,VALID,792.5,VALID,792.3,VALID,799.55,VALID,695.552,VALID,799.55,VALID,516.952,VALID,0.0,VALID,0.0,INVALID,0.0,VALID,0.0,VALID - DEFAULT VALUE,161.865,
9/3/15 12:00:03 PM,VALID,21.7,VALID,20.765,VALID,21.7,VALID,20.0,VALID,54.1,VALID,57.16,VALID,59.3,VALID,53.2,VALID,12.011,VALID,11.972,VALID,12.392,VALID,11.627,VALID,792.2,VALID,792.342,VALID,792.4,VALID,792.2,VALID,978.777,VALID,612.059,VALID,1055.41,VALID,225.971,VALID,0.0,VALID,0.0,INVALID,0.0,VALID,0.0,VALID - DEFAULT VALUE,161.944,
9/3/15 1:00:03 PM,VALID,22.4,VALID,22.01,VALID,22.8,VALID,21.5,VALID,51.1,VALID,51.978,VALID,55.1,VALID,49.3,VALID,11.792,VALID,11.687,VALID,12.382,VALID,11.025,VALID,791.7,VALID,791.915,VALID,792.2,VALID,791.7,VALID,448.562,VALID,818.691,VALID,1127.45,VALID,392.627,VALID,0.0,VALID,0.0,INVALID,0.0,VALID,0.0,VALID - DEFAULT VALUE,162.165,
9/3/15 2:00:03 PM,VALID,20.3,VALID,21.323,VALID,22.5,VALID,20.3,VALID,72.1,VALID,61.65,VALID,76.1,VALID,50.7,VALID,15.106,VALID,13.579,VALID,16.046,VALID,11.663,VALID,791.2,VALID,791.48,VALID,791.7,VALID,791.2,VALID,186.125,VALID,339.988,VALID,576.763,VALID,185.448,VALID,0.0,VALID,0.31,INVALID,0.0,VALID,0.31,VALID - DEFAULT VALUE,162.419,
9/3/15 3:00:03 PM,VALID,20.0,VALID,19.943,VALID,20.3,VALID,19.8,VALID,71.7,VALID,72.762,VALID,76.6,VALID,69.6,VALID,14.731,VALID,14.902,VALID,15.664,VALID,14.197,VALID,790.5,VALID,790.805,VALID,791.1,VALID,790.4,VALID,193.903,VALID,162.701,VALID,220.328,VALID,102.936,VALID,0.0,VALID,1.09,INVALID,0.0,VALID,1.09,VALID - DEFAULT VALUE,162.171,
9/3/15 4:00:03 PM,VALID,20.1,VALID,20.173,VALID,20.4,VALID,20.0,VALID,70.0,VALID,70.54,VALID,73.4,VALID,65.7,VALID,14.455,VALID,14.641,VALID,15.288,VALID,13.762,VALID,789.9,VALID,790.253,VALID,790.5,VALID,789.9,VALID,130.013,VALID,152.774,VALID,233.179,VALID,92.683,VALID,0.0,VALID,0.0,INVALID,0.0,VALID,0.0,VALID - DEFAULT VALUE,162.206,
9/3/15 5:00:02 PM,VALID,14.0,VALID,16.288,VALID,20.2,VALID,13.8,VALID,87.3,VALID,80.195,VALID,91.2,VALID,65.7,VALID,11.921,VALID,12.768,VALID,15.33,VALID,10.778,VALID,789.8,VALID,789.997,VALID,790.3,VALID,789.7,VALID,31.359,VALID,36.452,VALID,138.729,VALID,16.409,VALID,0.1,VALID,22.78,INVALID,0.0,VALID,22.78,VALID - DEFAULT VALUE,148.756,
9/3/15 6:00:02 PM,VALID,16.4,VALID,15.05,VALID,16.4,VALID,13.9,VALID,88.8,VALID,89.095,VALID,92.1,VALID,87.2,VALID,14.546,VALID,13.264,VALID,14.546,VALID,11.921,VALID,789.5,VALID,789.662,VALID,789.8,VALID,789.5,VALID,335.936,VALID,83.701,VALID,349.144,VALID,31.531,VALID,0.0,VALID,1.07,INVALID,0.0,VALID,1.07,VALID - DEFAULT VALUE,147.533,
9/3/15 7:00:02 PM,VALID,16.5,VALID,16.718,VALID,17.0,VALID,16.5,VALID,82.6,VALID,84.88,VALID,89.2,VALID,82.2,VALID,13.527,VALID,14.157,VALID,14.854,VALID,13.452,VALID,789.4,VALID,789.455,VALID,789.5,VALID,789.3,VALID,49.291,VALID,115.603,VALID,331.656,VALID,49.291,VALID,0.0,VALID,0.0,INVALID,0.0,VALID,0.0,VALID - DEFAULT VALUE,147.572,
9/3/15 8:00:02 PM,VALID,16.3,VALID,16.305,VALID,16.5,VALID,16.2,VALID,79.3,VALID,80.785,VALID,83.0,VALID,77.7,VALID,12.707,VALID,12.993,VALID,13.508,VALID,12.396,VALID,789.8,VALID,789.62,VALID,789.8,VALID,789.3,VALID,0.125,VALID,16.208,VALID,49.039,VALID,0.125,VALID,0.0,VALID,0.0,INVALID,0.0,VALID,0.0,VALID - DEFAULT VALUE,147.594,
9/3/15 9:00:03 PM,VALID,16.3,VALID,16.217,VALID,16.3,VALID,16.1,VALID,78.4,VALID,78.535,VALID,81.2,VALID,76.4,VALID,12.533,VALID,12.477,VALID,12.972,VALID,12.042,VALID,790.2,VALID,790.052,VALID,790.2,VALID,789.8,VALID,-0.003,VALID,0.014,VALID,0.12,VALID,-0.019,VALID,0.0,VALID,0.0,INVALID,0.0,VALID,0.0,VALID - DEFAULT VALUE,147.668,
9/3/15 10:00:02 PM,VALID,16.7,VALID,16.648,VALID,16.9,VALID,16.3,VALID,76.4,VALID,75.403,VALID,78.5,VALID,73.3,VALID,12.526,VALID,12.272,VALID,12.66,VALID,11.853,VALID,791.3,VALID,790.86,VALID,791.4,VALID,790.2,VALID,0.009,VALID,0.01,VALID,0.041,VALID,-0.028,VALID,0.0,VALID,0.0,INVALID,0.0,VALID,0.0,VALID - DEFAULT VALUE,147.638,
9/3/15 11:00:02 PM,VALID,16.6,VALID,17.01,VALID,17.5,VALID,16.6,VALID,78.7,VALID,75.693,VALID,79.7,VALID,71.1,VALID,12.882,VALID,12.677,VALID,13.18,VALID,12.106,VALID,791.7,VALID,791.518,VALID,791.7,VALID,791.2,VALID,0.003,VALID,0.006,VALID,0.03,VALID,-0.017,VALID,0.0,VALID,0.0,INVALID,0.0,VALID,0.0,VALID - DEFAULT VALUE,147.655,
