,,WXT510_1,,TA_Stat1h,,TA_Stat1h,,TA_Stat1h,,WXT510_1,,RH_Stat1h,,RH_Stat1h,,RH_Stat1h,,DP_1m,,DP_Stat1h,,DP_Stat1h,,DP_Stat1h,,WXT510_1,,PA_Stat1h,,PA_Stat1h,,PA_Stat1h,,SR_1m,,SR_Stat1h,,SR_Stat1h,,SR_Stat1h,,WXT510_1,,PR_Slide_Sum,,PR_Sum1h,,PR_Sum1h,,Evaporation,
time,status,TA,status,Avg,status,Max,status,Min,status,RH,status,Avg,status,Max,status,Min,status,DP,status,Avg,status,Max,status,Min,status,PA,status,Avg,status,Max,status,Min,status,Avg,status,Avg,status,Max,status,Min,status,Rain_amount,status,PR_Slide_Sum1h,status,PR_Sum1h_CurrHour,status,PR_Sum1h_PrevHour,status,value,
8/5/15 12:00:03 AM,VALID,18.8,VALID,19.172,VALID,19.5,VALID,18.8,VALID,64.2,VALID,62.93,VALID,64.2,VALID,61.3,VALID,11.89,VALID,11.938,VALID,12.29,VALID,11.7,VALID,794.0,VALID,793.88,VALID,794.0,VALID,793.6,VALID,0.015,VALID,0.017,VALID,0.041,VALID,-0.002,VALID,0.0,VALID,0.0,INVALID,0.0,VALID,0.0,VALID - DEFAULT VALUE,122.032,
8/5/15 1:00:02 AM,VALID,18.1,VALID,18.395,VALID,18.8,VALID,18.1,VALID,66.1,VALID,64.912,VALID,66.4,VALID,63.5,VALID,11.668,VALID,11.672,VALID,11.861,VALID,11.464,VALID,794.1,VALID,794.078,VALID,794.1,VALID,794.0,VALID,-0.009,VALID,0.003,VALID,0.025,VALID,-0.027,VALID,0.0,VALID,0.0,INVALID,0.0,VALID,0.0,VALID - DEFAULT VALUE,122.179,
8/5/15 2:00:02 AM,VALID,17.4,VALID,17.705,VALID,18.1,VALID,17.4,VALID,65.7,VALID,66.745,VALID,67.6,VALID,65.4,VALID,10.91,VALID,11.438,VALID,11.722,VALID,10.841,VALID,793.7,VALID,793.943,VALID,794.1,VALID,793.7,VALID,-0.024,VALID,0.003,VALID,0.03,VALID,-0.031,VALID,0.0,VALID,0.0,INVALID,0.0,VALID,0.0,VALID - DEFAULT VALUE,122.398,
8/5/15 3:00:02 AM,VALID,17.0,VALID,17.193,VALID,17.4,VALID,17.0,VALID,67.6,VALID,66.445,VALID,67.9,VALID,64.9,VALID,10.959,VALID,10.882,VALID,11.026,VALID,10.7,VALID,793.5,VALID,793.535,VALID,793.7,VALID,793.4,VALID,0.005,VALID,0.002,VALID,0.022,VALID,-0.031,VALID,0.0,VALID,0.0,INVALID,0.0,VALID,0.0,VALID - DEFAULT VALUE,122.537,
8/5/15 4:00:02 AM,VALID,16.5,VALID,16.73,VALID,17.0,VALID,16.5,VALID,71.0,VALID,69.452,VALID,71.3,VALID,67.4,VALID,11.221,VALID,11.106,VALID,11.327,VALID,10.863,VALID,793.2,VALID,793.503,VALID,793.7,VALID,793.2,VALID,0.016,VALID,0.01,VALID,0.024,VALID,-0.014,VALID,0.0,VALID,0.0,INVALID,0.0,VALID,0.0,VALID - DEFAULT VALUE,122.48,
8/5/15 5:00:02 AM,VALID,16.0,VALID,16.178,VALID,16.5,VALID,16.0,VALID,73.7,VALID,72.677,VALID,74.2,VALID,70.6,VALID,11.304,VALID,11.263,VALID,11.792,VALID,11.068,VALID,793.0,VALID,793.052,VALID,793.2,VALID,793.0,VALID,-0.001,VALID,0.013,VALID,0.037,VALID,-0.008,VALID,0.0,VALID,0.0,INVALID,0.0,VALID,0.0,VALID - DEFAULT VALUE,122.634,
8/5/15 6:00:03 AM,VALID,15.6,VALID,15.75,VALID,16.1,VALID,15.3,VALID,73.5,VALID,74.395,VALID,77.5,VALID,72.8,VALID,10.877,VALID,11.201,VALID,11.484,VALID,10.725,VALID,793.3,VALID,793.237,VALID,793.4,VALID,793.0,VALID,0.012,VALID,0.013,VALID,0.035,VALID,-0.01,VALID,0.0,VALID,0.0,INVALID,0.0,VALID,0.0,VALID - DEFAULT VALUE,122.594,
8/5/15 7:00:03 AM,VALID,15.3,VALID,15.25,VALID,15.6,VALID,14.8,VALID,73.7,VALID,74.893,VALID,76.9,VALID,73.3,VALID,10.629,VALID,10.821,VALID,11.06,VALID,10.629,VALID,793.3,VALID,793.242,VALID,793.4,VALID,793.2,VALID,0.95,VALID,0.083,VALID,0.95,VALID,-0.002,VALID,0.0,VALID,0.0,INVALID,0.0,VALID,0.0,VALID - DEFAULT VALUE,122.581,
8/5/15 8:00:03 AM,VALID,14.9,VALID,14.998,VALID,15.3,VALID,14.9,VALID,80.0,VALID,78.295,VALID,80.5,VALID,73.8,VALID,11.478,VALID,11.242,VALID,11.594,VALID,10.649,VALID,793.5,VALID,793.45,VALID,793.6,VALID,793.3,VALID,34.151,VALID,33.33,VALID,71.205,VALID,0.973,VALID,0.0,VALID,0.01,INVALID,0.0,VALID,0.01,VALID - DEFAULT VALUE,122.621,
8/5/15 9:00:03 AM,VALID,16.5,VALID,15.448,VALID,16.5,VALID,14.9,VALID,73.3,VALID,77.352,VALID,80.0,VALID,73.3,VALID,11.703,VALID,11.497,VALID,11.773,VALID,11.212,VALID,793.6,VALID,793.597,VALID,793.7,VALID,793.5,VALID,43.929,VALID,41.041,VALID,45.514,VALID,33.177,VALID,0.0,VALID,0.0,INVALID,0.0,VALID,0.0,VALID - DEFAULT VALUE,122.616,
8/5/15 10:00:03 AM,VALID,18.6,VALID,17.752,VALID,18.6,VALID,16.5,VALID,63.5,VALID,67.787,VALID,73.2,VALID,62.6,VALID,11.535,VALID,11.702,VALID,12.059,VALID,11.224,VALID,793.8,VALID,793.74,VALID,793.9,VALID,793.6,VALID,52.519,VALID,48.5,VALID,53.9,VALID,43.701,VALID,0.0,VALID,0.0,INVALID,0.0,VALID,0.0,VALID - DEFAULT VALUE,122.756,
8/5/15 11:00:04 AM,VALID,21.0,VALID,19.963,VALID,21.0,VALID,18.7,VALID,45.9,VALID,50.358,VALID,63.5,VALID,44.3,VALID,8.9,VALID,9.26,VALID,11.629,VALID,6.924,VALID,794.1,VALID,793.952,VALID,794.1,VALID,793.8,VALID,575.729,VALID,171.842,VALID,713.11,VALID,49.358,VALID,0.0,VALID,0.0,INVALID,0.0,VALID,0.0,VALID - DEFAULT VALUE,123.007,
8/5/15 12:00:02 PM,VALID,22.4,VALID,21.703,VALID,22.7,VALID,20.9,VALID,43.6,VALID,44.417,VALID,47.1,VALID,41.8,VALID,9.407,VALID,9.047,VALID,10.051,VALID,8.582,VALID,793.7,VALID,793.987,VALID,794.1,VALID,793.7,VALID,945.824,VALID,827.207,VALID,960.465,VALID,467.985,VALID,0.0,VALID,0.0,INVALID,0.0,VALID,0.0,VALID - DEFAULT VALUE,123.275,
8/5/15 1:00:02 PM,VALID,23.0,VALID,22.535,VALID,23.1,VALID,22.2,VALID,41.6,VALID,44.232,VALID,46.1,VALID,41.1,VALID,9.249,VALID,9.739,VALID,10.513,VALID,9.117,VALID,793.3,VALID,793.513,VALID,793.8,VALID,793.3,VALID,1085.433,VALID,988.008,VALID,1089.403,VALID,400.789,VALID,0.0,VALID,0.0,INVALID,0.0,VALID,0.0,VALID - DEFAULT VALUE,123.734,
8/5/15 2:00:02 PM,VALID,24.3,VALID,23.508,VALID,24.3,VALID,22.9,VALID,36.1,VALID,38.815,VALID,42.5,VALID,35.8,VALID,8.308,VALID,8.663,VALID,9.568,VALID,7.743,VALID,792.6,VALID,792.933,VALID,793.3,VALID,792.6,VALID,1127.12,VALID,1089.994,VALID,1180.352,VALID,300.23,VALID,0.0,VALID,0.0,INVALID,0.0,VALID,0.0,VALID - DEFAULT VALUE,124.269,
8/5/15 3:00:02 PM,VALID,25.1,VALID,24.592,VALID,25.1,VALID,24.0,VALID,29.7,VALID,32.803,VALID,36.4,VALID,29.3,VALID,6.152,VALID,7.132,VALID,8.43,VALID,5.697,VALID,791.8,VALID,792.21,VALID,792.7,VALID,791.6,VALID,191.969,VALID,835.88,VALID,1262.359,VALID,191.969,VALID,0.0,VALID,0.0,INVALID,0.0,VALID,0.0,VALID - DEFAULT VALUE,125.131,
8/5/15 4:00:03 PM,VALID,25.7,VALID,25.28,VALID,25.9,VALID,24.6,VALID,27.9,VALID,29.083,VALID,30.6,VALID,27.4,VALID,5.763,VALID,5.997,VALID,6.789,VALID,5.435,VALID,791.2,VALID,791.477,VALID,791.8,VALID,791.1,VALID,892.615,VALID,812.124,VALID,1068.471,VALID,119.301,VALID,0.0,VALID,0.0,INVALID,0.0,VALID,0.0,VALID - DEFAULT VALUE,125.997,
8/5/15 5:00:02 PM,VALID,25.8,VALID,25.46,VALID,25.9,VALID,24.8,VALID,28.7,VALID,28.38,VALID,29.7,VALID,26.5,VALID,6.258,VALID,5.798,VALID,6.756,VALID,4.765,VALID,790.4,VALID,790.78,VALID,791.3,VALID,790.4,VALID,331.718,VALID,784.783,VALID,891.7,VALID,124.741,VALID,0.0,VALID,0.0,INVALID,0.0,VALID,0.0,VALID - DEFAULT VALUE,127.162,
8/5/15 6:00:03 PM,VALID,25.0,VALID,25.253,VALID,25.6,VALID,24.8,VALID,28.4,VALID,29.74,VALID,30.7,VALID,28.2,VALID,5.418,VALID,6.301,VALID,6.885,VALID,5.231,VALID,790.5,VALID,790.432,VALID,790.7,VALID,790.1,VALID,509.362,VALID,590.189,VALID,708.836,VALID,430.019,VALID,0.0,VALID,0.0,INVALID,0.0,VALID,0.0,VALID - DEFAULT VALUE,127.948,
8/5/15 7:00:03 PM,VALID,23.3,VALID,24.155,VALID,25.2,VALID,23.3,VALID,27.9,VALID,28.258,VALID,29.3,VALID,27.2,VALID,3.704,VALID,4.619,VALID,5.893,VALID,3.6,VALID,790.9,VALID,790.705,VALID,791.0,VALID,790.4,VALID,115.117,VALID,256.214,VALID,513.239,VALID,103.117,VALID,0.0,VALID,0.0,INVALID,0.0,VALID,0.0,VALID - DEFAULT VALUE,128.015,
8/5/15 8:00:03 PM,VALID,21.5,VALID,22.302,VALID,23.3,VALID,21.5,VALID,34.5,VALID,31.522,VALID,34.5,VALID,28.1,VALID,5.177,VALID,4.561,VALID,5.265,VALID,3.806,VALID,791.5,VALID,791.218,VALID,791.5,VALID,790.9,VALID,6.038,VALID,37.077,VALID,144.65,VALID,6.038,VALID,0.0,VALID,0.0,INVALID,0.0,VALID,0.0,VALID - DEFAULT VALUE,129.359,
8/5/15 9:00:03 PM,VALID,20.5,VALID,21.048,VALID,21.5,VALID,20.5,VALID,43.1,VALID,38.265,VALID,43.1,VALID,34.7,VALID,7.518,VALID,6.245,VALID,7.518,VALID,5.26,VALID,792.2,VALID,791.788,VALID,792.3,VALID,791.5,VALID,0.011,VALID,0.652,VALID,6.004,VALID,-0.019,VALID,0.0,VALID,0.0,INVALID,0.0,VALID,0.0,VALID - DEFAULT VALUE,129.597,
8/5/15 10:00:03 PM,VALID,19.6,VALID,19.953,VALID,20.5,VALID,19.6,VALID,48.9,VALID,46.295,VALID,49.0,VALID,43.4,VALID,8.558,VALID,8.066,VALID,8.588,VALID,7.597,VALID,793.0,VALID,792.615,VALID,793.0,VALID,792.1,VALID,0.007,VALID,0.017,VALID,0.035,VALID,-0.001,VALID,0.0,VALID,0.0,INVALID,0.0,VALID,0.0,VALID - DEFAULT VALUE,129.935,
8/5/15 11:00:02 PM,VALID,19.4,VALID,19.403,VALID,19.5,VALID,19.3,VALID,48.9,VALID,49.52,VALID,50.1,VALID,48.7,VALID,8.374,VALID,8.563,VALID,8.733,VALID,8.314,VALID,793.6,VALID,793.225,VALID,793.6,VALID,792.9,VALID,0.001,VALID,-0.003,VALID,0.023,VALID,-0.025,VALID,0.0,VALID,0.0,INVALID,0.0,VALID,0.0,VALID - DEFAULT VALUE,130.069,
