,,WXT510_1,,TA_Stat1h,,TA_Stat1h,,TA_Stat1h,,WXT510_1,,RH_Stat1h,,RH_Stat1h,,RH_Stat1h,,DP_1m,,DP_Stat1h,,DP_Stat1h,,DP_Stat1h,,WXT510_1,,PA_Stat1h,,PA_Stat1h,,PA_Stat1h,,SR_1m,,SR_Stat1h,,SR_Stat1h,,SR_Stat1h,,WXT510_1,,PR_Slide_Sum,,PR_Sum1h,,PR_Sum1h,,Evaporation,
time,status,TA,status,Avg,status,Max,status,Min,status,RH,status,Avg,status,Max,status,Min,status,DP,status,Avg,status,Max,status,Min,status,PA,status,Avg,status,Max,status,Min,status,Avg,status,Avg,status,Max,status,Min,status,Rain_amount,status,PR_Slide_Sum1h,status,PR_Sum1h_CurrHour,status,PR_Sum1h_PrevHour,status,value,
8/17/15 12:00:03 AM,VALID,18.3,VALID,18.802,VALID,19.0,VALID,18.3,VALID,63.2,VALID,59.408,VALID,63.2,VALID,56.7,VALID,11.179,VALID,10.712,VALID,11.27,VALID,10.205,VALID,793.6,VALID,793.267,VALID,793.6,VALID,792.9,VALID,-0.014,VALID,0.01,VALID,0.045,VALID,-0.023,VALID,0.0,VALID,0.02,INVALID,0.0,VALID,0.02,VALID - DEFAULT VALUE,173.977,
8/17/15 1:00:02 AM,VALID,17.9,VALID,18.075,VALID,18.3,VALID,17.9,VALID,67.3,VALID,65.153,VALID,68.1,VALID,62.1,VALID,11.75,VALID,11.42,VALID,11.986,VALID,10.679,VALID,793.6,VALID,793.615,VALID,793.7,VALID,793.5,VALID,-0.003,VALID,0.01,VALID,0.044,VALID,-0.026,VALID,0.0,VALID,0.04,INVALID,0.0,VALID,0.04,VALID - DEFAULT VALUE,173.997,
8/17/15 2:00:02 AM,VALID,17.6,VALID,17.825,VALID,18.0,VALID,17.6,VALID,66.8,VALID,66.862,VALID,68.2,VALID,65.4,VALID,11.351,VALID,11.579,VALID,11.952,VALID,11.245,VALID,793.2,VALID,793.403,VALID,793.6,VALID,793.2,VALID,-0.0,VALID,0.008,VALID,0.028,VALID,-0.015,VALID,0.0,VALID,0.0,INVALID,0.0,VALID,0.0,VALID - DEFAULT VALUE,174.049,
8/17/15 3:00:02 AM,VALID,16.8,VALID,17.392,VALID,17.6,VALID,16.8,VALID,74.0,VALID,68.97,VALID,74.0,VALID,66.9,VALID,12.137,VALID,11.633,VALID,12.171,VALID,11.279,VALID,793.0,VALID,793.068,VALID,793.3,VALID,793.0,VALID,0.006,VALID,0.009,VALID,0.048,VALID,-0.015,VALID,0.0,VALID,0.0,INVALID,0.0,VALID,0.0,VALID - DEFAULT VALUE,174.118,
8/17/15 4:00:02 AM,VALID,16.0,VALID,16.182,VALID,16.8,VALID,16.0,VALID,77.8,VALID,77.142,VALID,78.1,VALID,74.1,VALID,12.124,VALID,12.17,VALID,12.376,VALID,12.007,VALID,792.6,VALID,792.737,VALID,793.0,VALID,792.6,VALID,0.04,VALID,0.011,VALID,0.04,VALID,-0.01,VALID,0.0,VALID,0.0,INVALID,0.0,VALID,0.0,VALID - DEFAULT VALUE,174.129,
8/17/15 5:00:02 AM,VALID,16.2,VALID,16.137,VALID,16.2,VALID,16.0,VALID,76.8,VALID,77.317,VALID,78.1,VALID,76.6,VALID,12.121,VALID,12.162,VALID,12.24,VALID,12.082,VALID,792.6,VALID,792.673,VALID,792.8,VALID,792.5,VALID,0.016,VALID,0.012,VALID,0.047,VALID,-0.01,VALID,0.0,VALID,0.0,INVALID,0.0,VALID,0.0,VALID - DEFAULT VALUE,174.109,
8/17/15 6:00:03 AM,VALID,16.2,VALID,16.165,VALID,16.2,VALID,16.1,VALID,76.4,VALID,77.003,VALID,78.4,VALID,76.3,VALID,12.042,VALID,12.128,VALID,12.435,VALID,11.965,VALID,792.7,VALID,792.64,VALID,792.7,VALID,792.6,VALID,-0.006,VALID,0.012,VALID,0.038,VALID,-0.028,VALID,0.0,VALID,0.0,INVALID,0.0,VALID,0.0,VALID - DEFAULT VALUE,174.111,
8/17/15 7:00:03 AM,VALID,15.9,VALID,15.95,VALID,16.2,VALID,15.8,VALID,80.2,VALID,79.23,VALID,81.2,VALID,76.4,VALID,12.49,VALID,12.351,VALID,12.581,VALID,12.028,VALID,792.9,VALID,792.728,VALID,792.9,VALID,792.6,VALID,0.054,VALID,0.013,VALID,0.054,VALID,-0.025,VALID,0.0,VALID,0.0,INVALID,0.0,VALID,0.0,VALID - DEFAULT VALUE,174.084,
8/17/15 8:00:03 AM,VALID,15.7,VALID,15.713,VALID,15.9,VALID,15.6,VALID,81.4,VALID,81.51,VALID,82.9,VALID,78.7,VALID,12.521,VALID,12.554,VALID,12.745,VALID,12.202,VALID,793.2,VALID,793.023,VALID,793.2,VALID,792.9,VALID,50.42,VALID,9.363,VALID,50.989,VALID,0.051,VALID,0.0,VALID,0.03,INVALID,0.0,VALID,0.03,VALID - DEFAULT VALUE,174.115,
8/17/15 9:00:03 AM,VALID,15.8,VALID,15.283,VALID,15.9,VALID,14.9,VALID,78.6,VALID,82.617,VALID,85.0,VALID,78.3,VALID,12.086,VALID,12.336,VALID,12.592,VALID,12.086,VALID,793.3,VALID,793.35,VALID,793.5,VALID,793.2,VALID,165.827,VALID,118.542,VALID,202.443,VALID,47.054,VALID,0.0,VALID,0.0,INVALID,0.0,VALID,0.0,VALID - DEFAULT VALUE,174.171,
8/17/15 10:00:03 AM,VALID,17.3,VALID,16.49,VALID,17.3,VALID,15.8,VALID,69.9,VALID,74.433,VALID,79.0,VALID,69.8,VALID,11.751,VALID,11.916,VALID,12.258,VALID,11.68,VALID,793.3,VALID,793.258,VALID,793.3,VALID,793.2,VALID,245.296,VALID,236.24,VALID,281.494,VALID,156.753,VALID,0.0,VALID,0.01,INVALID,0.0,VALID,0.01,VALID - DEFAULT VALUE,174.209,
8/17/15 11:00:02 AM,VALID,18.7,VALID,17.873,VALID,18.9,VALID,17.0,VALID,64.8,VALID,67.915,VALID,71.6,VALID,64.4,VALID,11.937,VALID,11.855,VALID,12.173,VALID,11.541,VALID,793.3,VALID,793.348,VALID,793.5,VALID,793.2,VALID,282.543,VALID,310.095,VALID,536.312,VALID,239.253,VALID,0.0,VALID,0.0,INVALID,0.0,VALID,0.0,VALID - DEFAULT VALUE,174.343,
8/17/15 12:00:02 PM,VALID,19.3,VALID,19.002,VALID,19.6,VALID,18.6,VALID,61.9,VALID,63.25,VALID,65.2,VALID,60.5,VALID,11.809,VALID,11.85,VALID,12.127,VALID,11.557,VALID,793.4,VALID,793.465,VALID,793.6,VALID,793.3,VALID,281.609,VALID,353.972,VALID,522.599,VALID,277.255,VALID,0.0,VALID,0.0,INVALID,0.0,VALID,0.0,VALID - DEFAULT VALUE,174.43,
8/17/15 1:00:02 PM,VALID,20.0,VALID,19.327,VALID,20.0,VALID,18.7,VALID,60.2,VALID,62.053,VALID,64.2,VALID,60.2,VALID,12.046,VALID,11.87,VALID,12.277,VALID,11.459,VALID,793.2,VALID,793.282,VALID,793.4,VALID,793.2,VALID,286.316,VALID,283.858,VALID,309.548,VALID,254.274,VALID,0.0,VALID,0.01,INVALID,0.0,VALID,0.01,VALID - DEFAULT VALUE,174.541,
8/17/15 2:00:02 PM,VALID,18.7,VALID,19.542,VALID,20.1,VALID,18.7,VALID,71.1,VALID,64.822,VALID,71.1,VALID,58.3,VALID,13.353,VALID,12.711,VALID,13.521,VALID,11.56,VALID,793.0,VALID,793.218,VALID,793.3,VALID,793.0,VALID,475.08,VALID,344.537,VALID,475.08,VALID,274.379,VALID,0.0,VALID,0.12,INVALID,0.0,VALID,0.12,VALID - DEFAULT VALUE,174.591,
8/17/15 3:00:02 PM,VALID,21.0,VALID,19.847,VALID,21.0,VALID,18.6,VALID,58.8,VALID,64.1,VALID,73.4,VALID,58.2,VALID,12.627,VALID,12.809,VALID,13.843,VALID,12.095,VALID,792.0,VALID,792.532,VALID,793.0,VALID,792.0,VALID,1003.289,VALID,697.632,VALID,1003.289,VALID,478.167,VALID,0.0,VALID,0.0,INVALID,0.0,VALID,0.0,VALID - DEFAULT VALUE,174.761,
8/17/15 4:00:03 PM,VALID,22.4,VALID,21.65,VALID,22.8,VALID,21.0,VALID,49.4,VALID,53.488,VALID,61.1,VALID,46.6,VALID,11.28,VALID,11.76,VALID,13.308,VALID,10.766,VALID,791.1,VALID,791.635,VALID,792.0,VALID,791.1,VALID,362.209,VALID,820.738,VALID,1269.051,VALID,345.224,VALID,0.0,VALID,0.03,INVALID,0.0,VALID,0.03,VALID - DEFAULT VALUE,175.107,
8/17/15 5:00:03 PM,VALID,18.0,VALID,21.285,VALID,23.0,VALID,18.0,VALID,71.2,VALID,54.802,VALID,71.2,VALID,45.1,VALID,12.703,VALID,11.631,VALID,14.069,VALID,10.356,VALID,791.1,VALID,791.153,VALID,791.3,VALID,791.0,VALID,154.813,VALID,257.735,VALID,1060.36,VALID,90.419,VALID,0.0,VALID,2.05,INVALID,0.0,VALID,2.05,VALID - DEFAULT VALUE,174.371,
8/17/15 6:00:03 PM,VALID,18.8,VALID,18.597,VALID,19.2,VALID,17.9,VALID,64.4,VALID,71.172,VALID,78.4,VALID,62.7,VALID,11.937,VALID,13.251,VALID,15.154,VALID,11.721,VALID,791.0,VALID,790.947,VALID,791.0,VALID,790.9,VALID,67.305,VALID,267.695,VALID,566.593,VALID,67.305,VALID,0.0,VALID,0.5,INVALID,0.0,VALID,0.5,VALID - DEFAULT VALUE,174.193,
8/17/15 7:00:03 PM,VALID,17.6,VALID,18.352,VALID,18.7,VALID,17.6,VALID,65.2,VALID,74.182,VALID,77.9,VALID,63.9,VALID,10.985,VALID,13.654,VALID,14.486,VALID,10.777,VALID,792.1,VALID,791.593,VALID,792.1,VALID,791.0,VALID,4.8,VALID,50.826,VALID,85.176,VALID,4.8,VALID,0.0,VALID,0.0,INVALID,0.0,VALID,0.0,VALID - DEFAULT VALUE,174.374,
8/17/15 8:00:03 PM,VALID,15.7,VALID,16.735,VALID,17.6,VALID,15.7,VALID,80.5,VALID,70.547,VALID,80.5,VALID,65.3,VALID,12.352,VALID,11.333,VALID,12.352,VALID,10.449,VALID,792.6,VALID,792.282,VALID,792.7,VALID,792.1,VALID,0.176,VALID,1.776,VALID,4.748,VALID,0.168,VALID,0.06,VALID,0.83,INVALID,0.0,VALID,0.83,VALID - DEFAULT VALUE,174.0,
8/17/15 9:00:03 PM,VALID,15.2,VALID,14.97,VALID,15.6,VALID,14.7,VALID,83.7,VALID,84.038,VALID,88.0,VALID,79.4,VALID,12.458,VALID,12.291,VALID,12.83,VALID,11.948,VALID,792.8,VALID,792.645,VALID,792.8,VALID,792.5,VALID,0.011,VALID,0.032,VALID,0.177,VALID,-0.035,VALID,0.0,VALID,5.69,INVALID,0.0,VALID,5.69,VALID - DEFAULT VALUE,170.381,
8/17/15 10:00:02 PM,VALID,15.3,VALID,15.237,VALID,15.3,VALID,15.1,VALID,82.9,VALID,84.328,VALID,87.0,VALID,81.5,VALID,12.409,VALID,12.606,VALID,13.049,VALID,12.15,VALID,793.1,VALID,793.018,VALID,793.1,VALID,792.8,VALID,0.007,VALID,0.007,VALID,0.031,VALID,-0.02,VALID,0.0,VALID,0.0,INVALID,0.0,VALID,0.0,VALID - DEFAULT VALUE,170.408,
8/17/15 11:00:02 PM,VALID,14.8,VALID,15.023,VALID,15.3,VALID,14.8,VALID,85.3,VALID,84.65,VALID,85.7,VALID,82.5,VALID,12.354,VALID,12.456,VALID,12.702,VALID,12.291,VALID,793.7,VALID,793.442,VALID,793.8,VALID,793.1,VALID,0.021,VALID,0.011,VALID,0.039,VALID,-0.027,VALID,0.0,VALID,0.0,INVALID,0.0,VALID,0.0,VALID - DEFAULT VALUE,170.418,
