,,WXT510_1,,TA_Stat1h,,TA_Stat1h,,TA_Stat1h,,WXT510_1,,RH_Stat1h,,RH_Stat1h,,RH_Stat1h,,DP_1m,,DP_Stat1h,,DP_Stat1h,,DP_Stat1h,,WXT510_1,,PA_Stat1h,,PA_Stat1h,,PA_Stat1h,,SR_1m,,SR_Stat1h,,SR_Stat1h,,SR_Stat1h,,WXT510_1,,PR_Slide_Sum,,PR_Sum1h,,PR_Sum1h,,Evaporation,
time,status,TA,status,Avg,status,Max,status,Min,status,RH,status,Avg,status,Max,status,Min,status,DP,status,Avg,status,Max,status,Min,status,PA,status,Avg,status,Max,status,Min,status,Avg,status,Avg,status,Max,status,Min,status,Rain_amount,status,PR_Slide_Sum1h,status,PR_Sum1h_CurrHour,status,PR_Sum1h_PrevHour,status,value,
8/9/15 12:00:03 AM,VALID,17.6,VALID,18.028,VALID,18.3,VALID,17.6,VALID,69.1,VALID,66.933,VALID,69.1,VALID,64.3,VALID,11.864,VALID,11.787,VALID,12.378,VALID,11.25,VALID,794.1,VALID,794.15,VALID,794.3,VALID,794.0,VALID,-0.015,VALID,0.006,VALID,0.046,VALID,-0.023,VALID,0.0,VALID,0.0,INVALID,0.0,VALID,0.0,VALID - DEFAULT VALUE,131.612,
8/9/15 1:00:03 AM,VALID,17.4,VALID,17.423,VALID,17.6,VALID,17.3,VALID,70.8,VALID,68.298,VALID,70.9,VALID,66.2,VALID,12.042,VALID,11.517,VALID,12.063,VALID,11.025,VALID,793.8,VALID,794.033,VALID,794.2,VALID,793.8,VALID,0.021,VALID,0.006,VALID,0.031,VALID,-0.019,VALID,0.0,VALID,0.0,INVALID,0.0,VALID,0.0,VALID - DEFAULT VALUE,131.778,
8/9/15 2:00:03 AM,VALID,18.3,VALID,17.693,VALID,18.3,VALID,17.3,VALID,68.2,VALID,72.148,VALID,74.4,VALID,67.9,VALID,12.334,VALID,12.605,VALID,12.991,VALID,12.106,VALID,793.1,VALID,793.29,VALID,793.8,VALID,793.1,VALID,0.008,VALID,0.006,VALID,0.045,VALID,-0.032,VALID,0.0,VALID,0.0,INVALID,0.0,VALID,0.0,VALID - DEFAULT VALUE,131.814,
8/9/15 3:00:03 AM,VALID,17.3,VALID,17.835,VALID,18.4,VALID,17.3,VALID,75.3,VALID,70.082,VALID,75.3,VALID,66.4,VALID,12.885,VALID,12.296,VALID,12.941,VALID,11.95,VALID,793.2,VALID,793.26,VALID,793.3,VALID,793.1,VALID,0.014,VALID,0.012,VALID,0.034,VALID,-0.012,VALID,0.0,VALID,0.0,INVALID,0.0,VALID,0.0,VALID - DEFAULT VALUE,131.943,
8/9/15 4:00:03 AM,VALID,16.6,VALID,16.82,VALID,17.3,VALID,16.6,VALID,76.3,VALID,77.152,VALID,79.1,VALID,75.3,VALID,12.409,VALID,12.791,VALID,13.057,VALID,12.289,VALID,792.8,VALID,792.933,VALID,793.2,VALID,792.7,VALID,0.016,VALID,0.003,VALID,0.029,VALID,-0.03,VALID,0.0,VALID,0.0,INVALID,0.0,VALID,0.0,VALID - DEFAULT VALUE,131.941,
8/9/15 5:00:03 AM,VALID,15.7,VALID,16.127,VALID,16.6,VALID,15.7,VALID,76.8,VALID,75.722,VALID,78.7,VALID,73.6,VALID,11.637,VALID,11.834,VALID,12.785,VALID,11.379,VALID,792.2,VALID,792.488,VALID,792.8,VALID,792.2,VALID,0.01,VALID,0.015,VALID,0.041,VALID,-0.007,VALID,0.0,VALID,0.0,INVALID,0.0,VALID,0.0,VALID - DEFAULT VALUE,131.983,
8/9/15 6:00:03 AM,VALID,15.2,VALID,15.407,VALID,15.7,VALID,15.1,VALID,79.3,VALID,77.653,VALID,79.8,VALID,75.6,VALID,11.637,VALID,11.518,VALID,11.833,VALID,11.322,VALID,792.2,VALID,792.265,VALID,792.4,VALID,792.2,VALID,0.011,VALID,0.013,VALID,0.035,VALID,-0.017,VALID,0.0,VALID,0.0,INVALID,0.0,VALID,0.0,VALID - DEFAULT VALUE,131.981,
8/9/15 7:00:02 AM,VALID,14.6,VALID,14.812,VALID,15.2,VALID,14.6,VALID,82.9,VALID,81.905,VALID,84.2,VALID,79.3,VALID,11.725,VALID,11.747,VALID,11.961,VALID,11.601,VALID,793.0,VALID,792.683,VALID,793.0,VALID,792.2,VALID,1.981,VALID,0.114,VALID,1.981,VALID,-0.011,VALID,0.0,VALID,0.0,INVALID,0.0,VALID,0.0,VALID - DEFAULT VALUE,131.961,
8/9/15 8:00:02 AM,VALID,14.8,VALID,14.595,VALID,14.8,VALID,14.5,VALID,80.7,VALID,81.938,VALID,83.6,VALID,80.7,VALID,11.513,VALID,11.542,VALID,11.754,VALID,11.355,VALID,793.4,VALID,793.213,VALID,793.4,VALID,793.0,VALID,70.281,VALID,31.879,VALID,70.281,VALID,2.065,VALID,0.0,VALID,0.0,INVALID,0.0,VALID,0.0,VALID - DEFAULT VALUE,131.988,
8/9/15 9:00:02 AM,VALID,16.9,VALID,15.82,VALID,16.9,VALID,14.8,VALID,72.9,VALID,76.665,VALID,80.5,VALID,72.9,VALID,12.005,VALID,11.721,VALID,12.13,VALID,11.475,VALID,793.8,VALID,793.622,VALID,793.8,VALID,793.4,VALID,147.993,VALID,101.884,VALID,147.993,VALID,70.398,VALID,0.0,VALID,0.0,INVALID,0.0,VALID,0.0,VALID - DEFAULT VALUE,132.068,
8/9/15 10:00:02 AM,VALID,18.0,VALID,17.175,VALID,18.0,VALID,16.5,VALID,66.9,VALID,70.293,VALID,73.5,VALID,66.9,VALID,11.755,VALID,11.712,VALID,12.13,VALID,11.38,VALID,794.0,VALID,793.975,VALID,794.1,VALID,793.8,VALID,179.021,VALID,174.056,VALID,189.716,VALID,148.183,VALID,0.0,VALID,0.0,INVALID,0.0,VALID,0.0,VALID - DEFAULT VALUE,132.151,
8/9/15 11:00:03 AM,VALID,20.2,VALID,19.287,VALID,20.2,VALID,18.1,VALID,53.0,VALID,59.867,VALID,66.2,VALID,50.8,VALID,10.31,VALID,11.254,VALID,11.933,VALID,9.584,VALID,794.1,VALID,794.047,VALID,794.1,VALID,793.9,VALID,301.751,VALID,180.075,VALID,301.751,VALID,147.604,VALID,0.0,VALID,0.0,INVALID,0.0,VALID,0.0,VALID - DEFAULT VALUE,132.24,
8/9/15 12:00:02 PM,VALID,22.2,VALID,21.147,VALID,22.4,VALID,20.3,VALID,45.8,VALID,49.382,VALID,52.8,VALID,44.6,VALID,9.96,VALID,10.106,VALID,10.543,VALID,9.654,VALID,793.9,VALID,794.017,VALID,794.2,VALID,793.9,VALID,1008.507,VALID,852.333,VALID,1008.507,VALID,304.22,VALID,0.0,VALID,0.0,INVALID,0.0,VALID,0.0,VALID - DEFAULT VALUE,132.427,
8/9/15 1:00:02 PM,VALID,23.5,VALID,23.222,VALID,24.0,VALID,22.2,VALID,44.1,VALID,44.295,VALID,46.9,VALID,42.6,VALID,10.573,VALID,10.383,VALID,10.924,VALID,9.621,VALID,793.3,VALID,793.607,VALID,793.9,VALID,793.3,VALID,1035.393,VALID,1024.058,VALID,1064.672,VALID,992.731,VALID,0.0,VALID,0.0,INVALID,0.0,VALID,0.0,VALID - DEFAULT VALUE,132.701,
8/9/15 2:00:03 PM,VALID,25.1,VALID,24.253,VALID,25.1,VALID,23.4,VALID,42.0,VALID,42.642,VALID,45.3,VALID,40.5,VALID,11.282,VALID,10.742,VALID,11.613,VALID,9.948,VALID,792.4,VALID,792.872,VALID,793.4,VALID,792.4,VALID,1052.454,VALID,1055.035,VALID,1105.094,VALID,958.967,VALID,0.0,VALID,0.0,INVALID,0.0,VALID,0.0,VALID - DEFAULT VALUE,133.21,
8/9/15 3:00:03 PM,VALID,25.5,VALID,25.105,VALID,25.7,VALID,24.5,VALID,35.8,VALID,39.078,VALID,41.8,VALID,35.3,VALID,9.244,VALID,10.191,VALID,11.3,VALID,9.212,VALID,791.6,VALID,792.015,VALID,792.4,VALID,791.5,VALID,1002.476,VALID,993.855,VALID,1054.855,VALID,389.576,VALID,0.0,VALID,0.0,INVALID,0.0,VALID,0.0,VALID - DEFAULT VALUE,133.954,
8/9/15 4:00:03 PM,VALID,26.6,VALID,26.058,VALID,26.7,VALID,25.1,VALID,34.8,VALID,36.94,VALID,40.0,VALID,34.8,VALID,9.791,VALID,10.2,VALID,10.726,VALID,9.655,VALID,790.8,VALID,791.223,VALID,791.5,VALID,790.8,VALID,846.999,VALID,907.407,VALID,1006.074,VALID,461.187,VALID,0.0,VALID,0.0,INVALID,0.0,VALID,0.0,VALID - DEFAULT VALUE,134.818,
8/9/15 5:00:03 PM,VALID,27.0,VALID,26.643,VALID,27.6,VALID,26.0,VALID,34.0,VALID,35.168,VALID,37.6,VALID,33.2,VALID,9.795,VALID,9.98,VALID,10.686,VALID,9.31,VALID,790.1,VALID,790.435,VALID,790.8,VALID,790.1,VALID,681.181,VALID,763.026,VALID,847.057,VALID,671.933,VALID,0.0,VALID,0.0,INVALID,0.0,VALID,0.0,VALID - DEFAULT VALUE,135.38,
8/9/15 6:00:02 PM,VALID,25.1,VALID,25.772,VALID,26.9,VALID,24.9,VALID,42.8,VALID,39.487,VALID,42.8,VALID,34.4,VALID,11.567,VALID,10.927,VALID,11.567,VALID,9.882,VALID,789.5,VALID,789.855,VALID,790.1,VALID,789.5,VALID,401.603,VALID,361.517,VALID,689.929,VALID,185.124,VALID,0.0,VALID,0.0,INVALID,0.0,VALID,0.0,VALID - DEFAULT VALUE,136.357,
8/9/15 7:00:02 PM,VALID,22.6,VALID,24.797,VALID,25.4,VALID,22.6,VALID,42.6,VALID,41.132,VALID,42.6,VALID,37.7,VALID,9.242,VALID,10.691,VALID,11.354,VALID,9.083,VALID,790.8,VALID,789.783,VALID,790.8,VALID,789.3,VALID,80.645,VALID,355.364,VALID,487.599,VALID,80.645,VALID,0.0,VALID,0.0,INVALID,0.0,VALID,0.0,VALID - DEFAULT VALUE,137.018,
8/9/15 8:00:02 PM,VALID,17.1,VALID,17.707,VALID,22.5,VALID,15.0,VALID,79.0,VALID,72.795,VALID,86.5,VALID,41.6,VALID,13.426,VALID,12.237,VALID,14.399,VALID,8.26,VALID,791.9,VALID,791.383,VALID,791.9,VALID,790.6,VALID,0.636,VALID,9.919,VALID,74.078,VALID,0.636,VALID,0.0,VALID,9.09,INVALID,0.0,VALID,9.09,VALID - DEFAULT VALUE,131.798,
8/9/15 9:00:02 PM,VALID,17.4,VALID,17.887,VALID,18.6,VALID,17.2,VALID,73.9,VALID,67.065,VALID,79.1,VALID,56.1,VALID,12.695,VALID,11.642,VALID,13.582,VALID,9.206,VALID,792.4,VALID,792.113,VALID,792.4,VALID,791.7,VALID,0.032,VALID,0.073,VALID,0.618,VALID,-0.012,VALID,0.0,VALID,0.14,INVALID,0.0,VALID,0.14,VALID - DEFAULT VALUE,131.803,
8/9/15 10:00:02 PM,VALID,17.0,VALID,17.472,VALID,18.0,VALID,17.0,VALID,70.7,VALID,70.075,VALID,74.9,VALID,65.0,VALID,11.636,VALID,11.945,VALID,12.812,VALID,11.031,VALID,793.1,VALID,792.728,VALID,793.1,VALID,792.4,VALID,0.013,VALID,0.009,VALID,0.033,VALID,-0.011,VALID,0.0,VALID,0.0,INVALID,0.0,VALID,0.0,VALID - DEFAULT VALUE,131.874,
8/9/15 11:00:02 PM,VALID,18.0,VALID,17.673,VALID,18.0,VALID,17.0,VALID,66.4,VALID,69.045,VALID,73.8,VALID,65.8,VALID,11.641,VALID,11.914,VALID,12.586,VALID,11.219,VALID,793.5,VALID,793.428,VALID,793.6,VALID,793.2,VALID,-0.006,VALID,-0.003,VALID,0.019,VALID,-0.031,VALID,0.0,VALID,0.0,INVALID,0.0,VALID,0.0,VALID - DEFAULT VALUE,132.178,
