,,WXT510_1,,TA_Stat1h,,TA_Stat1h,,TA_Stat1h,,WXT510_1,,RH_Stat1h,,RH_Stat1h,,RH_Stat1h,,DP_1m,,DP_Stat1h,,DP_Stat1h,,DP_Stat1h,,WXT510_1,,PA_Stat1h,,PA_Stat1h,,PA_Stat1h,,SR_1m,,SR_Stat1h,,SR_Stat1h,,SR_Stat1h,,WXT510_1,,PR_Slide_Sum,,PR_Sum1h,,PR_Sum1h,,Evaporation,
time,status,TA,status,Avg,status,Max,status,Min,status,RH,status,Avg,status,Max,status,Min,status,DP,status,Avg,status,Max,status,Min,status,PA,status,Avg,status,Max,status,Min,status,Avg,status,Avg,status,Max,status,Min,status,Rain_amount,status,PR_Slide_Sum1h,status,PR_Sum1h_CurrHour,status,PR_Sum1h_PrevHour,status,value,
8/22/15 12:00:02 AM,VALID,16.2,VALID,16.038,VALID,16.2,VALID,15.9,VALID,85.9,VALID,84.853,VALID,87.7,VALID,80.7,VALID,13.836,VALID,13.485,VALID,14.057,VALID,12.682,VALID,793.6,VALID,793.458,VALID,793.6,VALID,793.2,VALID,0.034,VALID,0.014,VALID,0.044,VALID,-0.011,VALID,0.0,VALID,0.0,INVALID,0.0,VALID,0.0,VALID - DEFAULT VALUE,171.481,
8/22/15 1:00:03 AM,VALID,15.7,VALID,15.965,VALID,16.2,VALID,15.7,VALID,83.0,VALID,82.983,VALID,86.9,VALID,80.5,VALID,12.819,VALID,13.073,VALID,14.014,VALID,12.644,VALID,793.5,VALID,793.535,VALID,793.6,VALID,793.4,VALID,-0.001,VALID,0.013,VALID,0.052,VALID,-0.021,VALID,0.0,VALID,0.02,INVALID,0.0,VALID,0.02,VALID - DEFAULT VALUE,171.452,
8/22/15 2:00:03 AM,VALID,15.3,VALID,15.397,VALID,15.8,VALID,15.3,VALID,86.2,VALID,85.048,VALID,86.7,VALID,83.6,VALID,13.006,VALID,12.894,VALID,13.155,VALID,12.628,VALID,793.2,VALID,793.423,VALID,793.6,VALID,793.2,VALID,0.01,VALID,0.012,VALID,0.038,VALID,-0.018,VALID,0.0,VALID,0.02,INVALID,0.0,VALID,0.02,VALID - DEFAULT VALUE,171.452,
8/22/15 3:00:03 AM,VALID,14.6,VALID,15.15,VALID,15.3,VALID,14.6,VALID,87.9,VALID,86.7,VALID,88.5,VALID,84.5,VALID,12.616,VALID,12.946,VALID,13.409,VALID,12.546,VALID,793.2,VALID,793.235,VALID,793.3,VALID,793.2,VALID,0.007,VALID,0.012,VALID,0.034,VALID,-0.009,VALID,0.0,VALID,0.0,INVALID,0.0,VALID,0.0,VALID - DEFAULT VALUE,171.467,
8/22/15 4:00:03 AM,VALID,14.5,VALID,14.48,VALID,14.6,VALID,14.4,VALID,88.0,VALID,88.15,VALID,88.8,VALID,87.4,VALID,12.535,VALID,12.541,VALID,12.685,VALID,12.419,VALID,792.6,VALID,793.015,VALID,793.2,VALID,792.6,VALID,0.022,VALID,-0.009,VALID,0.03,VALID,-0.056,VALID,0.0,VALID,0.0,INVALID,0.0,VALID,0.0,VALID - DEFAULT VALUE,171.445,
8/22/15 5:00:03 AM,VALID,14.1,VALID,14.36,VALID,14.5,VALID,14.1,VALID,89.0,VALID,88.8,VALID,89.6,VALID,88.1,VALID,12.313,VALID,12.535,VALID,12.711,VALID,12.291,VALID,792.3,VALID,792.495,VALID,792.8,VALID,792.3,VALID,-0.007,VALID,0.007,VALID,0.031,VALID,-0.03,VALID,0.0,VALID,0.0,INVALID,0.0,VALID,0.0,VALID - DEFAULT VALUE,171.477,
8/22/15 6:00:02 AM,VALID,14.1,VALID,14.093,VALID,14.2,VALID,14.0,VALID,90.5,VALID,90.642,VALID,91.2,VALID,89.2,VALID,12.567,VALID,12.585,VALID,12.75,VALID,12.265,VALID,792.5,VALID,792.273,VALID,792.5,VALID,792.1,VALID,-0.0,VALID,-0.001,VALID,0.02,VALID,-0.031,VALID,0.0,VALID,0.0,INVALID,0.0,VALID,0.0,VALID - DEFAULT VALUE,171.491,
8/22/15 7:00:02 AM,VALID,13.8,VALID,13.92,VALID,14.1,VALID,13.8,VALID,90.1,VALID,90.172,VALID,90.5,VALID,89.9,VALID,12.204,VALID,12.334,VALID,12.567,VALID,12.187,VALID,792.7,VALID,792.572,VALID,792.7,VALID,792.4,VALID,0.15,VALID,0.016,VALID,0.15,VALID,-0.028,VALID,0.0,VALID,0.0,INVALID,0.0,VALID,0.0,VALID - DEFAULT VALUE,171.469,
8/22/15 8:00:02 AM,VALID,13.9,VALID,13.685,VALID,13.9,VALID,13.5,VALID,89.0,VALID,90.455,VALID,91.4,VALID,89.0,VALID,12.115,VALID,12.149,VALID,12.305,VALID,12.025,VALID,793.0,VALID,792.838,VALID,793.0,VALID,792.6,VALID,32.055,VALID,17.035,VALID,40.068,VALID,0.149,VALID,0.0,VALID,0.0,INVALID,0.0,VALID,0.0,VALID - DEFAULT VALUE,171.45,
8/22/15 9:00:02 AM,VALID,15.5,VALID,14.612,VALID,15.5,VALID,13.9,VALID,81.4,VALID,85.263,VALID,88.9,VALID,81.0,VALID,12.326,VALID,12.156,VALID,12.426,VALID,11.926,VALID,793.4,VALID,793.19,VALID,793.4,VALID,793.0,VALID,166.791,VALID,66.159,VALID,166.791,VALID,27.454,VALID,0.0,VALID,0.0,INVALID,0.0,VALID,0.0,VALID - DEFAULT VALUE,171.476,
8/22/15 10:00:02 AM,VALID,17.7,VALID,16.542,VALID,17.7,VALID,15.5,VALID,64.5,VALID,74.003,VALID,81.5,VALID,64.5,VALID,10.918,VALID,11.856,VALID,12.59,VALID,10.918,VALID,793.7,VALID,793.532,VALID,793.7,VALID,793.4,VALID,324.558,VALID,222.734,VALID,441.627,VALID,75.284,VALID,0.0,VALID,0.0,INVALID,0.0,VALID,0.0,VALID - DEFAULT VALUE,171.478,
8/22/15 11:00:03 AM,VALID,19.5,VALID,18.788,VALID,19.7,VALID,17.7,VALID,53.2,VALID,57.947,VALID,64.9,VALID,51.1,VALID,9.718,VALID,10.308,VALID,11.296,VALID,9.239,VALID,793.5,VALID,793.62,VALID,793.7,VALID,793.5,VALID,770.516,VALID,659.807,VALID,783.171,VALID,328.511,VALID,0.0,VALID,0.0,INVALID,0.0,VALID,0.0,VALID - DEFAULT VALUE,171.559,
8/22/15 12:00:02 PM,VALID,20.1,VALID,19.712,VALID,20.5,VALID,19.3,VALID,49.0,VALID,51.442,VALID,53.8,VALID,48.4,VALID,9.047,VALID,9.407,VALID,10.174,VALID,8.846,VALID,793.6,VALID,793.585,VALID,793.7,VALID,793.5,VALID,932.731,VALID,862.887,VALID,933.632,VALID,766.838,VALID,0.0,VALID,0.0,INVALID,0.0,VALID,0.0,VALID - DEFAULT VALUE,171.741,
8/22/15 1:00:03 PM,VALID,21.4,VALID,20.752,VALID,21.4,VALID,19.8,VALID,44.0,VALID,47.948,VALID,51.9,VALID,43.2,VALID,8.637,VALID,9.305,VALID,10.273,VALID,8.276,VALID,793.1,VALID,793.338,VALID,793.6,VALID,793.1,VALID,1054.952,VALID,959.92,VALID,1064.039,VALID,164.939,VALID,0.0,VALID,0.0,INVALID,0.0,VALID,0.0,VALID - DEFAULT VALUE,172.158,
8/22/15 2:00:03 PM,VALID,23.0,VALID,22.168,VALID,23.4,VALID,21.5,VALID,41.1,VALID,40.737,VALID,44.7,VALID,34.9,VALID,9.07,VALID,8.166,VALID,9.07,VALID,6.478,VALID,792.5,VALID,792.785,VALID,793.1,VALID,792.5,VALID,954.656,VALID,966.698,VALID,1241.242,VALID,207.007,VALID,0.0,VALID,0.0,INVALID,0.0,VALID,0.0,VALID - DEFAULT VALUE,172.618,
8/22/15 3:00:03 PM,VALID,23.0,VALID,22.858,VALID,23.4,VALID,22.3,VALID,40.8,VALID,43.413,VALID,47.9,VALID,38.0,VALID,8.961,VALID,9.733,VALID,10.954,VALID,8.0,VALID,791.6,VALID,792.108,VALID,792.5,VALID,791.6,VALID,1072.344,VALID,944.59,VALID,1213.964,VALID,159.067,VALID,0.0,VALID,0.0,INVALID,0.0,VALID,0.0,VALID - DEFAULT VALUE,173.236,
8/22/15 4:00:03 PM,VALID,23.4,VALID,23.63,VALID,24.2,VALID,23.0,VALID,40.5,VALID,39.678,VALID,43.3,VALID,37.5,VALID,9.21,VALID,9.103,VALID,10.304,VALID,8.2,VALID,790.7,VALID,791.145,VALID,791.6,VALID,790.7,VALID,970.661,VALID,890.017,VALID,1079.222,VALID,158.506,VALID,0.0,VALID,0.0,INVALID,0.0,VALID,0.0,VALID - DEFAULT VALUE,173.825,
8/22/15 5:00:02 PM,VALID,23.9,VALID,23.638,VALID,24.2,VALID,23.1,VALID,40.0,VALID,40.673,VALID,43.1,VALID,37.5,VALID,9.473,VALID,9.478,VALID,10.63,VALID,8.228,VALID,790.1,VALID,790.348,VALID,790.7,VALID,790.1,VALID,697.917,VALID,640.494,VALID,966.854,VALID,98.221,VALID,0.0,VALID,0.0,INVALID,0.0,VALID,0.0,VALID - DEFAULT VALUE,174.613,
8/22/15 6:00:02 PM,VALID,22.9,VALID,23.475,VALID,23.8,VALID,22.9,VALID,45.7,VALID,44.717,VALID,46.7,VALID,40.0,VALID,10.564,VALID,10.75,VALID,11.495,VALID,9.384,VALID,789.9,VALID,789.935,VALID,790.1,VALID,789.8,VALID,454.313,VALID,585.658,VALID,705.061,VALID,452.254,VALID,0.0,VALID,0.0,INVALID,0.0,VALID,0.0,VALID - DEFAULT VALUE,175.233,
8/22/15 7:00:02 PM,VALID,22.4,VALID,22.862,VALID,23.3,VALID,22.3,VALID,42.9,VALID,43.733,VALID,46.2,VALID,41.9,VALID,9.166,VALID,9.867,VALID,10.804,VALID,8.996,VALID,790.4,VALID,790.155,VALID,790.4,VALID,789.9,VALID,197.294,VALID,346.122,VALID,487.802,VALID,197.294,VALID,0.0,VALID,0.0,INVALID,0.0,VALID,0.0,VALID - DEFAULT VALUE,175.909,
8/22/15 8:00:02 PM,VALID,19.3,VALID,20.863,VALID,22.3,VALID,19.3,VALID,59.8,VALID,50.99,VALID,59.8,VALID,42.7,VALID,11.287,VALID,10.221,VALID,11.33,VALID,8.886,VALID,791.3,VALID,790.792,VALID,791.3,VALID,790.3,VALID,0.529,VALID,87.817,VALID,196.775,VALID,0.529,VALID,0.0,VALID,0.0,INVALID,0.0,VALID,0.0,VALID - DEFAULT VALUE,176.579,
8/22/15 9:00:03 PM,VALID,17.0,VALID,17.982,VALID,19.3,VALID,17.0,VALID,76.2,VALID,69.272,VALID,77.2,VALID,59.1,VALID,12.776,VALID,12.208,VALID,13.17,VALID,11.109,VALID,792.8,VALID,792.077,VALID,792.8,VALID,791.3,VALID,0.013,VALID,0.063,VALID,0.511,VALID,-0.013,VALID,0.03,VALID,0.34,INVALID,0.0,VALID,0.34,VALID - DEFAULT VALUE,176.576,
8/22/15 10:00:02 PM,VALID,16.9,VALID,16.868,VALID,17.0,VALID,16.8,VALID,75.3,VALID,77.4,VALID,81.5,VALID,74.2,VALID,12.498,VALID,12.885,VALID,13.613,VALID,12.274,VALID,793.6,VALID,793.143,VALID,793.6,VALID,792.8,VALID,-0.002,VALID,0.009,VALID,0.03,VALID,-0.016,VALID,0.0,VALID,0.68,INVALID,0.0,VALID,0.68,VALID - DEFAULT VALUE,176.304,
8/22/15 11:00:02 PM,VALID,16.7,VALID,16.808,VALID,16.9,VALID,16.6,VALID,78.8,VALID,78.007,VALID,80.9,VALID,74.7,VALID,12.999,VALID,12.946,VALID,13.464,VALID,12.28,VALID,793.9,VALID,793.68,VALID,793.9,VALID,793.5,VALID,0.01,VALID,0.02,VALID,0.049,VALID,-0.017,VALID,0.0,VALID,0.02,INVALID,0.0,VALID,0.02,VALID - DEFAULT VALUE,176.272,
