,,WXT510_1,,TA_Stat1h,,TA_Stat1h,,TA_Stat1h,,WXT510_1,,RH_Stat1h,,RH_Stat1h,,RH_Stat1h,,DP_1m,,DP_Stat1h,,DP_Stat1h,,DP_Stat1h,,WXT510_1,,PA_Stat1h,,PA_Stat1h,,PA_Stat1h,,SR_1m,,SR_Stat1h,,SR_Stat1h,,SR_Stat1h,,WXT510_1,,PR_Slide_Sum,,PR_Sum1h,,PR_Sum1h,,Evaporation,
time,status,TA,status,Avg,status,Max,status,Min,status,RH,status,Avg,status,Max,status,Min,status,DP,status,Avg,status,Max,status,Min,status,PA,status,Avg,status,Max,status,Min,status,Avg,status,Avg,status,Max,status,Min,status,Rain_amount,status,PR_Slide_Sum1h,status,PR_Sum1h_CurrHour,status,PR_Sum1h_PrevHour,status,value,
9/14/15 12:00:03 AM,VALID,15.7,VALID,15.665,VALID,15.8,VALID,15.4,VALID,90.7,VALID,88.865,VALID,90.9,VALID,87.1,VALID,14.183,VALID,13.832,VALID,14.183,VALID,13.653,VALID,792.6,VALID,792.575,VALID,792.6,VALID,792.5,VALID,0.022,VALID,0.008,VALID,0.032,VALID,-0.016,VALID,0.0,VALID,0.0,INVALID,0.0,VALID,0.0,VALID - DEFAULT VALUE,145.326,
9/14/15 1:00:03 AM,VALID,15.9,VALID,15.762,VALID,15.9,VALID,15.6,VALID,88.0,VALID,89.18,VALID,91.2,VALID,87.2,VALID,13.913,VALID,13.981,VALID,14.169,VALID,13.745,VALID,791.9,VALID,792.378,VALID,792.6,VALID,791.9,VALID,-0.007,VALID,0.022,VALID,0.048,VALID,-0.012,VALID,0.0,VALID,0.0,INVALID,0.0,VALID,0.0,VALID - DEFAULT VALUE,145.282,
9/14/15 2:00:03 AM,VALID,15.6,VALID,15.865,VALID,16.0,VALID,15.6,VALID,86.8,VALID,86.732,VALID,88.2,VALID,85.2,VALID,13.407,VALID,13.655,VALID,13.948,VALID,13.407,VALID,791.6,VALID,791.758,VALID,791.9,VALID,791.6,VALID,0.014,VALID,0.011,VALID,0.032,VALID,-0.021,VALID,0.0,VALID,0.0,INVALID,0.0,VALID,0.0,VALID - DEFAULT VALUE,145.237,
9/14/15 3:00:03 AM,VALID,15.6,VALID,15.613,VALID,15.7,VALID,15.6,VALID,88.6,VALID,88.533,VALID,89.3,VALID,86.9,VALID,13.722,VALID,13.724,VALID,13.873,VALID,13.424,VALID,791.2,VALID,791.422,VALID,791.6,VALID,791.1,VALID,0.005,VALID,0.002,VALID,0.034,VALID,-0.023,VALID,0.0,VALID,0.0,INVALID,0.0,VALID,0.0,VALID - DEFAULT VALUE,145.189,
9/14/15 4:00:03 AM,VALID,15.6,VALID,15.587,VALID,15.6,VALID,15.5,VALID,90.5,VALID,89.565,VALID,91.0,VALID,88.5,VALID,14.05,VALID,13.876,VALID,14.135,VALID,13.705,VALID,790.9,VALID,790.973,VALID,791.2,VALID,790.8,VALID,-0.018,VALID,0.012,VALID,0.033,VALID,-0.02,VALID,0.0,VALID,0.0,INVALID,0.0,VALID,0.0,VALID - DEFAULT VALUE,145.246,
9/14/15 5:00:03 AM,VALID,16.1,VALID,15.807,VALID,16.2,VALID,15.5,VALID,82.9,VALID,87.537,VALID,91.6,VALID,79.7,VALID,13.191,VALID,13.726,VALID,14.236,VALID,12.589,VALID,791.0,VALID,790.853,VALID,791.0,VALID,790.8,VALID,0.026,VALID,0.006,VALID,0.029,VALID,-0.025,VALID,0.0,VALID,0.0,INVALID,0.0,VALID,0.0,VALID - DEFAULT VALUE,145.181,
9/14/15 6:00:02 AM,VALID,15.7,VALID,15.895,VALID,16.1,VALID,15.7,VALID,86.2,VALID,83.557,VALID,86.4,VALID,80.5,VALID,13.398,VALID,13.11,VALID,13.631,VALID,12.644,VALID,791.2,VALID,791.022,VALID,791.2,VALID,790.9,VALID,0.021,VALID,0.016,VALID,0.042,VALID,-0.027,VALID,0.0,VALID,0.0,INVALID,0.0,VALID,0.0,VALID - DEFAULT VALUE,145.146,
9/14/15 7:00:02 AM,VALID,15.4,VALID,15.68,VALID,15.8,VALID,15.4,VALID,83.9,VALID,84.308,VALID,86.4,VALID,82.4,VALID,12.69,VALID,13.037,VALID,13.434,VALID,12.61,VALID,791.5,VALID,791.293,VALID,791.5,VALID,791.2,VALID,0.035,VALID,0.018,VALID,0.04,VALID,-0.011,VALID,0.0,VALID,0.0,INVALID,0.0,VALID,0.0,VALID - DEFAULT VALUE,145.135,
9/14/15 8:00:02 AM,VALID,15.1,VALID,15.128,VALID,15.4,VALID,15.0,VALID,83.0,VALID,84.105,VALID,84.7,VALID,82.9,VALID,12.232,VALID,12.461,VALID,12.665,VALID,12.232,VALID,791.9,VALID,791.745,VALID,792.0,VALID,791.5,VALID,51.672,VALID,17.408,VALID,51.672,VALID,0.037,VALID,0.0,VALID,0.0,INVALID,0.0,VALID,0.0,VALID - DEFAULT VALUE,145.165,
9/14/15 9:00:02 AM,VALID,15.5,VALID,15.362,VALID,15.5,VALID,15.1,VALID,81.1,VALID,82.49,VALID,83.9,VALID,80.9,VALID,12.27,VALID,12.393,VALID,12.642,VALID,12.195,VALID,792.8,VALID,792.443,VALID,792.8,VALID,792.0,VALID,92.128,VALID,88.491,VALID,130.242,VALID,52.027,VALID,0.0,VALID,0.0,INVALID,0.0,VALID,0.0,VALID - DEFAULT VALUE,145.181,
9/14/15 10:00:02 AM,VALID,16.2,VALID,15.918,VALID,16.2,VALID,15.5,VALID,78.7,VALID,79.555,VALID,81.7,VALID,77.3,VALID,12.494,VALID,12.382,VALID,12.585,VALID,12.123,VALID,793.0,VALID,792.932,VALID,793.0,VALID,792.8,VALID,119.304,VALID,151.907,VALID,226.052,VALID,86.109,VALID,0.0,VALID,0.0,INVALID,0.0,VALID,0.0,VALID - DEFAULT VALUE,145.19,
9/14/15 11:00:03 AM,VALID,17.5,VALID,16.765,VALID,17.5,VALID,16.2,VALID,70.4,VALID,76.388,VALID,80.2,VALID,70.4,VALID,12.051,VALID,12.574,VALID,12.96,VALID,12.051,VALID,793.3,VALID,793.22,VALID,793.3,VALID,793.1,VALID,347.772,VALID,280.087,VALID,643.226,VALID,114.339,VALID,0.0,VALID,0.0,INVALID,0.0,VALID,0.0,VALID - DEFAULT VALUE,145.177,
9/14/15 12:00:03 PM,VALID,18.3,VALID,18.09,VALID,18.6,VALID,17.2,VALID,69.0,VALID,69.682,VALID,72.6,VALID,67.1,VALID,12.511,VALID,12.457,VALID,12.852,VALID,12.031,VALID,793.3,VALID,793.328,VALID,793.4,VALID,793.3,VALID,461.261,VALID,478.662,VALID,859.838,VALID,330.201,VALID,0.0,VALID,0.0,INVALID,0.0,VALID,0.0,VALID - DEFAULT VALUE,145.359,
9/14/15 1:00:03 PM,VALID,20.0,VALID,18.982,VALID,20.0,VALID,18.3,VALID,62.8,VALID,66.395,VALID,69.7,VALID,60.1,VALID,12.69,VALID,12.564,VALID,13.125,VALID,11.576,VALID,792.9,VALID,793.225,VALID,793.4,VALID,792.9,VALID,1122.058,VALID,660.355,VALID,1264.106,VALID,332.29,VALID,0.0,VALID,0.0,INVALID,0.0,VALID,0.0,VALID - DEFAULT VALUE,145.465,
9/14/15 2:00:03 PM,VALID,21.2,VALID,20.598,VALID,21.2,VALID,20.1,VALID,56.5,VALID,58.35,VALID,62.4,VALID,55.3,VALID,12.205,VALID,12.128,VALID,12.773,VALID,11.6,VALID,792.3,VALID,792.61,VALID,792.9,VALID,792.3,VALID,1061.352,VALID,699.74,VALID,1293.259,VALID,302.098,VALID,0.0,VALID,0.0,INVALID,0.0,VALID,0.0,VALID - DEFAULT VALUE,145.68,
9/14/15 3:00:03 PM,VALID,22.5,VALID,21.987,VALID,23.2,VALID,20.9,VALID,51.3,VALID,52.722,VALID,57.4,VALID,48.7,VALID,11.943,VALID,11.87,VALID,12.513,VALID,11.021,VALID,790.9,VALID,791.628,VALID,792.2,VALID,790.9,VALID,935.619,VALID,871.925,VALID,1209.193,VALID,227.204,VALID,0.0,VALID,0.0,INVALID,0.0,VALID,0.0,VALID - DEFAULT VALUE,146.084,
9/14/15 4:00:03 PM,VALID,23.7,VALID,23.598,VALID,24.1,VALID,22.4,VALID,47.4,VALID,49.192,VALID,51.9,VALID,46.2,VALID,11.844,VALID,12.31,VALID,12.841,VALID,11.716,VALID,790.0,VALID,790.392,VALID,790.8,VALID,790.0,VALID,806.808,VALID,729.018,VALID,1012.398,VALID,195.526,VALID,0.0,VALID,0.0,INVALID,0.0,VALID,0.0,VALID - DEFAULT VALUE,146.473,
9/14/15 5:00:02 PM,VALID,24.5,VALID,24.368,VALID,25.0,VALID,23.2,VALID,44.0,VALID,44.388,VALID,48.9,VALID,41.4,VALID,11.444,VALID,11.445,VALID,12.016,VALID,10.705,VALID,789.6,VALID,789.8,VALID,790.0,VALID,789.6,VALID,616.395,VALID,712.21,VALID,808.874,VALID,616.395,VALID,0.0,VALID,0.0,INVALID,0.0,VALID,0.0,VALID - DEFAULT VALUE,146.983,
9/14/15 6:00:02 PM,VALID,23.4,VALID,24.223,VALID,25.0,VALID,23.4,VALID,55.2,VALID,47.655,VALID,55.2,VALID,42.7,VALID,13.898,VALID,12.366,VALID,13.898,VALID,11.442,VALID,789.5,VALID,789.64,VALID,789.8,VALID,789.5,VALID,160.845,VALID,522.335,VALID,627.009,VALID,160.816,VALID,0.0,VALID,0.0,INVALID,0.0,VALID,0.0,VALID - DEFAULT VALUE,147.501,
9/14/15 7:00:02 PM,VALID,15.3,VALID,20.192,VALID,23.3,VALID,15.3,VALID,91.5,VALID,69.318,VALID,91.5,VALID,55.3,VALID,13.923,VALID,14.165,VALID,15.411,VALID,13.285,VALID,790.9,VALID,790.173,VALID,791.1,VALID,789.5,VALID,1.776,VALID,83.953,VALID,283.945,VALID,1.776,VALID,1.17,VALID,9.94,INVALID,0.0,VALID,9.94,VALID - DEFAULT VALUE,141.015,
9/14/15 8:00:02 PM,VALID,15.0,VALID,14.877,VALID,15.3,VALID,14.6,VALID,92.8,VALID,92.053,VALID,93.1,VALID,89.0,VALID,13.843,VALID,13.596,VALID,13.893,VALID,12.909,VALID,792.4,VALID,791.852,VALID,792.4,VALID,790.7,VALID,0.035,VALID,1.246,VALID,4.257,VALID,0.006,VALID,0.15,VALID,9.68,INVALID,0.0,VALID,9.68,VALID - DEFAULT VALUE,135.359,
9/14/15 9:00:03 PM,VALID,15.3,VALID,15.12,VALID,15.3,VALID,14.9,VALID,91.9,VALID,92.753,VALID,93.3,VALID,91.6,VALID,13.99,VALID,13.954,VALID,14.091,VALID,13.761,VALID,792.2,VALID,792.225,VALID,792.4,VALID,792.1,VALID,0.002,VALID,0.024,VALID,0.054,VALID,-0.006,VALID,0.11,VALID,3.13,INVALID,0.0,VALID,3.13,VALID - DEFAULT VALUE,132.912,
9/14/15 10:00:02 PM,VALID,15.3,VALID,15.225,VALID,15.3,VALID,15.1,VALID,91.8,VALID,92.137,VALID,92.7,VALID,91.1,VALID,13.973,VALID,13.955,VALID,14.124,VALID,13.657,VALID,792.9,VALID,792.54,VALID,792.9,VALID,792.2,VALID,0.022,VALID,0.02,VALID,0.042,VALID,-0.003,VALID,0.0,VALID,2.11,INVALID,0.0,VALID,2.11,VALID - DEFAULT VALUE,131.533,
9/14/15 11:00:02 PM,VALID,14.8,VALID,14.998,VALID,15.3,VALID,14.7,VALID,90.9,VALID,90.59,VALID,91.8,VALID,89.3,VALID,13.327,VALID,13.47,VALID,13.973,VALID,12.99,VALID,793.6,VALID,793.255,VALID,793.6,VALID,792.9,VALID,-0.002,VALID,0.006,VALID,0.034,VALID,-0.02,VALID,0.0,VALID,0.01,INVALID,0.0,VALID,0.01,VALID - DEFAULT VALUE,131.458,
