,,WXT510_1,,TA_Stat1h,,TA_Stat1h,,TA_Stat1h,,WXT510_1,,RH_Stat1h,,RH_Stat1h,,RH_Stat1h,,DP_1m,,DP_Stat1h,,DP_Stat1h,,DP_Stat1h,,WXT510_1,,PA_Stat1h,,PA_Stat1h,,PA_Stat1h,,SR_1m,,SR_Stat1h,,SR_Stat1h,,SR_Stat1h,,WXT510_1,,PR_Slide_Sum,,PR_Sum1h,,PR_Sum1h,,Evaporation,
time,status,TA,status,Avg,status,Max,status,Min,status,RH,status,Avg,status,Max,status,Min,status,DP,status,Avg,status,Max,status,Min,status,PA,status,Avg,status,Max,status,Min,status,Avg,status,Avg,status,Max,status,Min,status,Rain_amount,status,PR_Slide_Sum1h,status,PR_Sum1h_CurrHour,status,PR_Sum1h_PrevHour,status,value,
8/30/15 12:00:03 AM,VALID,16.9,VALID,16.77,VALID,16.9,VALID,16.7,VALID,79.9,VALID,80.47,VALID,81.9,VALID,78.4,VALID,13.348,VALID,13.388,VALID,13.67,VALID,13.018,VALID,793.4,VALID,793.178,VALID,793.4,VALID,793.0,VALID,0.026,VALID,0.018,VALID,0.043,VALID,-0.018,VALID,0.0,VALID,0.0,INVALID,0.0,VALID,0.0,VALID - DEFAULT VALUE,192.005,
8/30/15 1:00:03 AM,VALID,16.6,VALID,16.898,VALID,17.0,VALID,16.6,VALID,77.8,VALID,79.018,VALID,81.0,VALID,76.5,VALID,12.706,VALID,13.233,VALID,13.657,VALID,12.626,VALID,793.4,VALID,793.348,VALID,793.4,VALID,793.3,VALID,-0.027,VALID,0.01,VALID,0.043,VALID,-0.027,VALID,0.0,VALID,0.0,INVALID,0.0,VALID,0.0,VALID - DEFAULT VALUE,191.914,
8/30/15 2:00:02 AM,VALID,16.3,VALID,16.32,VALID,16.6,VALID,16.2,VALID,76.6,VALID,78.283,VALID,79.6,VALID,76.4,VALID,12.179,VALID,12.528,VALID,12.785,VALID,12.139,VALID,792.9,VALID,793.117,VALID,793.4,VALID,792.9,VALID,0.013,VALID,0.006,VALID,0.034,VALID,-0.025,VALID,0.0,VALID,0.0,INVALID,0.0,VALID,0.0,VALID - DEFAULT VALUE,192.09,
8/30/15 3:00:02 AM,VALID,16.2,VALID,16.26,VALID,16.3,VALID,16.2,VALID,76.8,VALID,76.81,VALID,77.7,VALID,75.5,VALID,12.121,VALID,12.181,VALID,12.337,VALID,11.959,VALID,792.7,VALID,792.77,VALID,793.0,VALID,792.6,VALID,-0.004,VALID,0.006,VALID,0.037,VALID,-0.024,VALID,0.0,VALID,0.0,INVALID,0.0,VALID,0.0,VALID - DEFAULT VALUE,192.122,
8/30/15 4:00:03 AM,VALID,15.7,VALID,16.053,VALID,16.2,VALID,15.7,VALID,80.4,VALID,77.613,VALID,80.4,VALID,76.1,VALID,12.333,VALID,12.138,VALID,12.373,VALID,11.967,VALID,792.3,VALID,792.435,VALID,792.7,VALID,792.2,VALID,-0.003,VALID,0.003,VALID,0.027,VALID,-0.017,VALID,0.0,VALID,0.0,INVALID,0.0,VALID,0.0,VALID - DEFAULT VALUE,192.162,
8/30/15 5:00:03 AM,VALID,15.7,VALID,15.693,VALID,15.8,VALID,15.6,VALID,78.1,VALID,78.813,VALID,80.7,VALID,76.7,VALID,11.892,VALID,12.022,VALID,12.39,VALID,11.617,VALID,792.0,VALID,792.275,VALID,792.4,VALID,792.0,VALID,0.017,VALID,0.003,VALID,0.034,VALID,-0.017,VALID,0.0,VALID,0.0,INVALID,0.0,VALID,0.0,VALID - DEFAULT VALUE,192.158,
8/30/15 6:00:03 AM,VALID,15.5,VALID,15.6,VALID,15.7,VALID,15.5,VALID,80.3,VALID,78.445,VALID,80.3,VALID,77.0,VALID,12.119,VALID,11.861,VALID,12.16,VALID,11.58,VALID,791.8,VALID,791.843,VALID,792.0,VALID,791.8,VALID,0.002,VALID,0.016,VALID,0.038,VALID,-0.009,VALID,0.0,VALID,0.0,INVALID,0.0,VALID,0.0,VALID - DEFAULT VALUE,192.16,
8/30/15 7:00:03 AM,VALID,15.6,VALID,15.588,VALID,15.7,VALID,15.5,VALID,80.7,VALID,79.587,VALID,81.3,VALID,78.4,VALID,12.292,VALID,12.069,VALID,12.349,VALID,11.853,VALID,792.2,VALID,792.077,VALID,792.2,VALID,791.8,VALID,0.04,VALID,0.008,VALID,0.04,VALID,-0.02,VALID,0.0,VALID,0.0,INVALID,0.0,VALID,0.0,VALID - DEFAULT VALUE,192.176,
8/30/15 8:00:03 AM,VALID,15.5,VALID,15.257,VALID,15.6,VALID,15.0,VALID,82.8,VALID,83.437,VALID,85.1,VALID,80.7,VALID,12.586,VALID,12.463,VALID,12.613,VALID,12.292,VALID,792.6,VALID,792.347,VALID,792.6,VALID,792.1,VALID,69.646,VALID,17.334,VALID,69.646,VALID,0.043,VALID,0.0,VALID,0.0,INVALID,0.0,VALID,0.0,VALID - DEFAULT VALUE,192.164,
8/30/15 9:00:02 AM,VALID,17.0,VALID,16.528,VALID,17.6,VALID,15.5,VALID,72.6,VALID,77.268,VALID,83.7,VALID,70.6,VALID,12.039,VALID,12.51,VALID,13.143,VALID,11.825,VALID,793.0,VALID,792.743,VALID,793.0,VALID,792.6,VALID,344.016,VALID,188.839,VALID,344.016,VALID,64.818,VALID,0.0,VALID,0.06,INVALID,0.0,VALID,0.06,VALID - DEFAULT VALUE,192.174,
8/30/15 10:00:02 AM,VALID,18.6,VALID,17.865,VALID,18.7,VALID,17.1,VALID,62.4,VALID,65.92,VALID,72.6,VALID,60.9,VALID,11.27,VALID,11.386,VALID,12.135,VALID,10.838,VALID,793.5,VALID,793.248,VALID,793.5,VALID,793.0,VALID,525.734,VALID,474.304,VALID,682.916,VALID,140.251,VALID,0.0,VALID,0.0,INVALID,0.0,VALID,0.0,VALID - DEFAULT VALUE,192.324,
8/30/15 11:00:02 AM,VALID,19.9,VALID,19.395,VALID,20.5,VALID,18.7,VALID,57.7,VALID,58.292,VALID,61.7,VALID,54.6,VALID,11.309,VALID,10.98,VALID,11.695,VALID,10.306,VALID,793.6,VALID,793.562,VALID,793.6,VALID,793.5,VALID,956.114,VALID,644.497,VALID,958.08,VALID,222.417,VALID,0.0,VALID,0.0,INVALID,0.0,VALID,0.0,VALID - DEFAULT VALUE,192.405,
8/30/15 12:00:02 PM,VALID,21.1,VALID,20.308,VALID,21.1,VALID,19.5,VALID,50.7,VALID,55.465,VALID,58.6,VALID,50.7,VALID,10.476,VALID,11.083,VALID,11.645,VALID,10.476,VALID,793.6,VALID,793.593,VALID,793.7,VALID,793.5,VALID,952.266,VALID,865.613,VALID,1011.354,VALID,281.958,VALID,0.0,VALID,0.0,INVALID,0.0,VALID,0.0,VALID - DEFAULT VALUE,192.704,
8/30/15 1:00:02 PM,VALID,22.1,VALID,21.753,VALID,23.3,VALID,21.0,VALID,47.3,VALID,47.555,VALID,52.4,VALID,44.3,VALID,10.351,VALID,10.104,VALID,10.879,VALID,9.086,VALID,793.1,VALID,793.45,VALID,793.7,VALID,793.1,VALID,1193.291,VALID,944.587,VALID,1216.808,VALID,251.404,VALID,0.0,VALID,0.0,INVALID,0.0,VALID,0.0,VALID - DEFAULT VALUE,193.058,
8/30/15 2:00:02 PM,VALID,22.8,VALID,22.617,VALID,23.0,VALID,22.1,VALID,43.4,VALID,45.562,VALID,48.6,VALID,42.1,VALID,9.7,VALID,10.255,VALID,10.759,VALID,9.427,VALID,792.6,VALID,792.873,VALID,793.1,VALID,792.6,VALID,470.799,VALID,590.781,VALID,1326.028,VALID,351.269,VALID,0.0,VALID,0.0,INVALID,0.0,VALID,0.0,VALID - DEFAULT VALUE,193.619,
8/30/15 3:00:02 PM,VALID,23.1,VALID,23.135,VALID,23.5,VALID,22.7,VALID,41.7,VALID,41.777,VALID,43.5,VALID,39.8,VALID,9.375,VALID,9.43,VALID,10.069,VALID,8.504,VALID,791.8,VALID,792.215,VALID,792.7,VALID,791.8,VALID,270.893,VALID,628.955,VALID,1414.336,VALID,270.893,VALID,0.0,VALID,0.0,INVALID,0.0,VALID,0.0,VALID - DEFAULT VALUE,194.289,
8/30/15 4:00:03 PM,VALID,22.8,VALID,22.588,VALID,23.1,VALID,22.2,VALID,42.0,VALID,43.953,VALID,48.4,VALID,41.8,VALID,9.212,VALID,9.69,VALID,10.788,VALID,9.141,VALID,791.2,VALID,791.497,VALID,791.8,VALID,791.1,VALID,260.574,VALID,222.383,VALID,289.512,VALID,166.758,VALID,0.0,VALID,0.03,INVALID,0.0,VALID,0.03,VALID - DEFAULT VALUE,194.632,
8/30/15 5:00:03 PM,VALID,22.9,VALID,22.885,VALID,23.2,VALID,22.5,VALID,45.1,VALID,44.105,VALID,47.6,VALID,42.1,VALID,10.365,VALID,10.011,VALID,10.812,VALID,9.318,VALID,790.5,VALID,790.618,VALID,791.1,VALID,790.4,VALID,325.606,VALID,363.479,VALID,656.202,VALID,238.531,VALID,0.0,VALID,0.0,INVALID,0.0,VALID,0.0,VALID - DEFAULT VALUE,194.987,
8/30/15 6:00:03 PM,VALID,21.2,VALID,21.787,VALID,23.5,VALID,20.7,VALID,59.3,VALID,48.69,VALID,61.1,VALID,40.7,VALID,12.944,VALID,10.417,VALID,13.496,VALID,8.387,VALID,790.5,VALID,790.525,VALID,790.6,VALID,790.4,VALID,77.939,VALID,102.156,VALID,442.334,VALID,46.877,VALID,0.06,VALID,1.81,INVALID,0.0,VALID,1.81,VALID - DEFAULT VALUE,195.002,
8/30/15 7:00:03 PM,VALID,17.9,VALID,20.057,VALID,21.1,VALID,17.9,VALID,69.1,VALID,62.773,VALID,74.3,VALID,56.2,VALID,12.151,VALID,12.709,VALID,14.128,VALID,11.099,VALID,791.2,VALID,790.77,VALID,791.3,VALID,790.4,VALID,9.528,VALID,29.773,VALID,76.818,VALID,6.522,VALID,0.39,VALID,4.99,INVALID,0.0,VALID,4.99,VALID - DEFAULT VALUE,192.673,
8/30/15 8:00:03 PM,VALID,17.5,VALID,18.312,VALID,18.8,VALID,17.5,VALID,73.6,VALID,71.418,VALID,81.7,VALID,63.6,VALID,12.729,VALID,13.023,VALID,14.632,VALID,11.274,VALID,791.3,VALID,791.01,VALID,791.3,VALID,790.8,VALID,0.066,VALID,2.689,VALID,9.516,VALID,0.055,VALID,0.0,VALID,1.23,INVALID,0.0,VALID,1.23,VALID - DEFAULT VALUE,192.14,
8/30/15 9:00:02 PM,VALID,18.1,VALID,17.932,VALID,18.2,VALID,17.5,VALID,72.2,VALID,74.42,VALID,79.6,VALID,71.6,VALID,13.013,VALID,13.311,VALID,14.224,VALID,12.646,VALID,792.4,VALID,791.752,VALID,792.4,VALID,791.2,VALID,-0.024,VALID,0.013,VALID,0.064,VALID,-0.024,VALID,0.0,VALID,0.0,INVALID,0.0,VALID,0.0,VALID - DEFAULT VALUE,192.15,
8/30/15 10:00:02 PM,VALID,18.1,VALID,18.187,VALID,18.3,VALID,18.0,VALID,64.5,VALID,69.142,VALID,76.9,VALID,64.0,VALID,11.297,VALID,12.416,VALID,14.136,VALID,11.179,VALID,793.2,VALID,792.78,VALID,793.2,VALID,792.4,VALID,0.021,VALID,0.01,VALID,0.038,VALID,-0.024,VALID,0.0,VALID,0.0,INVALID,0.0,VALID,0.0,VALID - DEFAULT VALUE,192.232,
8/30/15 11:00:02 PM,VALID,17.7,VALID,17.93,VALID,18.1,VALID,17.7,VALID,69.6,VALID,65.882,VALID,69.7,VALID,63.2,VALID,12.069,VALID,11.451,VALID,12.091,VALID,10.99,VALID,793.8,VALID,793.585,VALID,793.8,VALID,793.3,VALID,0.022,VALID,0.01,VALID,0.032,VALID,-0.02,VALID,0.0,VALID,0.0,INVALID,0.0,VALID,0.0,VALID - DEFAULT VALUE,192.305,
