,,WXT510_1,,TA_Stat1h,,TA_Stat1h,,TA_Stat1h,,WXT510_1,,RH_Stat1h,,RH_Stat1h,,RH_Stat1h,,DP_1m,,DP_Stat1h,,DP_Stat1h,,DP_Stat1h,,WXT510_1,,PA_Stat1h,,PA_Stat1h,,PA_Stat1h,,SR_1m,,SR_Stat1h,,SR_Stat1h,,SR_Stat1h,,WXT510_1,,PR_Slide_Sum,,PR_Sum1h,,PR_Sum1h,,Evaporation,
time,status,TA,status,Avg,status,Max,status,Min,status,RH,status,Avg,status,Max,status,Min,status,DP,status,Avg,status,Max,status,Min,status,PA,status,Avg,status,Max,status,Min,status,Avg,status,Avg,status,Max,status,Min,status,Rain_amount,status,PR_Slide_Sum1h,status,PR_Sum1h_CurrHour,status,PR_Sum1h_PrevHour,status,value,
9/2/15 12:00:03 AM,VALID,18.1,VALID,18.055,VALID,18.2,VALID,17.9,VALID,71.7,VALID,70.768,VALID,72.3,VALID,69.2,VALID,12.906,VALID,12.661,VALID,12.981,VALID,12.364,VALID,794.0,VALID,793.835,VALID,794.0,VALID,793.6,VALID,-0.009,VALID,0.0,VALID,0.027,VALID,-0.02,VALID,0.0,VALID,0.0,INVALID,0.0,VALID,0.0,VALID - DEFAULT VALUE,203.612,
9/2/15 1:00:03 AM,VALID,17.5,VALID,17.702,VALID,18.1,VALID,17.5,VALID,78.9,VALID,76.283,VALID,79.6,VALID,71.7,VALID,13.796,VALID,13.466,VALID,13.932,VALID,12.874,VALID,793.6,VALID,793.835,VALID,794.0,VALID,793.6,VALID,-0.027,VALID,-0.001,VALID,0.034,VALID,-0.033,VALID,0.0,VALID,0.0,INVALID,0.0,VALID,0.0,VALID - DEFAULT VALUE,203.565,
9/2/15 2:00:03 AM,VALID,17.1,VALID,17.208,VALID,17.5,VALID,17.1,VALID,82.4,VALID,81.24,VALID,82.7,VALID,78.6,VALID,14.076,VALID,13.961,VALID,14.233,VALID,13.737,VALID,793.5,VALID,793.548,VALID,793.7,VALID,793.4,VALID,-0.034,VALID,-0.004,VALID,0.054,VALID,-0.042,VALID,0.0,VALID,0.01,INVALID,0.0,VALID,0.01,VALID - DEFAULT VALUE,203.553,
9/2/15 3:00:03 AM,VALID,16.7,VALID,16.893,VALID,17.1,VALID,16.7,VALID,82.9,VALID,83.14,VALID,85.8,VALID,81.0,VALID,13.778,VALID,14.01,VALID,14.505,VALID,13.421,VALID,793.4,VALID,793.445,VALID,793.6,VALID,793.3,VALID,-0.055,VALID,-0.014,VALID,0.022,VALID,-0.055,VALID,0.0,VALID,0.09,INVALID,0.0,VALID,0.09,VALID - DEFAULT VALUE,203.45,
9/2/15 4:00:03 AM,VALID,16.6,VALID,16.56,VALID,16.7,VALID,16.5,VALID,83.5,VALID,83.555,VALID,85.5,VALID,81.9,VALID,13.791,VALID,13.762,VALID,14.058,VALID,13.531,VALID,793.1,VALID,793.092,VALID,793.4,VALID,793.0,VALID,-0.012,VALID,-0.001,VALID,0.046,VALID,-0.056,VALID,0.0,VALID,0.0,INVALID,0.0,VALID,0.0,VALID - DEFAULT VALUE,203.425,
9/2/15 5:00:03 AM,VALID,16.3,VALID,16.567,VALID,16.7,VALID,16.3,VALID,86.2,VALID,84.037,VALID,86.2,VALID,83.1,VALID,13.988,VALID,13.857,VALID,14.164,VALID,13.675,VALID,793.1,VALID,793.002,VALID,793.1,VALID,792.8,VALID,-0.033,VALID,-0.009,VALID,0.025,VALID,-0.042,VALID,0.0,VALID,0.0,INVALID,0.0,VALID,0.0,VALID - DEFAULT VALUE,203.474,
9/2/15 6:00:02 AM,VALID,16.1,VALID,16.17,VALID,16.2,VALID,16.1,VALID,85.0,VALID,86.287,VALID,88.0,VALID,84.4,VALID,13.576,VALID,13.875,VALID,14.209,VALID,13.485,VALID,793.1,VALID,793.045,VALID,793.1,VALID,792.9,VALID,-0.008,VALID,-0.002,VALID,0.03,VALID,-0.037,VALID,0.0,VALID,0.08,INVALID,0.0,VALID,0.08,VALID - DEFAULT VALUE,203.233,
9/2/15 7:00:02 AM,VALID,15.6,VALID,15.73,VALID,16.1,VALID,15.5,VALID,86.3,VALID,87.825,VALID,90.0,VALID,84.6,VALID,13.318,VALID,13.712,VALID,13.913,VALID,13.247,VALID,793.8,VALID,793.513,VALID,793.8,VALID,793.1,VALID,-0.013,VALID,-0.019,VALID,0.018,VALID,-0.047,VALID,0.0,VALID,0.02,INVALID,0.0,VALID,0.02,VALID - DEFAULT VALUE,203.358,
9/2/15 8:00:02 AM,VALID,15.7,VALID,15.577,VALID,15.7,VALID,15.5,VALID,84.4,VALID,84.972,VALID,86.0,VALID,84.0,VALID,13.075,VALID,13.057,VALID,13.265,VALID,12.904,VALID,794.0,VALID,793.97,VALID,794.1,VALID,793.8,VALID,24.532,VALID,7.654,VALID,24.532,VALID,-0.01,VALID,0.0,VALID,0.0,INVALID,0.0,VALID,0.0,VALID - DEFAULT VALUE,203.348,
9/2/15 9:00:02 AM,VALID,16.3,VALID,15.97,VALID,16.3,VALID,15.7,VALID,81.0,VALID,82.563,VALID,84.7,VALID,80.0,VALID,13.031,VALID,13.0,VALID,13.32,VALID,12.698,VALID,794.8,VALID,794.402,VALID,794.8,VALID,794.1,VALID,134.632,VALID,81.522,VALID,134.632,VALID,24.63,VALID,0.0,VALID,0.0,INVALID,0.0,VALID,0.0,VALID - DEFAULT VALUE,203.351,
9/2/15 10:00:02 AM,VALID,17.5,VALID,16.678,VALID,17.5,VALID,16.3,VALID,76.8,VALID,79.208,VALID,81.5,VALID,76.8,VALID,13.381,VALID,13.055,VALID,13.445,VALID,12.841,VALID,794.8,VALID,794.833,VALID,794.9,VALID,794.7,VALID,385.769,VALID,215.753,VALID,391.562,VALID,136.003,VALID,0.0,VALID,0.0,INVALID,0.0,VALID,0.0,VALID - DEFAULT VALUE,203.38,
9/2/15 11:00:03 AM,VALID,18.2,VALID,17.852,VALID,18.2,VALID,17.4,VALID,69.6,VALID,72.08,VALID,76.4,VALID,69.2,VALID,12.548,VALID,12.745,VALID,13.414,VALID,12.047,VALID,795.0,VALID,794.932,VALID,795.1,VALID,794.7,VALID,357.355,VALID,286.778,VALID,398.02,VALID,196.053,VALID,0.0,VALID,0.0,INVALID,0.0,VALID,0.0,VALID - DEFAULT VALUE,203.451,
9/2/15 12:00:03 PM,VALID,19.6,VALID,18.84,VALID,19.6,VALID,18.2,VALID,63.1,VALID,65.268,VALID,69.3,VALID,62.7,VALID,12.385,VALID,12.173,VALID,12.482,VALID,11.795,VALID,794.7,VALID,794.885,VALID,795.0,VALID,794.7,VALID,346.056,VALID,407.436,VALID,573.058,VALID,311.267,VALID,0.0,VALID,0.0,INVALID,0.0,VALID,0.0,VALID - DEFAULT VALUE,203.574,
9/2/15 1:00:03 PM,VALID,21.3,VALID,20.435,VALID,21.4,VALID,19.7,VALID,54.3,VALID,59.165,VALID,63.1,VALID,53.5,VALID,11.695,VALID,12.171,VALID,12.837,VALID,11.555,VALID,793.9,VALID,794.252,VALID,794.7,VALID,793.9,VALID,616.492,VALID,493.997,VALID,692.603,VALID,269.042,VALID,0.0,VALID,0.0,INVALID,0.0,VALID,0.0,VALID - DEFAULT VALUE,203.693,
9/2/15 2:00:03 PM,VALID,22.4,VALID,21.65,VALID,22.7,VALID,21.2,VALID,50.2,VALID,53.292,VALID,54.7,VALID,50.1,VALID,11.523,VALID,11.732,VALID,12.178,VALID,11.335,VALID,793.2,VALID,793.547,VALID,794.0,VALID,793.2,VALID,504.203,VALID,561.378,VALID,1220.233,VALID,342.382,VALID,0.0,VALID,0.0,INVALID,0.0,VALID,0.0,VALID - DEFAULT VALUE,204.031,
9/2/15 3:00:03 PM,VALID,22.4,VALID,22.227,VALID,22.6,VALID,21.6,VALID,54.0,VALID,53.14,VALID,57.6,VALID,49.4,VALID,12.632,VALID,12.215,VALID,13.194,VALID,11.34,VALID,792.2,VALID,792.683,VALID,793.2,VALID,792.2,VALID,487.136,VALID,554.732,VALID,1284.346,VALID,183.992,VALID,0.0,VALID,0.0,INVALID,0.0,VALID,0.0,VALID - DEFAULT VALUE,204.369,
9/2/15 4:00:03 PM,VALID,23.1,VALID,22.833,VALID,23.6,VALID,22.3,VALID,50.4,VALID,50.863,VALID,54.6,VALID,47.2,VALID,12.227,VALID,12.103,VALID,13.08,VALID,11.205,VALID,791.0,VALID,791.542,VALID,792.2,VALID,791.0,VALID,285.678,VALID,621.784,VALID,1188.759,VALID,249.832,VALID,0.0,VALID,0.0,INVALID,0.0,VALID,0.0,VALID - DEFAULT VALUE,204.82,
9/2/15 5:00:03 PM,VALID,23.0,VALID,23.407,VALID,24.1,VALID,22.7,VALID,54.0,VALID,50.205,VALID,57.0,VALID,46.4,VALID,13.189,VALID,12.421,VALID,14.021,VALID,11.248,VALID,790.3,VALID,790.612,VALID,791.0,VALID,790.2,VALID,656.657,VALID,682.447,VALID,997.567,VALID,197.722,VALID,0.0,VALID,0.0,INVALID,0.0,VALID,0.0,VALID - DEFAULT VALUE,205.41,
9/2/15 6:00:02 PM,VALID,23.2,VALID,23.44,VALID,23.8,VALID,23.1,VALID,55.2,VALID,54.128,VALID,55.9,VALID,51.1,VALID,13.712,VALID,13.631,VALID,14.056,VALID,12.99,VALID,790.0,VALID,789.922,VALID,790.3,VALID,789.8,VALID,503.782,VALID,545.114,VALID,655.464,VALID,441.348,VALID,0.0,VALID,0.0,INVALID,0.0,VALID,0.0,VALID - DEFAULT VALUE,205.54,
9/2/15 7:00:02 PM,VALID,21.8,VALID,22.53,VALID,23.4,VALID,21.8,VALID,59.0,VALID,58.1,VALID,61.1,VALID,54.1,VALID,13.429,VALID,13.865,VALID,14.25,VALID,12.987,VALID,789.9,VALID,789.988,VALID,790.1,VALID,789.9,VALID,111.274,VALID,275.122,VALID,518.957,VALID,111.274,VALID,0.01,VALID,0.06,INVALID,0.0,VALID,0.06,VALID - DEFAULT VALUE,205.637,
9/2/15 8:00:02 PM,VALID,19.6,VALID,20.535,VALID,21.8,VALID,19.6,VALID,71.7,VALID,65.603,VALID,72.3,VALID,59.3,VALID,14.347,VALID,13.831,VALID,14.7,VALID,13.072,VALID,790.7,VALID,790.18,VALID,790.7,VALID,789.8,VALID,0.059,VALID,36.095,VALID,109.765,VALID,0.059,VALID,0.0,VALID,0.02,INVALID,0.0,VALID,0.02,VALID - DEFAULT VALUE,205.633,
9/2/15 9:00:03 PM,VALID,13.7,VALID,15.684,VALID,19.7,VALID,12.6,VALID,93.7,VALID,82.689,VALID,94.4,VALID,64.0,VALID,12.702,VALID,12.592,VALID,14.828,VALID,11.061,VALID,792.3,VALID,791.407,VALID,792.3,VALID,790.8,VALID,-0.035,VALID,-0.012,VALID,0.051,VALID,-0.065,VALID,0.01,VALID,22.69,INVALID,0.0,VALID,22.69,VALID - DEFAULT VALUE,187.935,
9/2/15 10:00:02 PM,VALID,13.7,VALID,13.823,VALID,14.1,VALID,13.6,VALID,92.2,VALID,93.495,VALID,94.2,VALID,92.0,VALID,12.456,VALID,12.791,VALID,13.066,VALID,12.423,VALID,793.3,VALID,792.887,VALID,793.3,VALID,792.4,VALID,-0.009,VALID,-0.017,VALID,0.051,VALID,-0.055,VALID,0.04,VALID,7.02,INVALID,0.0,VALID,7.02,VALID - DEFAULT VALUE,182.439,
9/2/15 11:00:02 PM,VALID,13.9,VALID,13.707,VALID,14.0,VALID,13.4,VALID,94.1,VALID,93.76,VALID,94.3,VALID,91.6,VALID,12.966,VALID,12.718,VALID,13.097,VALID,12.158,VALID,793.7,VALID,793.633,VALID,793.9,VALID,793.3,VALID,-0.049,VALID,0.007,VALID,1.069,VALID,-0.052,VALID,0.28,VALID,22.37,INVALID,0.0,VALID,22.37,VALID - DEFAULT VALUE,167.594,
