,,WXT510_1,,TA_Stat1h,,TA_Stat1h,,TA_Stat1h,,WXT510_1,,RH_Stat1h,,RH_Stat1h,,RH_Stat1h,,DP_1m,,DP_Stat1h,,DP_Stat1h,,DP_Stat1h,,WXT510_1,,PA_Stat1h,,PA_Stat1h,,PA_Stat1h,,SR_1m,,SR_Stat1h,,SR_Stat1h,,SR_Stat1h,,WXT510_1,,PR_Slide_Sum,,PR_Sum1h,,PR_Sum1h,,Evaporation,
time,status,TA,status,Avg,status,Max,status,Min,status,RH,status,Avg,status,Max,status,Min,status,DP,status,Avg,status,Max,status,Min,status,PA,status,Avg,status,Max,status,Min,status,Avg,status,Avg,status,Max,status,Min,status,Rain_amount,status,PR_Slide_Sum1h,status,PR_Sum1h_CurrHour,status,PR_Sum1h_PrevHour,status,value,
9/9/15 12:00:05 AM,VALID,15.5,VALID,16.173,VALID,17.2,VALID,15.5,VALID,72.9,VALID,74.425,VALID,77.0,VALID,72.2,VALID,10.657,VALID,11.617,VALID,12.773,VALID,10.657,VALID,792.5,VALID,792.47,VALID,792.5,VALID,792.3,VALID,0.013,VALID,0.004,VALID,0.029,VALID,-0.022,VALID,0.0,VALID,0.0,INVALID,0.0,VALID,0.0,VALID - DEFAULT VALUE,164.439,
9/9/15 1:00:02 AM,VALID,15.4,VALID,15.368,VALID,15.5,VALID,15.2,VALID,73.6,VALID,73.648,VALID,74.7,VALID,72.8,VALID,10.705,VALID,10.684,VALID,10.862,VALID,10.54,VALID,792.5,VALID,792.517,VALID,792.6,VALID,792.4,VALID,0.022,VALID,0.006,VALID,0.031,VALID,-0.019,VALID,0.0,VALID,0.0,INVALID,0.0,VALID,0.0,VALID - DEFAULT VALUE,164.459,
9/9/15 2:00:02 AM,VALID,15.5,VALID,15.508,VALID,15.8,VALID,15.2,VALID,73.9,VALID,73.783,VALID,75.9,VALID,71.9,VALID,10.862,VALID,10.845,VALID,11.055,VALID,10.593,VALID,791.9,VALID,792.263,VALID,792.5,VALID,791.9,VALID,-0.005,VALID,0.01,VALID,0.03,VALID,-0.018,VALID,0.0,VALID,0.0,INVALID,0.0,VALID,0.0,VALID - DEFAULT VALUE,164.464,
9/9/15 3:00:02 AM,VALID,14.1,VALID,14.823,VALID,15.5,VALID,14.1,VALID,82.6,VALID,79.208,VALID,82.9,VALID,73.6,VALID,11.181,VALID,11.236,VALID,11.578,VALID,10.801,VALID,791.7,VALID,791.83,VALID,791.9,VALID,791.7,VALID,-0.001,VALID,0.009,VALID,0.044,VALID,-0.02,VALID,0.0,VALID,0.0,INVALID,0.0,VALID,0.0,VALID - DEFAULT VALUE,164.517,
9/9/15 4:00:02 AM,VALID,13.7,VALID,13.895,VALID,14.1,VALID,13.7,VALID,83.9,VALID,82.992,VALID,84.2,VALID,82.0,VALID,11.025,VALID,11.052,VALID,11.236,VALID,10.87,VALID,791.4,VALID,791.568,VALID,791.7,VALID,791.4,VALID,0.013,VALID,0.011,VALID,0.033,VALID,-0.02,VALID,0.0,VALID,0.0,INVALID,0.0,VALID,0.0,VALID - DEFAULT VALUE,164.523,
9/9/15 5:00:02 AM,VALID,13.1,VALID,13.205,VALID,13.7,VALID,12.9,VALID,83.4,VALID,84.383,VALID,85.5,VALID,83.3,VALID,10.348,VALID,10.626,VALID,11.043,VALID,10.268,VALID,791.4,VALID,791.35,VALID,791.5,VALID,791.2,VALID,0.011,VALID,0.008,VALID,0.033,VALID,-0.018,VALID,0.0,VALID,0.0,INVALID,0.0,VALID,0.0,VALID - DEFAULT VALUE,164.525,
9/9/15 6:00:03 AM,VALID,12.7,VALID,12.883,VALID,13.1,VALID,12.7,VALID,84.9,VALID,84.21,VALID,84.9,VALID,83.3,VALID,10.223,VALID,10.281,VALID,10.402,VALID,10.144,VALID,791.6,VALID,791.448,VALID,791.6,VALID,791.3,VALID,-0.002,VALID,-0.001,VALID,0.024,VALID,-0.025,VALID,0.0,VALID,0.0,INVALID,0.0,VALID,0.0,VALID - DEFAULT VALUE,164.536,
9/9/15 7:00:03 AM,VALID,12.3,VALID,12.522,VALID,12.7,VALID,12.3,VALID,83.5,VALID,83.665,VALID,85.0,VALID,82.8,VALID,9.583,VALID,9.829,VALID,10.241,VALID,9.476,VALID,791.8,VALID,791.743,VALID,791.8,VALID,791.6,VALID,0.034,VALID,0.008,VALID,0.037,VALID,-0.025,VALID,0.0,VALID,0.0,INVALID,0.0,VALID,0.0,VALID - DEFAULT VALUE,164.565,
9/9/15 8:00:03 AM,VALID,12.8,VALID,12.477,VALID,12.8,VALID,12.2,VALID,82.7,VALID,83.18,VALID,83.9,VALID,82.4,VALID,9.928,VALID,9.698,VALID,9.928,VALID,9.503,VALID,792.5,VALID,792.132,VALID,792.5,VALID,791.8,VALID,37.151,VALID,11.533,VALID,37.151,VALID,0.032,VALID,0.0,VALID,0.09,INVALID,0.0,VALID,0.09,VALID - DEFAULT VALUE,164.564,
9/9/15 9:00:03 AM,VALID,14.0,VALID,13.428,VALID,14.0,VALID,12.8,VALID,78.2,VALID,80.53,VALID,82.6,VALID,78.2,VALID,10.26,VALID,10.141,VALID,10.337,VALID,9.91,VALID,792.9,VALID,792.742,VALID,792.9,VALID,792.5,VALID,124.585,VALID,69.431,VALID,124.585,VALID,34.299,VALID,0.0,VALID,0.01,INVALID,0.0,VALID,0.01,VALID - DEFAULT VALUE,164.587,
9/9/15 10:00:03 AM,VALID,16.2,VALID,15.222,VALID,16.4,VALID,14.1,VALID,72.2,VALID,74.708,VALID,78.4,VALID,71.3,VALID,11.186,VALID,10.75,VALID,11.188,VALID,10.319,VALID,793.3,VALID,793.11,VALID,793.3,VALID,792.9,VALID,277.203,VALID,213.279,VALID,287.082,VALID,125.002,VALID,0.0,VALID,0.0,INVALID,0.0,VALID,0.0,VALID - DEFAULT VALUE,164.595,
9/9/15 11:00:02 AM,VALID,17.5,VALID,16.833,VALID,17.5,VALID,16.2,VALID,69.5,VALID,71.137,VALID,72.6,VALID,69.5,VALID,11.856,VALID,11.569,VALID,12.084,VALID,11.135,VALID,793.3,VALID,793.41,VALID,793.5,VALID,793.3,VALID,409.697,VALID,370.466,VALID,848.5,VALID,268.041,VALID,0.0,VALID,0.0,INVALID,0.0,VALID,0.0,VALID - DEFAULT VALUE,164.648,
9/9/15 12:00:02 PM,VALID,19.9,VALID,18.612,VALID,19.9,VALID,17.4,VALID,57.2,VALID,62.94,VALID,69.8,VALID,56.2,VALID,11.178,VALID,11.387,VALID,12.091,VALID,10.845,VALID,792.8,VALID,793.028,VALID,793.3,VALID,792.8,VALID,1085.011,VALID,630.687,VALID,1179.545,VALID,236.476,VALID,0.0,VALID,0.0,INVALID,0.0,VALID,0.0,VALID - DEFAULT VALUE,164.654,
9/9/15 1:00:02 PM,VALID,20.7,VALID,20.433,VALID,21.0,VALID,19.8,VALID,52.4,VALID,53.857,VALID,57.8,VALID,51.0,VALID,10.602,VALID,10.759,VALID,11.366,VALID,10.336,VALID,792.0,VALID,792.362,VALID,792.8,VALID,792.0,VALID,329.781,VALID,772.669,VALID,1157.705,VALID,206.982,VALID,0.0,VALID,0.0,INVALID,0.0,VALID,0.0,VALID - DEFAULT VALUE,164.817,
9/9/15 2:00:02 PM,VALID,22.9,VALID,21.898,VALID,23.2,VALID,20.8,VALID,45.2,VALID,48.223,VALID,51.9,VALID,45.2,VALID,10.399,VALID,10.446,VALID,11.077,VALID,9.95,VALID,791.2,VALID,791.597,VALID,792.0,VALID,791.1,VALID,1014.631,VALID,1057.221,VALID,1132.45,VALID,304.209,VALID,0.0,VALID,0.0,INVALID,0.0,VALID,0.0,VALID - DEFAULT VALUE,165.123,
9/9/15 3:00:02 PM,VALID,23.5,VALID,23.23,VALID,23.8,VALID,22.4,VALID,44.6,VALID,43.825,VALID,46.7,VALID,42.0,VALID,10.742,VALID,10.23,VALID,10.795,VALID,9.721,VALID,790.3,VALID,790.732,VALID,791.1,VALID,790.3,VALID,398.96,VALID,619.624,VALID,1232.274,VALID,313.812,VALID,0.0,VALID,0.0,INVALID,0.0,VALID,0.0,VALID - DEFAULT VALUE,165.45,
9/9/15 4:00:03 PM,VALID,23.5,VALID,23.425,VALID,23.9,VALID,22.9,VALID,47.6,VALID,45.078,VALID,47.6,VALID,42.3,VALID,11.725,VALID,10.828,VALID,11.753,VALID,10.019,VALID,788.9,VALID,789.728,VALID,790.3,VALID,788.9,VALID,437.052,VALID,521.895,VALID,946.913,VALID,329.989,VALID,0.0,VALID,0.0,INVALID,0.0,VALID,0.0,VALID - DEFAULT VALUE,165.969,
9/9/15 5:00:02 PM,VALID,21.8,VALID,22.743,VALID,23.4,VALID,21.8,VALID,56.6,VALID,51.007,VALID,56.6,VALID,47.2,VALID,12.792,VALID,12.049,VALID,12.792,VALID,11.205,VALID,789.2,VALID,789.202,VALID,789.4,VALID,788.8,VALID,83.068,VALID,202.431,VALID,671.081,VALID,78.289,VALID,0.0,VALID,0.0,INVALID,0.0,VALID,0.0,VALID - DEFAULT VALUE,166.589,
9/9/15 6:00:03 PM,VALID,17.3,VALID,19.415,VALID,21.8,VALID,17.3,VALID,68.8,VALID,59.16,VALID,68.8,VALID,48.2,VALID,11.511,VALID,11.168,VALID,12.873,VALID,10.111,VALID,790.4,VALID,789.59,VALID,790.4,VALID,789.1,VALID,114.888,VALID,91.802,VALID,154.889,VALID,32.052,VALID,0.0,VALID,0.0,INVALID,0.0,VALID,0.0,VALID - DEFAULT VALUE,167.232,
9/9/15 7:00:03 PM,VALID,17.4,VALID,17.117,VALID,17.7,VALID,15.9,VALID,67.2,VALID,66.895,VALID,73.7,VALID,61.5,VALID,11.251,VALID,10.889,VALID,11.625,VALID,10.202,VALID,790.0,VALID,790.112,VALID,790.5,VALID,789.9,VALID,34.677,VALID,163.125,VALID,366.452,VALID,33.621,VALID,0.0,VALID,0.0,INVALID,0.0,VALID,0.0,VALID - DEFAULT VALUE,167.46,
9/9/15 8:00:03 PM,VALID,18.0,VALID,17.637,VALID,18.0,VALID,17.3,VALID,65.3,VALID,65.897,VALID,70.5,VALID,62.7,VALID,11.388,VALID,11.176,VALID,12.2,VALID,10.681,VALID,791.1,VALID,790.49,VALID,791.1,VALID,790.0,VALID,-0.005,VALID,10.019,VALID,34.578,VALID,-0.009,VALID,0.0,VALID,0.0,INVALID,0.0,VALID,0.0,VALID - DEFAULT VALUE,167.494,
9/9/15 9:00:03 PM,VALID,18.0,VALID,18.322,VALID,18.6,VALID,18.0,VALID,67.0,VALID,63.723,VALID,67.0,VALID,60.7,VALID,11.778,VALID,11.318,VALID,11.818,VALID,10.477,VALID,791.5,VALID,791.338,VALID,791.5,VALID,791.1,VALID,0.008,VALID,-0.003,VALID,0.022,VALID,-0.026,VALID,0.0,VALID,0.01,INVALID,0.0,VALID,0.01,VALID - DEFAULT VALUE,167.241,
9/9/15 10:00:02 PM,VALID,17.9,VALID,17.99,VALID,18.2,VALID,17.8,VALID,68.9,VALID,67.533,VALID,69.2,VALID,66.3,VALID,12.107,VALID,11.887,VALID,12.187,VALID,11.569,VALID,792.4,VALID,791.918,VALID,792.4,VALID,791.5,VALID,0.015,VALID,0.014,VALID,0.045,VALID,-0.018,VALID,0.0,VALID,0.0,INVALID,0.0,VALID,0.0,VALID - DEFAULT VALUE,167.733,
9/9/15 11:00:02 PM,VALID,17.4,VALID,17.725,VALID,18.0,VALID,17.4,VALID,68.1,VALID,67.285,VALID,69.5,VALID,64.7,VALID,11.452,VALID,11.578,VALID,12.239,VALID,11.154,VALID,792.6,VALID,792.462,VALID,792.6,VALID,792.3,VALID,0.005,VALID,0.02,VALID,0.045,VALID,-0.006,VALID,0.0,VALID,0.0,INVALID,0.0,VALID,0.0,VALID - DEFAULT VALUE,167.841,
