,,WXT510_1,,TA_Stat1h,,TA_Stat1h,,TA_Stat1h,,WXT510_1,,RH_Stat1h,,RH_Stat1h,,RH_Stat1h,,DP_1m,,DP_Stat1h,,DP_Stat1h,,DP_Stat1h,,WXT510_1,,PA_Stat1h,,PA_Stat1h,,PA_Stat1h,,SR_1m,,SR_Stat1h,,SR_Stat1h,,SR_Stat1h,,WXT510_1,,PR_Slide_Sum,,PR_Sum1h,,PR_Sum1h,,Evaporation,
time,status,TA,status,Avg,status,Max,status,Min,status,RH,status,Avg,status,Max,status,Min,status,DP,status,Avg,status,Max,status,Min,status,PA,status,Avg,status,Max,status,Min,status,Avg,status,Avg,status,Max,status,Min,status,Rain_amount,status,PR_Slide_Sum1h,status,PR_Sum1h_CurrHour,status,PR_Sum1h_PrevHour,status,value,
8/6/15 12:00:03 AM,VALID,18.9,VALID,19.278,VALID,19.5,VALID,18.9,VALID,49.9,VALID,48.605,VALID,49.9,VALID,47.5,VALID,8.213,VALID,8.172,VALID,8.556,VALID,7.886,VALID,794.0,VALID,793.768,VALID,794.0,VALID,793.5,VALID,-0.009,VALID,-0.005,VALID,0.03,VALID,-0.071,VALID,0.0,VALID,0.0,INVALID,0.0,VALID,0.0,VALID - DEFAULT VALUE,130.354,
8/6/15 1:00:02 AM,VALID,18.1,VALID,18.523,VALID,18.9,VALID,18.1,VALID,50.8,VALID,50.8,VALID,51.7,VALID,49.3,VALID,7.74,VALID,8.129,VALID,8.322,VALID,7.74,VALID,793.7,VALID,793.967,VALID,794.3,VALID,793.6,VALID,0.008,VALID,-0.013,VALID,0.034,VALID,-0.07,VALID,0.0,VALID,0.0,INVALID,0.0,VALID,0.0,VALID - DEFAULT VALUE,130.479,
8/6/15 2:00:02 AM,VALID,16.9,VALID,17.565,VALID,18.1,VALID,16.9,VALID,55.3,VALID,51.712,VALID,55.3,VALID,49.7,VALID,7.875,VALID,7.501,VALID,7.875,VALID,7.142,VALID,793.2,VALID,793.427,VALID,793.7,VALID,793.2,VALID,0.03,VALID,-0.004,VALID,0.035,VALID,-0.05,VALID,0.0,VALID,0.0,INVALID,0.0,VALID,0.0,VALID - DEFAULT VALUE,130.707,
8/6/15 3:00:02 AM,VALID,16.1,VALID,16.415,VALID,16.8,VALID,16.1,VALID,61.8,VALID,58.612,VALID,61.8,VALID,55.5,VALID,8.765,VALID,8.271,VALID,8.765,VALID,7.835,VALID,792.8,VALID,792.898,VALID,793.2,VALID,792.7,VALID,0.001,VALID,0.01,VALID,0.048,VALID,-0.021,VALID,0.0,VALID,0.0,INVALID,0.0,VALID,0.0,VALID - DEFAULT VALUE,130.632,
8/6/15 4:00:02 AM,VALID,15.3,VALID,15.655,VALID,16.1,VALID,15.3,VALID,64.7,VALID,62.66,VALID,65.5,VALID,61.3,VALID,8.686,VALID,8.547,VALID,9.153,VALID,8.316,VALID,792.7,VALID,792.847,VALID,793.0,VALID,792.7,VALID,0.008,VALID,0.022,VALID,0.059,VALID,-0.02,VALID,0.0,VALID,0.0,INVALID,0.0,VALID,0.0,VALID - DEFAULT VALUE,130.585,
8/6/15 5:00:02 AM,VALID,15.0,VALID,15.038,VALID,15.2,VALID,14.8,VALID,65.7,VALID,65.358,VALID,67.0,VALID,63.6,VALID,8.628,VALID,8.586,VALID,8.823,VALID,8.338,VALID,792.5,VALID,792.637,VALID,792.7,VALID,792.5,VALID,0.007,VALID,0.012,VALID,0.043,VALID,-0.014,VALID,0.0,VALID,0.0,INVALID,0.0,VALID,0.0,VALID - DEFAULT VALUE,130.517,
8/6/15 6:00:03 AM,VALID,14.0,VALID,14.613,VALID,15.0,VALID,14.0,VALID,71.8,VALID,67.413,VALID,71.8,VALID,64.5,VALID,8.987,VALID,8.634,VALID,9.034,VALID,8.261,VALID,792.9,VALID,792.707,VALID,792.9,VALID,792.5,VALID,-0.025,VALID,0.008,VALID,0.057,VALID,-0.05,VALID,0.0,VALID,0.0,INVALID,0.0,VALID,0.0,VALID - DEFAULT VALUE,130.474,
8/6/15 7:00:03 AM,VALID,13.6,VALID,13.688,VALID,14.0,VALID,13.4,VALID,71.9,VALID,72.385,VALID,74.7,VALID,71.0,VALID,8.623,VALID,8.807,VALID,9.093,VALID,8.506,VALID,793.1,VALID,793.013,VALID,793.1,VALID,792.9,VALID,0.946,VALID,0.067,VALID,0.946,VALID,-0.035,VALID,0.0,VALID,0.0,INVALID,0.0,VALID,0.0,VALID - DEFAULT VALUE,130.436,
8/6/15 8:00:03 AM,VALID,14.3,VALID,14.013,VALID,14.3,VALID,13.5,VALID,71.2,VALID,70.588,VALID,71.7,VALID,68.9,VALID,9.151,VALID,8.746,VALID,9.192,VALID,8.206,VALID,793.6,VALID,793.313,VALID,793.6,VALID,793.1,VALID,30.543,VALID,28.437,VALID,63.097,VALID,0.97,VALID,0.0,VALID,0.0,INVALID,0.0,VALID,0.0,VALID - DEFAULT VALUE,130.488,
8/6/15 9:00:03 AM,VALID,15.2,VALID,14.85,VALID,15.2,VALID,14.3,VALID,69.0,VALID,70.065,VALID,71.7,VALID,68.7,VALID,9.546,VALID,9.438,VALID,9.727,VALID,9.172,VALID,794.0,VALID,793.893,VALID,794.0,VALID,793.6,VALID,45.226,VALID,39.482,VALID,45.342,VALID,30.613,VALID,0.0,VALID,0.0,INVALID,0.0,VALID,0.0,VALID - DEFAULT VALUE,130.516,
8/6/15 10:00:02 AM,VALID,17.7,VALID,16.368,VALID,17.7,VALID,15.2,VALID,59.4,VALID,64.42,VALID,69.4,VALID,59.4,VALID,9.683,VALID,9.617,VALID,9.788,VALID,9.442,VALID,794.3,VALID,794.202,VALID,794.4,VALID,794.0,VALID,53.416,VALID,48.053,VALID,53.546,VALID,43.611,VALID,0.0,VALID,0.0,INVALID,0.0,VALID,0.0,VALID - DEFAULT VALUE,130.642,
8/6/15 11:00:02 AM,VALID,20.0,VALID,18.853,VALID,20.0,VALID,17.8,VALID,44.0,VALID,51.253,VALID,58.7,VALID,43.9,VALID,7.369,VALID,8.506,VALID,9.6,VALID,7.185,VALID,794.0,VALID,794.197,VALID,794.3,VALID,794.0,VALID,303.603,VALID,136.631,VALID,602.37,VALID,47.236,VALID,0.0,VALID,0.0,INVALID,0.0,VALID,0.0,VALID - DEFAULT VALUE,130.906,
8/6/15 12:00:02 PM,VALID,23.0,VALID,21.088,VALID,23.0,VALID,20.0,VALID,36.3,VALID,40.93,VALID,44.2,VALID,36.3,VALID,7.239,VALID,7.269,VALID,8.16,VALID,6.663,VALID,793.8,VALID,793.858,VALID,794.0,VALID,793.8,VALID,940.18,VALID,808.292,VALID,941.909,VALID,198.23,VALID,0.0,VALID,0.0,INVALID,0.0,VALID,0.0,VALID - DEFAULT VALUE,131.171,
8/6/15 1:00:02 PM,VALID,24.5,VALID,23.35,VALID,24.5,VALID,22.7,VALID,33.1,VALID,34.03,VALID,36.4,VALID,31.7,VALID,7.209,VALID,6.598,VALID,7.368,VALID,6.114,VALID,793.3,VALID,793.598,VALID,793.8,VALID,793.2,VALID,991.652,VALID,967.743,VALID,1005.864,VALID,934.872,VALID,0.0,VALID,0.03,INVALID,0.0,VALID,0.03,VALID - DEFAULT VALUE,131.542,
8/6/15 2:00:02 PM,VALID,23.6,VALID,24.022,VALID,24.7,VALID,23.6,VALID,32.4,VALID,32.63,VALID,35.3,VALID,30.1,VALID,6.111,VALID,6.571,VALID,7.449,VALID,5.758,VALID,792.7,VALID,792.975,VALID,793.2,VALID,792.7,VALID,1051.919,VALID,1035.225,VALID,1073.76,VALID,950.377,VALID,0.0,VALID,0.0,INVALID,0.0,VALID,0.0,VALID - DEFAULT VALUE,132.171,
8/6/15 3:00:02 PM,VALID,25.6,VALID,24.923,VALID,25.7,VALID,23.7,VALID,26.1,VALID,28.623,VALID,32.4,VALID,26.1,VALID,4.717,VALID,5.448,VALID,6.583,VALID,4.617,VALID,791.6,VALID,792.203,VALID,792.7,VALID,791.6,VALID,991.89,VALID,1027.108,VALID,1061.697,VALID,991.394,VALID,0.0,VALID,0.0,INVALID,0.0,VALID,0.0,VALID - DEFAULT VALUE,132.567,
8/6/15 4:00:03 PM,VALID,25.8,VALID,25.997,VALID,26.5,VALID,25.6,VALID,27.2,VALID,26.335,VALID,28.2,VALID,25.2,VALID,5.481,VALID,5.18,VALID,5.917,VALID,4.497,VALID,790.8,VALID,791.248,VALID,791.5,VALID,790.6,VALID,868.474,VALID,912.677,VALID,992.36,VALID,182.811,VALID,0.0,VALID,0.0,INVALID,0.0,VALID,0.0,VALID - DEFAULT VALUE,133.467,
8/6/15 5:00:03 PM,VALID,26.2,VALID,26.198,VALID,26.9,VALID,25.5,VALID,28.3,VALID,26.433,VALID,28.3,VALID,25.3,VALID,6.398,VALID,5.405,VALID,6.398,VALID,4.835,VALID,790.1,VALID,790.448,VALID,790.9,VALID,790.1,VALID,688.356,VALID,782.257,VALID,867.602,VALID,688.356,VALID,0.0,VALID,0.0,INVALID,0.0,VALID,0.0,VALID - DEFAULT VALUE,134.081,
8/6/15 6:00:03 PM,VALID,26.4,VALID,26.595,VALID,27.2,VALID,26.0,VALID,28.2,VALID,28.06,VALID,30.1,VALID,26.5,VALID,6.518,VALID,6.608,VALID,7.297,VALID,5.671,VALID,789.6,VALID,789.765,VALID,790.1,VALID,789.6,VALID,462.245,VALID,596.109,VALID,688.183,VALID,423.041,VALID,0.0,VALID,0.0,INVALID,0.0,VALID,0.0,VALID - DEFAULT VALUE,134.749,
8/6/15 7:00:03 PM,VALID,25.7,VALID,26.127,VALID,26.7,VALID,25.6,VALID,29.7,VALID,28.925,VALID,30.5,VALID,27.7,VALID,6.67,VALID,6.647,VALID,7.27,VALID,6.106,VALID,789.7,VALID,789.653,VALID,789.7,VALID,789.5,VALID,223.738,VALID,326.497,VALID,469.73,VALID,214.608,VALID,0.0,VALID,0.0,INVALID,0.0,VALID,0.0,VALID - DEFAULT VALUE,135.325,
8/6/15 8:00:03 PM,VALID,15.9,VALID,20.372,VALID,25.7,VALID,15.5,VALID,75.1,VALID,57.187,VALID,77.4,VALID,29.7,VALID,11.492,VALID,10.802,VALID,13.886,VALID,6.633,VALID,791.5,VALID,790.41,VALID,791.5,VALID,789.3,VALID,0.702,VALID,66.748,VALID,232.767,VALID,0.702,VALID,0.87,VALID,12.17,INVALID,0.0,VALID,12.17,VALID - DEFAULT VALUE,129.164,
8/6/15 9:00:03 PM,VALID,16.3,VALID,15.915,VALID,16.4,VALID,14.7,VALID,78.8,VALID,76.998,VALID,82.7,VALID,67.5,VALID,12.61,VALID,11.87,VALID,13.038,VALID,9.182,VALID,792.4,VALID,791.81,VALID,792.4,VALID,791.3,VALID,-0.046,VALID,0.047,VALID,0.687,VALID,-0.064,VALID,0.17,VALID,12.8,INVALID,0.0,VALID,12.8,VALID - DEFAULT VALUE,124.606,
8/6/15 10:00:02 PM,VALID,16.3,VALID,16.717,VALID,17.3,VALID,15.9,VALID,79.4,VALID,76.022,VALID,82.9,VALID,70.5,VALID,12.726,VALID,12.455,VALID,13.561,VALID,11.406,VALID,793.0,VALID,792.678,VALID,793.0,VALID,792.4,VALID,-0.039,VALID,-0.026,VALID,0.01,VALID,-0.054,VALID,0.0,VALID,1.45,INVALID,0.0,VALID,1.45,VALID - DEFAULT VALUE,123.976,
8/6/15 11:00:02 PM,VALID,16.4,VALID,16.142,VALID,16.4,VALID,16.0,VALID,76.4,VALID,76.578,VALID,79.4,VALID,72.8,VALID,12.236,VALID,12.018,VALID,12.726,VALID,11.118,VALID,793.5,VALID,793.265,VALID,793.5,VALID,792.9,VALID,0.03,VALID,-0.026,VALID,0.03,VALID,-0.061,VALID,0.0,VALID,0.0,INVALID,0.0,VALID,0.0,VALID - DEFAULT VALUE,123.922,
