,,WXT510_1,,TA_Stat1h,,TA_Stat1h,,TA_Stat1h,,WXT510_1,,RH_Stat1h,,RH_Stat1h,,RH_Stat1h,,DP_1m,,DP_Stat1h,,DP_Stat1h,,DP_Stat1h,,WXT510_1,,PA_Stat1h,,PA_Stat1h,,PA_Stat1h,,SR_1m,,SR_Stat1h,,SR_Stat1h,,SR_Stat1h,,WXT510_1,,PR_Slide_Sum,,PR_Sum1h,,PR_Sum1h,,Evaporation,
time,status,TA,status,Avg,status,Max,status,Min,status,RH,status,Avg,status,Max,status,Min,status,DP,status,Avg,status,Max,status,Min,status,PA,status,Avg,status,Max,status,Min,status,Avg,status,Avg,status,Max,status,Min,status,Rain_amount,status,PR_Slide_Sum1h,status,PR_Sum1h_CurrHour,status,PR_Sum1h_PrevHour,status,value,
9/16/15 12:00:06 AM,VALID,15.7,VALID,15.808,VALID,15.9,VALID,15.7,VALID,85.1,VALID,83.195,VALID,85.9,VALID,80.4,VALID,13.201,VALID,12.959,VALID,13.389,VALID,12.528,VALID,794.0,VALID,794.027,VALID,794.1,VALID,793.9,VALID,-0.007,VALID,0.007,VALID,0.037,VALID,-0.025,VALID,0.0,VALID,0.0,INVALID,0.0,VALID,0.0,VALID - DEFAULT VALUE,128.841,
9/16/15 1:00:03 AM,VALID,15.5,VALID,15.595,VALID,15.7,VALID,15.5,VALID,87.9,VALID,85.672,VALID,87.9,VALID,84.4,VALID,13.502,VALID,13.2,VALID,13.502,VALID,12.977,VALID,793.8,VALID,793.998,VALID,794.2,VALID,793.8,VALID,-0.003,VALID,0.012,VALID,0.051,VALID,-0.019,VALID,0.0,VALID,0.01,INVALID,0.0,VALID,0.01,VALID - DEFAULT VALUE,128.806,
9/16/15 2:00:03 AM,VALID,15.4,VALID,15.442,VALID,15.5,VALID,15.4,VALID,90.7,VALID,89.623,VALID,90.7,VALID,88.1,VALID,13.886,VALID,13.743,VALID,13.886,VALID,13.491,VALID,793.1,VALID,793.422,VALID,793.8,VALID,793.1,VALID,0.026,VALID,0.005,VALID,0.039,VALID,-0.025,VALID,0.0,VALID,0.0,INVALID,0.0,VALID,0.0,VALID - DEFAULT VALUE,128.78,
9/16/15 3:00:03 AM,VALID,15.4,VALID,15.315,VALID,15.4,VALID,15.3,VALID,90.4,VALID,90.74,VALID,91.3,VALID,90.2,VALID,13.835,VALID,13.809,VALID,13.92,VALID,13.719,VALID,792.8,VALID,793.035,VALID,793.2,VALID,792.8,VALID,0.011,VALID,0.019,VALID,0.052,VALID,-0.006,VALID,0.0,VALID,0.0,INVALID,0.0,VALID,0.0,VALID - DEFAULT VALUE,128.757,
9/16/15 4:00:02 AM,VALID,15.4,VALID,15.32,VALID,15.4,VALID,15.3,VALID,88.8,VALID,89.59,VALID,90.8,VALID,88.7,VALID,13.56,VALID,13.617,VALID,13.869,VALID,13.444,VALID,792.5,VALID,792.61,VALID,792.8,VALID,792.5,VALID,0.007,VALID,0.004,VALID,0.031,VALID,-0.021,VALID,0.0,VALID,0.0,INVALID,0.0,VALID,0.0,VALID - DEFAULT VALUE,128.75,
9/16/15 5:00:02 AM,VALID,15.2,VALID,15.26,VALID,15.4,VALID,15.2,VALID,90.4,VALID,89.855,VALID,90.4,VALID,89.2,VALID,13.637,VALID,13.603,VALID,13.719,VALID,13.432,VALID,792.3,VALID,792.422,VALID,792.5,VALID,792.3,VALID,0.009,VALID,0.022,VALID,0.069,VALID,-0.01,VALID,0.0,VALID,0.0,INVALID,0.0,VALID,0.0,VALID - DEFAULT VALUE,128.73,
9/16/15 6:00:03 AM,VALID,15.2,VALID,15.252,VALID,15.3,VALID,15.2,VALID,89.7,VALID,89.885,VALID,90.6,VALID,88.9,VALID,13.518,VALID,13.6,VALID,13.736,VALID,13.415,VALID,792.3,VALID,792.208,VALID,792.3,VALID,792.1,VALID,0.013,VALID,0.008,VALID,0.031,VALID,-0.009,VALID,0.0,VALID,0.0,INVALID,0.0,VALID,0.0,VALID - DEFAULT VALUE,128.725,
9/16/15 7:00:02 AM,VALID,14.9,VALID,15.008,VALID,15.3,VALID,14.9,VALID,90.0,VALID,90.04,VALID,90.5,VALID,89.2,VALID,13.273,VALID,13.387,VALID,13.651,VALID,13.256,VALID,792.9,VALID,792.617,VALID,792.9,VALID,792.3,VALID,0.003,VALID,0.013,VALID,0.038,VALID,-0.02,VALID,0.0,VALID,0.0,INVALID,0.0,VALID,0.0,VALID - DEFAULT VALUE,128.737,
9/16/15 8:00:02 AM,VALID,15.0,VALID,15.023,VALID,15.3,VALID,14.9,VALID,92.0,VALID,90.885,VALID,92.2,VALID,90.1,VALID,13.71,VALID,13.545,VALID,13.872,VALID,13.29,VALID,793.0,VALID,792.948,VALID,793.0,VALID,792.9,VALID,38.859,VALID,9.085,VALID,38.875,VALID,-0.009,VALID,0.0,VALID,0.03,INVALID,0.0,VALID,0.03,VALID - DEFAULT VALUE,128.704,
9/16/15 9:00:02 AM,VALID,15.7,VALID,15.323,VALID,15.7,VALID,15.0,VALID,89.4,VALID,90.885,VALID,92.4,VALID,88.8,VALID,13.96,VALID,13.84,VALID,13.994,VALID,13.626,VALID,793.4,VALID,793.282,VALID,793.5,VALID,793.0,VALID,83.643,VALID,55.858,VALID,84.242,VALID,35.673,VALID,0.0,VALID,0.0,INVALID,0.0,VALID,0.0,VALID - DEFAULT VALUE,128.674,
9/16/15 10:00:03 AM,VALID,16.3,VALID,16.043,VALID,16.3,VALID,15.8,VALID,85.3,VALID,86.258,VALID,89.6,VALID,84.8,VALID,13.826,VALID,13.745,VALID,14.093,VALID,13.539,VALID,793.7,VALID,793.613,VALID,793.7,VALID,793.4,VALID,96.046,VALID,67.896,VALID,96.046,VALID,46.804,VALID,0.0,VALID,0.0,INVALID,0.0,VALID,0.0,VALID - DEFAULT VALUE,128.681,
9/16/15 11:00:03 AM,VALID,17.1,VALID,16.77,VALID,17.3,VALID,16.2,VALID,81.9,VALID,83.238,VALID,86.7,VALID,79.5,VALID,13.982,VALID,13.904,VALID,14.091,VALID,13.54,VALID,794.1,VALID,793.873,VALID,794.1,VALID,793.7,VALID,146.915,VALID,219.724,VALID,293.618,VALID,96.399,VALID,0.0,VALID,0.0,INVALID,0.0,VALID,0.0,VALID - DEFAULT VALUE,128.687,
9/16/15 12:00:03 PM,VALID,16.9,VALID,17.067,VALID,17.4,VALID,16.8,VALID,80.7,VALID,81.107,VALID,82.7,VALID,79.3,VALID,13.559,VALID,13.798,VALID,14.027,VALID,13.485,VALID,794.1,VALID,794.175,VALID,794.2,VALID,794.0,VALID,215.677,VALID,265.515,VALID,424.312,VALID,118.037,VALID,0.0,VALID,0.0,INVALID,0.0,VALID,0.0,VALID - DEFAULT VALUE,128.811,
9/16/15 1:00:03 PM,VALID,17.4,VALID,16.993,VALID,17.4,VALID,16.6,VALID,79.9,VALID,81.627,VALID,84.8,VALID,78.2,VALID,13.893,VALID,13.823,VALID,14.226,VALID,13.383,VALID,793.7,VALID,793.94,VALID,794.2,VALID,793.6,VALID,480.474,VALID,448.479,VALID,631.04,VALID,217.418,VALID,0.0,VALID,0.0,INVALID,0.0,VALID,0.0,VALID - DEFAULT VALUE,128.935,
9/16/15 2:00:03 PM,VALID,18.1,VALID,17.665,VALID,18.1,VALID,17.3,VALID,74.8,VALID,78.135,VALID,81.3,VALID,73.0,VALID,13.555,VALID,13.797,VALID,14.239,VALID,13.085,VALID,793.3,VALID,793.522,VALID,793.7,VALID,793.2,VALID,94.606,VALID,222.205,VALID,455.485,VALID,94.606,VALID,0.0,VALID,0.0,INVALID,0.0,VALID,0.0,VALID - DEFAULT VALUE,129.118,
9/16/15 3:00:02 PM,VALID,16.2,VALID,17.448,VALID,18.1,VALID,16.2,VALID,86.5,VALID,78.007,VALID,86.5,VALID,73.9,VALID,13.943,VALID,13.553,VALID,14.201,VALID,13.21,VALID,792.9,VALID,793.067,VALID,793.3,VALID,792.9,VALID,152.052,VALID,123.547,VALID,192.617,VALID,68.525,VALID,0.01,VALID,0.83,INVALID,0.0,VALID,0.83,VALID - DEFAULT VALUE,128.751,
9/16/15 4:00:02 PM,VALID,15.9,VALID,16.05,VALID,16.3,VALID,15.8,VALID,90.1,VALID,88.77,VALID,91.2,VALID,85.3,VALID,14.277,VALID,14.194,VALID,14.564,VALID,13.826,VALID,792.7,VALID,792.805,VALID,792.9,VALID,792.7,VALID,126.042,VALID,148.134,VALID,183.394,VALID,113.685,VALID,0.04,VALID,1.76,INVALID,0.0,VALID,1.76,VALID - DEFAULT VALUE,127.636,
9/16/15 5:00:02 PM,VALID,16.1,VALID,15.878,VALID,16.1,VALID,15.7,VALID,88.7,VALID,88.578,VALID,90.7,VALID,86.7,VALID,14.233,VALID,13.992,VALID,14.363,VALID,13.621,VALID,792.2,VALID,792.452,VALID,792.7,VALID,792.2,VALID,121.336,VALID,118.995,VALID,153.692,VALID,92.74,VALID,0.0,VALID,1.01,INVALID,0.0,VALID,1.01,VALID - DEFAULT VALUE,126.752,
9/16/15 6:00:02 PM,VALID,16.4,VALID,16.375,VALID,16.5,VALID,16.1,VALID,87.4,VALID,86.835,VALID,89.5,VALID,83.9,VALID,14.3,VALID,14.173,VALID,14.569,VALID,13.767,VALID,791.9,VALID,792.007,VALID,792.2,VALID,791.9,VALID,90.645,VALID,136.495,VALID,161.746,VALID,90.645,VALID,0.0,VALID,0.16,INVALID,0.0,VALID,0.16,VALID - DEFAULT VALUE,126.503,
9/16/15 7:00:02 PM,VALID,16.2,VALID,16.3,VALID,16.4,VALID,16.1,VALID,88.0,VALID,86.548,VALID,89.0,VALID,84.4,VALID,14.209,VALID,14.049,VALID,14.581,VALID,13.521,VALID,792.1,VALID,791.95,VALID,792.1,VALID,791.8,VALID,24.631,VALID,45.803,VALID,90.326,VALID,24.631,VALID,0.0,VALID,0.07,INVALID,0.0,VALID,0.07,VALID - DEFAULT VALUE,126.474,
9/16/15 8:00:02 PM,VALID,15.8,VALID,16.03,VALID,16.2,VALID,15.8,VALID,86.8,VALID,87.417,VALID,91.0,VALID,83.7,VALID,13.603,VALID,13.936,VALID,14.431,VALID,13.339,VALID,792.5,VALID,792.328,VALID,792.5,VALID,792.1,VALID,0.037,VALID,6.327,VALID,24.518,VALID,0.002,VALID,0.01,VALID,0.01,INVALID,0.0,VALID,0.01,VALID - DEFAULT VALUE,126.44,
9/16/15 9:00:03 PM,VALID,15.8,VALID,15.915,VALID,16.0,VALID,15.8,VALID,88.1,VALID,88.46,VALID,89.7,VALID,87.1,VALID,13.832,VALID,14.008,VALID,14.209,VALID,13.755,VALID,792.9,VALID,792.662,VALID,792.9,VALID,792.5,VALID,0.01,VALID,0.025,VALID,0.051,VALID,0.003,VALID,0.0,VALID,0.03,INVALID,0.0,VALID,0.03,VALID - DEFAULT VALUE,126.406,
9/16/15 10:00:03 PM,VALID,15.9,VALID,15.918,VALID,16.0,VALID,15.8,VALID,88.1,VALID,88.772,VALID,90.4,VALID,87.6,VALID,13.931,VALID,14.065,VALID,14.329,VALID,13.745,VALID,793.6,VALID,793.222,VALID,793.6,VALID,792.9,VALID,0.024,VALID,0.017,VALID,0.035,VALID,-0.004,VALID,0.0,VALID,0.02,INVALID,0.0,VALID,0.02,VALID - DEFAULT VALUE,126.248,
9/16/15 11:00:03 PM,VALID,16.0,VALID,15.895,VALID,16.0,VALID,15.8,VALID,87.2,VALID,87.602,VALID,89.9,VALID,86.3,VALID,13.871,VALID,13.838,VALID,14.243,VALID,13.586,VALID,793.6,VALID,793.647,VALID,793.7,VALID,793.6,VALID,0.02,VALID,0.018,VALID,0.042,VALID,-0.008,VALID,0.0,VALID,0.0,INVALID,0.0,VALID,0.0,VALID - DEFAULT VALUE,126.26,
