,,WXT510_1,,TA_Stat1h,,TA_Stat1h,,TA_Stat1h,,WXT510_1,,RH_Stat1h,,RH_Stat1h,,RH_Stat1h,,DP_1m,,DP_Stat1h,,DP_Stat1h,,DP_Stat1h,,WXT510_1,,PA_Stat1h,,PA_Stat1h,,PA_Stat1h,,SR_1m,,SR_Stat1h,,SR_Stat1h,,SR_Stat1h,,WXT510_1,,PR_Slide_Sum,,PR_Sum1h,,PR_Sum1h,,Evaporation,
time,status,TA,status,Avg,status,Max,status,Min,status,RH,status,Avg,status,Max,status,Min,status,DP,status,Avg,status,Max,status,Min,status,PA,status,Avg,status,Max,status,Min,status,Avg,status,Avg,status,Max,status,Min,status,Rain_amount,status,PR_Slide_Sum1h,status,PR_Sum1h_CurrHour,status,PR_Sum1h_PrevHour,status,value,
8/31/15 12:00:06 AM,VALID,17.3,VALID,17.5,VALID,17.7,VALID,17.3,VALID,69.8,VALID,69.875,VALID,70.5,VALID,68.7,VALID,11.773,VALID,11.937,VALID,12.243,VALID,11.68,VALID,794.0,VALID,794.017,VALID,794.2,VALID,793.8,VALID,0.013,VALID,0.017,VALID,0.037,VALID,-0.019,VALID,0.0,VALID,0.0,INVALID,0.0,VALID,0.0,VALID - DEFAULT VALUE,192.335,
8/31/15 1:00:03 AM,VALID,17.0,VALID,17.152,VALID,17.3,VALID,17.0,VALID,72.2,VALID,70.845,VALID,72.3,VALID,69.3,VALID,11.955,VALID,11.812,VALID,12.072,VALID,11.621,VALID,793.6,VALID,793.813,VALID,794.0,VALID,793.6,VALID,0.015,VALID,0.018,VALID,0.049,VALID,-0.016,VALID,0.0,VALID,0.0,INVALID,0.0,VALID,0.0,VALID - DEFAULT VALUE,192.397,
8/31/15 2:00:03 AM,VALID,16.5,VALID,16.832,VALID,17.0,VALID,16.5,VALID,75.4,VALID,72.852,VALID,75.7,VALID,71.1,VALID,12.132,VALID,11.927,VALID,12.192,VALID,11.722,VALID,792.9,VALID,793.227,VALID,793.6,VALID,792.9,VALID,0.027,VALID,0.008,VALID,0.034,VALID,-0.016,VALID,0.0,VALID,0.0,INVALID,0.0,VALID,0.0,VALID - DEFAULT VALUE,192.461,
8/31/15 3:00:03 AM,VALID,16.0,VALID,16.185,VALID,16.4,VALID,16.0,VALID,76.6,VALID,74.972,VALID,76.6,VALID,73.3,VALID,11.888,VALID,11.74,VALID,12.076,VALID,11.414,VALID,792.9,VALID,792.952,VALID,793.0,VALID,792.9,VALID,-0.021,VALID,0.011,VALID,0.047,VALID,-0.034,VALID,0.0,VALID,0.0,INVALID,0.0,VALID,0.0,VALID - DEFAULT VALUE,192.421,
8/31/15 4:00:03 AM,VALID,15.9,VALID,15.943,VALID,16.0,VALID,15.9,VALID,77.8,VALID,76.618,VALID,77.8,VALID,75.3,VALID,12.027,VALID,11.836,VALID,12.066,VALID,11.629,VALID,792.7,VALID,792.833,VALID,793.0,VALID,792.7,VALID,0.012,VALID,-0.004,VALID,0.03,VALID,-0.042,VALID,0.0,VALID,0.0,INVALID,0.0,VALID,0.0,VALID - DEFAULT VALUE,192.431,
8/31/15 5:00:03 AM,VALID,15.7,VALID,15.837,VALID,15.9,VALID,15.7,VALID,79.3,VALID,78.077,VALID,79.4,VALID,77.4,VALID,12.123,VALID,12.019,VALID,12.142,VALID,11.911,VALID,792.1,VALID,792.387,VALID,792.7,VALID,792.1,VALID,-0.009,VALID,0.001,VALID,0.02,VALID,-0.027,VALID,0.0,VALID,0.0,INVALID,0.0,VALID,0.0,VALID - DEFAULT VALUE,192.45,
8/31/15 6:00:03 AM,VALID,15.7,VALID,15.693,VALID,15.7,VALID,15.6,VALID,77.6,VALID,78.823,VALID,79.9,VALID,77.6,VALID,11.794,VALID,12.025,VALID,12.238,VALID,11.794,VALID,792.2,VALID,792.12,VALID,792.2,VALID,792.0,VALID,0.021,VALID,0.009,VALID,0.03,VALID,-0.03,VALID,0.0,VALID,0.0,INVALID,0.0,VALID,0.0,VALID - DEFAULT VALUE,192.477,
8/31/15 7:00:03 AM,VALID,15.0,VALID,15.258,VALID,15.7,VALID,15.0,VALID,81.6,VALID,80.21,VALID,81.7,VALID,77.8,VALID,11.876,VALID,11.865,VALID,11.992,VALID,11.726,VALID,792.8,VALID,792.53,VALID,792.8,VALID,792.2,VALID,0.086,VALID,0.017,VALID,0.086,VALID,-0.01,VALID,0.0,VALID,0.0,INVALID,0.0,VALID,0.0,VALID - DEFAULT VALUE,192.512,
8/31/15 8:00:02 AM,VALID,15.7,VALID,15.302,VALID,15.7,VALID,15.0,VALID,77.4,VALID,79.822,VALID,81.7,VALID,77.4,VALID,11.755,VALID,11.834,VALID,12.138,VALID,11.697,VALID,793.2,VALID,792.997,VALID,793.2,VALID,792.8,VALID,80.432,VALID,22.327,VALID,80.432,VALID,0.089,VALID,0.0,VALID,0.05,INVALID,0.0,VALID,0.05,VALID - DEFAULT VALUE,192.508,
8/31/15 9:00:02 AM,VALID,16.4,VALID,16.022,VALID,16.4,VALID,15.7,VALID,76.1,VALID,76.62,VALID,78.6,VALID,74.8,VALID,12.176,VALID,11.912,VALID,12.183,VALID,11.721,VALID,793.3,VALID,793.22,VALID,793.3,VALID,793.1,VALID,374.897,VALID,166.735,VALID,374.897,VALID,80.854,VALID,0.0,VALID,0.0,INVALID,0.0,VALID,0.0,VALID - DEFAULT VALUE,192.54,
8/31/15 10:00:02 AM,VALID,18.1,VALID,17.457,VALID,18.1,VALID,16.5,VALID,66.1,VALID,69.772,VALID,75.5,VALID,66.1,VALID,11.668,VALID,11.864,VALID,12.226,VALID,11.495,VALID,793.7,VALID,793.442,VALID,793.7,VALID,793.3,VALID,281.547,VALID,440.105,VALID,600.302,VALID,140.629,VALID,0.0,VALID,0.0,INVALID,0.0,VALID,0.0,VALID - DEFAULT VALUE,192.545,
8/31/15 11:00:02 AM,VALID,20.6,VALID,19.333,VALID,21.0,VALID,18.1,VALID,53.9,VALID,61.335,VALID,66.6,VALID,53.4,VALID,10.934,VALID,11.672,VALID,12.032,VALID,10.934,VALID,793.6,VALID,793.718,VALID,793.8,VALID,793.6,VALID,886.803,VALID,710.443,VALID,887.88,VALID,146.06,VALID,0.0,VALID,0.0,INVALID,0.0,VALID,0.0,VALID - DEFAULT VALUE,192.619,
8/31/15 12:00:02 PM,VALID,21.5,VALID,20.848,VALID,21.5,VALID,20.1,VALID,50.4,VALID,52.3,VALID,56.2,VALID,49.2,VALID,10.755,VALID,10.7,VALID,11.5,VALID,10.186,VALID,793.7,VALID,793.657,VALID,793.7,VALID,793.6,VALID,1017.453,VALID,906.205,VALID,1089.362,VALID,494.504,VALID,0.0,VALID,0.0,INVALID,0.0,VALID,0.0,VALID - DEFAULT VALUE,192.884,
8/31/15 1:00:02 PM,VALID,22.9,VALID,21.92,VALID,22.9,VALID,20.8,VALID,43.5,VALID,46.328,VALID,50.5,VALID,42.3,VALID,9.825,VALID,9.859,VALID,10.877,VALID,8.957,VALID,793.3,VALID,793.56,VALID,793.7,VALID,793.3,VALID,1038.242,VALID,897.173,VALID,1114.532,VALID,196.401,VALID,0.0,VALID,0.0,INVALID,0.0,VALID,0.0,VALID - DEFAULT VALUE,193.271,
8/31/15 2:00:03 PM,VALID,23.7,VALID,23.243,VALID,23.9,VALID,22.6,VALID,42.4,VALID,41.072,VALID,44.3,VALID,39.0,VALID,10.164,VALID,9.273,VALID,10.822,VALID,8.317,VALID,792.7,VALID,793.032,VALID,793.4,VALID,792.7,VALID,1169.366,VALID,986.377,VALID,1220.307,VALID,267.626,VALID,0.0,VALID,0.0,INVALID,0.0,VALID,0.0,VALID - DEFAULT VALUE,193.869,
8/31/15 3:00:03 PM,VALID,23.9,VALID,23.978,VALID,24.9,VALID,23.4,VALID,43.1,VALID,42.427,VALID,46.0,VALID,39.8,VALID,10.59,VALID,10.417,VALID,11.572,VALID,9.555,VALID,792.0,VALID,792.34,VALID,792.7,VALID,792.0,VALID,994.861,VALID,1084.481,VALID,1213.058,VALID,865.298,VALID,0.0,VALID,0.0,INVALID,0.0,VALID,0.0,VALID - DEFAULT VALUE,194.666,
8/31/15 4:00:03 PM,VALID,23.5,VALID,23.212,VALID,24.5,VALID,22.2,VALID,48.1,VALID,50.062,VALID,55.3,VALID,43.8,VALID,11.884,VALID,12.199,VALID,13.165,VALID,11.013,VALID,791.1,VALID,791.557,VALID,792.0,VALID,791.1,VALID,846.022,VALID,595.091,VALID,1070.093,VALID,186.756,VALID,0.0,VALID,0.0,INVALID,0.0,VALID,0.0,VALID - DEFAULT VALUE,195.454,
8/31/15 5:00:03 PM,VALID,24.0,VALID,23.41,VALID,24.0,VALID,23.1,VALID,46.2,VALID,49.688,VALID,52.8,VALID,46.2,VALID,11.729,VALID,12.29,VALID,13.03,VALID,11.729,VALID,790.8,VALID,791.037,VALID,791.2,VALID,790.8,VALID,645.666,VALID,706.312,VALID,861.48,VALID,133.187,VALID,0.0,VALID,0.0,INVALID,0.0,VALID,0.0,VALID - DEFAULT VALUE,196.152,
8/31/15 6:00:03 PM,VALID,22.3,VALID,23.335,VALID,23.8,VALID,22.3,VALID,50.4,VALID,45.483,VALID,50.4,VALID,42.3,VALID,11.491,VALID,10.877,VALID,11.871,VALID,10.034,VALID,790.3,VALID,790.5,VALID,790.8,VALID,790.2,VALID,274.763,VALID,513.77,VALID,667.954,VALID,274.763,VALID,0.0,VALID,0.0,INVALID,0.0,VALID,0.0,VALID - DEFAULT VALUE,196.783,
8/31/15 7:00:03 PM,VALID,21.7,VALID,22.153,VALID,22.5,VALID,21.7,VALID,49.7,VALID,51.47,VALID,53.9,VALID,48.5,VALID,10.728,VALID,11.67,VALID,12.511,VALID,10.668,VALID,791.1,VALID,790.693,VALID,791.2,VALID,790.3,VALID,63.52,VALID,168.272,VALID,273.853,VALID,63.52,VALID,0.0,VALID,0.0,INVALID,0.0,VALID,0.0,VALID - DEFAULT VALUE,197.115,
8/31/15 8:00:02 PM,VALID,19.7,VALID,20.78,VALID,21.9,VALID,19.6,VALID,55.5,VALID,52.157,VALID,57.8,VALID,45.5,VALID,10.537,VALID,10.543,VALID,11.359,VALID,9.407,VALID,791.9,VALID,791.482,VALID,791.9,VALID,791.1,VALID,0.224,VALID,26.446,VALID,71.8,VALID,0.224,VALID,0.0,VALID,0.0,INVALID,0.0,VALID,0.0,VALID - DEFAULT VALUE,197.343,
8/31/15 9:00:02 PM,VALID,19.2,VALID,19.633,VALID,19.9,VALID,19.2,VALID,62.0,VALID,57.298,VALID,62.0,VALID,53.6,VALID,11.74,VALID,10.937,VALID,11.785,VALID,10.2,VALID,792.7,VALID,792.23,VALID,792.7,VALID,791.9,VALID,0.011,VALID,0.019,VALID,0.218,VALID,-0.035,VALID,0.0,VALID,0.0,INVALID,0.0,VALID,0.0,VALID - DEFAULT VALUE,197.234,
8/31/15 10:00:02 PM,VALID,17.8,VALID,18.302,VALID,19.2,VALID,17.7,VALID,68.2,VALID,65.415,VALID,68.4,VALID,60.7,VALID,11.856,VALID,11.687,VALID,11.864,VALID,11.324,VALID,793.5,VALID,793.185,VALID,793.5,VALID,792.7,VALID,0.007,VALID,0.006,VALID,0.03,VALID,-0.024,VALID,0.0,VALID,0.0,INVALID,0.0,VALID,0.0,VALID - DEFAULT VALUE,197.846,
8/31/15 11:00:02 PM,VALID,17.4,VALID,17.772,VALID,18.0,VALID,17.4,VALID,71.8,VALID,69.467,VALID,72.5,VALID,67.1,VALID,12.255,VALID,12.104,VALID,12.553,VALID,11.722,VALID,794.0,VALID,793.692,VALID,794.0,VALID,793.5,VALID,0.028,VALID,0.016,VALID,0.037,VALID,-0.008,VALID,0.0,VALID,0.0,INVALID,0.0,VALID,0.0,VALID - DEFAULT VALUE,197.928,
