,,WXT510_1,,TA_Stat1h,,TA_Stat1h,,TA_Stat1h,,WXT510_1,,RH_Stat1h,,RH_Stat1h,,RH_Stat1h,,DP_1m,,DP_Stat1h,,DP_Stat1h,,DP_Stat1h,,WXT510_1,,PA_Stat1h,,PA_Stat1h,,PA_Stat1h,,SR_1m,,SR_Stat1h,,SR_Stat1h,,SR_Stat1h,,WXT510_1,,PR_Slide_Sum,,PR_Sum1h,,PR_Sum1h,,Evaporation,
time,status,TA,status,Avg,status,Max,status,Min,status,RH,status,Avg,status,Max,status,Min,status,DP,status,Avg,status,Max,status,Min,status,PA,status,Avg,status,Max,status,Min,status,Avg,status,Avg,status,Max,status,Min,status,Rain_amount,status,PR_Slide_Sum1h,status,PR_Sum1h_CurrHour,status,PR_Sum1h_PrevHour,status,value,
9/8/15 12:00:03 AM,VALID,17.2,VALID,17.452,VALID,17.8,VALID,17.2,VALID,73.8,VALID,72.693,VALID,73.8,VALID,71.7,VALID,12.481,VALID,12.492,VALID,12.733,VALID,12.147,VALID,793.1,VALID,793.013,VALID,793.1,VALID,792.8,VALID,0.008,VALID,-0.001,VALID,0.019,VALID,-0.019,VALID,0.0,VALID,0.0,INVALID,0.0,VALID,0.0,VALID - DEFAULT VALUE,160.369,
9/8/15 1:00:02 AM,VALID,17.3,VALID,17.238,VALID,17.3,VALID,17.2,VALID,72.0,VALID,72.187,VALID,73.2,VALID,71.4,VALID,12.201,VALID,12.181,VALID,12.357,VALID,12.02,VALID,792.9,VALID,792.982,VALID,793.1,VALID,792.9,VALID,0.011,VALID,0.011,VALID,0.028,VALID,-0.006,VALID,0.0,VALID,0.0,INVALID,0.0,VALID,0.0,VALID - DEFAULT VALUE,160.53,
9/8/15 2:00:02 AM,VALID,17.1,VALID,17.19,VALID,17.3,VALID,17.0,VALID,72.9,VALID,72.45,VALID,73.7,VALID,71.3,VALID,12.198,VALID,12.19,VALID,12.364,VALID,12.02,VALID,792.8,VALID,792.843,VALID,793.0,VALID,792.8,VALID,0.008,VALID,0.009,VALID,0.026,VALID,-0.007,VALID,0.0,VALID,0.0,INVALID,0.0,VALID,0.0,VALID - DEFAULT VALUE,160.605,
9/8/15 3:00:02 AM,VALID,16.6,VALID,16.765,VALID,17.1,VALID,16.5,VALID,76.1,VALID,75.755,VALID,77.1,VALID,73.1,VALID,12.369,VALID,12.459,VALID,12.773,VALID,12.192,VALID,792.3,VALID,792.458,VALID,792.8,VALID,792.3,VALID,-0.012,VALID,-0.0,VALID,0.022,VALID,-0.022,VALID,0.0,VALID,0.0,INVALID,0.0,VALID,0.0,VALID - DEFAULT VALUE,160.688,
9/8/15 4:00:02 AM,VALID,15.7,VALID,16.318,VALID,16.6,VALID,15.7,VALID,79.2,VALID,76.327,VALID,79.2,VALID,74.2,VALID,12.104,VALID,12.139,VALID,12.608,VALID,11.888,VALID,792.0,VALID,792.062,VALID,792.3,VALID,791.9,VALID,-0.007,VALID,0.011,VALID,0.044,VALID,-0.028,VALID,0.0,VALID,0.0,INVALID,0.0,VALID,0.0,VALID - DEFAULT VALUE,160.7,
9/8/15 5:00:02 AM,VALID,14.7,VALID,15.067,VALID,15.7,VALID,14.7,VALID,81.3,VALID,81.462,VALID,84.0,VALID,79.2,VALID,11.527,VALID,11.913,VALID,12.198,VALID,11.527,VALID,792.0,VALID,791.882,VALID,792.0,VALID,791.8,VALID,-0.008,VALID,0.015,VALID,0.037,VALID,-0.014,VALID,0.0,VALID,0.0,INVALID,0.0,VALID,0.0,VALID - DEFAULT VALUE,160.695,
9/8/15 6:00:03 AM,VALID,14.8,VALID,15.013,VALID,15.1,VALID,14.7,VALID,78.7,VALID,79.18,VALID,80.6,VALID,78.2,VALID,11.133,VALID,11.432,VALID,11.616,VALID,11.114,VALID,791.6,VALID,791.747,VALID,791.9,VALID,791.6,VALID,0.026,VALID,0.011,VALID,0.046,VALID,-0.018,VALID,0.0,VALID,0.0,INVALID,0.0,VALID,0.0,VALID - DEFAULT VALUE,160.723,
9/8/15 7:00:03 AM,VALID,14.3,VALID,14.477,VALID,14.7,VALID,14.2,VALID,80.5,VALID,79.963,VALID,82.1,VALID,78.2,VALID,10.988,VALID,11.058,VALID,11.285,VALID,10.909,VALID,791.8,VALID,791.643,VALID,791.8,VALID,791.5,VALID,0.072,VALID,0.019,VALID,0.072,VALID,-0.006,VALID,0.0,VALID,0.0,INVALID,0.0,VALID,0.0,VALID - DEFAULT VALUE,160.753,
9/8/15 8:00:03 AM,VALID,14.3,VALID,14.063,VALID,14.3,VALID,13.9,VALID,81.4,VALID,82.33,VALID,83.5,VALID,80.8,VALID,11.155,VALID,11.095,VALID,11.261,VALID,10.946,VALID,792.3,VALID,792.05,VALID,792.3,VALID,791.8,VALID,99.533,VALID,27.165,VALID,99.533,VALID,0.071,VALID,0.0,VALID,0.0,INVALID,0.0,VALID,0.0,VALID - DEFAULT VALUE,160.798,
9/8/15 9:00:03 AM,VALID,16.0,VALID,15.477,VALID,16.6,VALID,14.4,VALID,73.7,VALID,76.105,VALID,81.1,VALID,72.0,VALID,11.304,VALID,11.27,VALID,11.654,VALID,10.997,VALID,792.9,VALID,792.592,VALID,792.9,VALID,792.3,VALID,301.84,VALID,208.867,VALID,302.516,VALID,100.087,VALID,0.0,VALID,0.0,INVALID,0.0,VALID,0.0,VALID - DEFAULT VALUE,160.902,
9/8/15 10:00:03 AM,VALID,18.1,VALID,16.977,VALID,18.3,VALID,15.8,VALID,64.8,VALID,70.183,VALID,74.8,VALID,63.4,VALID,11.367,VALID,11.483,VALID,11.776,VALID,11.132,VALID,793.2,VALID,793.163,VALID,793.3,VALID,792.9,VALID,564.534,VALID,435.42,VALID,564.534,VALID,301.506,VALID,0.0,VALID,0.0,INVALID,0.0,VALID,0.0,VALID - DEFAULT VALUE,160.91,
9/8/15 11:00:03 AM,VALID,19.4,VALID,18.565,VALID,19.4,VALID,18.0,VALID,58.6,VALID,62.237,VALID,65.1,VALID,58.6,VALID,11.075,VALID,11.192,VALID,11.558,VALID,10.838,VALID,793.1,VALID,793.133,VALID,793.3,VALID,793.0,VALID,786.454,VALID,671.275,VALID,786.454,VALID,565.65,VALID,0.0,VALID,0.0,INVALID,0.0,VALID,0.0,VALID - DEFAULT VALUE,160.975,
9/8/15 12:00:02 PM,VALID,21.2,VALID,20.24,VALID,21.4,VALID,19.4,VALID,52.2,VALID,56.548,VALID,60.4,VALID,51.7,VALID,11.006,VALID,11.306,VALID,11.751,VALID,10.885,VALID,792.8,VALID,792.937,VALID,793.1,VALID,792.8,VALID,942.038,VALID,850.575,VALID,946.171,VALID,673.4,VALID,0.0,VALID,0.0,INVALID,0.0,VALID,0.0,VALID - DEFAULT VALUE,161.222,
9/8/15 1:00:02 PM,VALID,23.0,VALID,22.058,VALID,23.2,VALID,21.1,VALID,47.5,VALID,48.718,VALID,53.4,VALID,44.5,VALID,11.237,VALID,10.74,VALID,11.831,VALID,9.53,VALID,792.0,VALID,792.422,VALID,792.7,VALID,792.0,VALID,1084.273,VALID,1017.396,VALID,1092.957,VALID,262.1,VALID,0.0,VALID,0.0,INVALID,0.0,VALID,0.0,VALID - DEFAULT VALUE,161.536,
9/8/15 2:00:02 PM,VALID,24.5,VALID,23.207,VALID,24.7,VALID,22.5,VALID,43.2,VALID,47.277,VALID,50.0,VALID,43.2,VALID,11.166,VALID,11.346,VALID,12.091,VALID,10.324,VALID,791.1,VALID,791.545,VALID,792.0,VALID,791.1,VALID,898.214,VALID,1048.856,VALID,1227.449,VALID,317.98,VALID,0.0,VALID,0.0,INVALID,0.0,VALID,0.0,VALID - DEFAULT VALUE,161.958,
9/8/15 3:00:02 PM,VALID,23.3,VALID,23.433,VALID,24.3,VALID,22.6,VALID,48.1,VALID,47.717,VALID,51.9,VALID,43.9,VALID,11.701,VALID,11.695,VALID,12.338,VALID,10.861,VALID,790.1,VALID,790.66,VALID,791.1,VALID,790.1,VALID,978.583,VALID,944.043,VALID,1189.508,VALID,312.599,VALID,0.0,VALID,0.0,INVALID,0.0,VALID,0.0,VALID - DEFAULT VALUE,162.696,
9/8/15 4:00:03 PM,VALID,22.8,VALID,23.573,VALID,24.4,VALID,22.8,VALID,51.5,VALID,48.78,VALID,52.8,VALID,46.1,VALID,12.279,VALID,12.158,VALID,12.774,VALID,11.501,VALID,789.4,VALID,789.635,VALID,790.1,VALID,789.3,VALID,173.327,VALID,718.573,VALID,1069.428,VALID,173.327,VALID,0.0,VALID,0.0,INVALID,0.0,VALID,0.0,VALID - DEFAULT VALUE,163.384,
9/8/15 5:00:02 PM,VALID,13.9,VALID,20.395,VALID,22.8,VALID,13.9,VALID,78.4,VALID,59.94,VALID,79.7,VALID,51.8,VALID,10.201,VALID,12.219,VALID,13.577,VALID,9.59,VALID,789.1,VALID,789.363,VALID,790.2,VALID,788.9,VALID,101.853,VALID,117.703,VALID,172.091,VALID,37.111,VALID,0.11,VALID,0.83,INVALID,0.0,VALID,0.83,VALID - DEFAULT VALUE,157.405,
9/8/15 6:00:03 PM,VALID,17.8,VALID,15.932,VALID,17.8,VALID,13.9,VALID,65.1,VALID,75.368,VALID,85.0,VALID,64.4,VALID,11.152,VALID,11.525,VALID,12.824,VALID,10.413,VALID,790.0,VALID,789.653,VALID,790.1,VALID,788.6,VALID,234.112,VALID,79.381,VALID,234.112,VALID,30.509,VALID,0.0,VALID,1.99,INVALID,0.0,VALID,1.99,VALID - DEFAULT VALUE,163.767,
9/8/15 7:00:03 PM,VALID,18.7,VALID,18.968,VALID,19.6,VALID,17.8,VALID,60.1,VALID,57.103,VALID,64.1,VALID,52.1,VALID,10.798,VALID,10.266,VALID,11.617,VALID,8.851,VALID,790.2,VALID,790.037,VALID,790.2,VALID,789.9,VALID,30.869,VALID,113.19,VALID,336.352,VALID,16.104,VALID,0.0,VALID,0.14,INVALID,0.0,VALID,0.14,VALID - DEFAULT VALUE,164.176,
9/8/15 8:00:03 PM,VALID,18.3,VALID,18.423,VALID,18.6,VALID,18.3,VALID,62.6,VALID,61.245,VALID,64.6,VALID,59.3,VALID,11.035,VALID,10.819,VALID,11.605,VALID,10.315,VALID,790.5,VALID,790.497,VALID,790.6,VALID,790.3,VALID,0.019,VALID,9.164,VALID,30.654,VALID,0.018,VALID,0.0,VALID,0.0,INVALID,0.0,VALID,0.0,VALID - DEFAULT VALUE,164.157,
9/8/15 9:00:03 PM,VALID,18.0,VALID,18.097,VALID,18.3,VALID,17.8,VALID,68.1,VALID,64.385,VALID,68.2,VALID,61.4,VALID,12.025,VALID,11.261,VALID,12.025,VALID,10.555,VALID,791.0,VALID,790.752,VALID,791.0,VALID,790.4,VALID,0.008,VALID,0.009,VALID,0.039,VALID,-0.016,VALID,0.0,VALID,0.0,INVALID,0.0,VALID,0.0,VALID - DEFAULT VALUE,164.192,
9/8/15 10:00:03 PM,VALID,17.4,VALID,17.705,VALID,18.1,VALID,17.4,VALID,70.3,VALID,68.543,VALID,71.3,VALID,63.3,VALID,11.934,VALID,11.834,VALID,12.245,VALID,10.824,VALID,791.7,VALID,791.375,VALID,791.7,VALID,791.0,VALID,-0.007,VALID,0.001,VALID,0.019,VALID,-0.018,VALID,0.0,VALID,0.0,INVALID,0.0,VALID,0.0,VALID - DEFAULT VALUE,164.328,
9/8/15 11:00:02 PM,VALID,17.2,VALID,17.322,VALID,17.5,VALID,17.2,VALID,73.8,VALID,69.662,VALID,73.8,VALID,67.3,VALID,12.481,VALID,11.717,VALID,12.481,VALID,11.296,VALID,792.4,VALID,792.097,VALID,792.4,VALID,791.7,VALID,0.007,VALID,0.0,VALID,0.021,VALID,-0.02,VALID,0.0,VALID,0.0,INVALID,0.0,VALID,0.0,VALID - DEFAULT VALUE,164.422,
