,,WXT510_1,,TA_Stat1h,,TA_Stat1h,,TA_Stat1h,,WXT510_1,,RH_Stat1h,,RH_Stat1h,,RH_Stat1h,,DP_1m,,DP_Stat1h,,DP_Stat1h,,DP_Stat1h,,WXT510_1,,PA_Stat1h,,PA_Stat1h,,PA_Stat1h,,SR_1m,,SR_Stat1h,,SR_Stat1h,,SR_Stat1h,,WXT510_1,,PR_Slide_Sum,,PR_Sum1h,,PR_Sum1h,,Evaporation,
time,status,TA,status,Avg,status,Max,status,Min,status,RH,status,Avg,status,Max,status,Min,status,DP,status,Avg,status,Max,status,Min,status,PA,status,Avg,status,Max,status,Min,status,Avg,status,Avg,status,Max,status,Min,status,Rain_amount,status,PR_Slide_Sum1h,status,PR_Sum1h_CurrHour,status,PR_Sum1h_PrevHour,status,value,
8/24/15 12:00:03 AM,VALID,17.3,VALID,17.088,VALID,17.3,VALID,16.8,VALID,66.5,VALID,71.198,VALID,73.0,VALID,66.5,VALID,10.998,VALID,11.826,VALID,12.122,VALID,10.998,VALID,794.3,VALID,794.122,VALID,794.3,VALID,793.9,VALID,0.002,VALID,0.014,VALID,0.045,VALID,-0.016,VALID,0.0,VALID,0.0,INVALID,0.0,VALID,0.0,VALID - DEFAULT VALUE,181.344,
8/24/15 1:00:03 AM,VALID,16.9,VALID,17.072,VALID,17.3,VALID,16.9,VALID,59.7,VALID,61.188,VALID,65.7,VALID,59.5,VALID,9.006,VALID,9.53,VALID,10.815,VALID,8.981,VALID,794.0,VALID,794.257,VALID,794.4,VALID,794.0,VALID,0.009,VALID,0.018,VALID,0.065,VALID,-0.013,VALID,0.0,VALID,0.0,INVALID,0.0,VALID,0.0,VALID - DEFAULT VALUE,181.547,
8/24/15 2:00:03 AM,VALID,16.1,VALID,16.405,VALID,16.9,VALID,16.1,VALID,64.2,VALID,62.767,VALID,64.9,VALID,60.3,VALID,9.33,VALID,9.279,VALID,9.563,VALID,8.991,VALID,793.8,VALID,793.935,VALID,794.0,VALID,793.8,VALID,-0.004,VALID,-0.005,VALID,0.025,VALID,-0.028,VALID,0.0,VALID,0.0,INVALID,0.0,VALID,0.0,VALID - DEFAULT VALUE,181.814,
8/24/15 3:00:03 AM,VALID,15.4,VALID,15.692,VALID,16.1,VALID,15.4,VALID,70.9,VALID,66.773,VALID,70.9,VALID,63.8,VALID,10.144,VALID,9.522,VALID,10.144,VALID,9.237,VALID,793.8,VALID,793.913,VALID,794.0,VALID,793.8,VALID,0.001,VALID,0.012,VALID,0.05,VALID,-0.03,VALID,0.0,VALID,0.0,INVALID,0.0,VALID,0.0,VALID - DEFAULT VALUE,181.874,
8/24/15 4:00:02 AM,VALID,14.8,VALID,15.034,VALID,15.4,VALID,14.8,VALID,77.9,VALID,76.69,VALID,78.3,VALID,70.9,VALID,10.979,VALID,10.961,VALID,11.231,VALID,10.144,VALID,793.5,VALID,793.608,VALID,793.8,VALID,793.5,VALID,0.007,VALID,0.005,VALID,0.024,VALID,-0.011,VALID,0.0,VALID,0.0,INVALID,0.0,VALID,0.0,VALID - DEFAULT VALUE,181.898,
8/24/15 5:00:02 AM,VALID,14.0,VALID,14.405,VALID,14.8,VALID,14.1,VALID,76.6,VALID,76.898,VALID,78.3,VALID,75.7,VALID,10.009,VALID,10.401,VALID,10.979,VALID,9.968,VALID,793.3,VALID,793.425,VALID,793.5,VALID,793.3,VALID,-0.004,VALID,0.004,VALID,0.034,VALID,-0.039,VALID,0.0,VALID,0.0,INVALID,0.0,VALID,0.0,VALID - DEFAULT VALUE,181.947,
8/24/15 6:00:02 AM,VALID,12.8,VALID,13.467,VALID,14.0,VALID,12.8,VALID,81.5,VALID,78.745,VALID,81.4,VALID,76.3,VALID,9.692,VALID,9.843,VALID,10.009,VALID,9.673,VALID,793.4,VALID,793.383,VALID,793.5,VALID,793.3,VALID,0.0,VALID,0.006,VALID,0.043,VALID,-0.031,VALID,0.0,VALID,0.0,INVALID,0.0,VALID,0.0,VALID - DEFAULT VALUE,181.995,
8/24/15 7:00:02 AM,VALID,12.4,VALID,12.645,VALID,12.8,VALID,12.4,VALID,80.3,VALID,80.6,VALID,82.0,VALID,80.0,VALID,9.155,VALID,9.393,VALID,9.801,VALID,9.155,VALID,793.7,VALID,793.567,VALID,793.7,VALID,793.4,VALID,0.188,VALID,0.015,VALID,0.188,VALID,-0.011,VALID,0.0,VALID,0.0,INVALID,0.0,VALID,0.0,VALID - DEFAULT VALUE,182.002,
8/24/15 8:00:02 AM,VALID,12.7,VALID,12.293,VALID,12.7,VALID,12.1,VALID,75.6,VALID,79.818,VALID,80.7,VALID,75.8,VALID,8.536,VALID,8.905,VALID,9.118,VALID,8.536,VALID,793.9,VALID,793.785,VALID,793.9,VALID,793.6,VALID,27.486,VALID,12.865,VALID,27.486,VALID,0.196,VALID,0.0,VALID,0.0,INVALID,0.0,VALID,0.0,VALID - DEFAULT VALUE,182.031,
8/24/15 9:00:02 AM,VALID,14.8,VALID,13.562,VALID,14.7,VALID,12.7,VALID,67.5,VALID,72.815,VALID,75.6,VALID,67.6,VALID,8.764,VALID,8.765,VALID,8.973,VALID,8.497,VALID,794.1,VALID,794.075,VALID,794.2,VALID,793.9,VALID,334.119,VALID,80.285,VALID,334.119,VALID,27.54,VALID,0.0,VALID,0.0,INVALID,0.0,VALID,0.0,VALID - DEFAULT VALUE,182.073,
8/24/15 10:00:03 AM,VALID,17.3,VALID,16.152,VALID,17.4,VALID,14.8,VALID,57.5,VALID,61.822,VALID,67.5,VALID,57.0,VALID,8.747,VALID,8.779,VALID,9.097,VALID,8.499,VALID,794.3,VALID,794.228,VALID,794.4,VALID,794.1,VALID,584.431,VALID,335.33,VALID,584.431,VALID,69.269,VALID,0.0,VALID,0.0,INVALID,0.0,VALID,0.0,VALID - DEFAULT VALUE,182.16,
8/24/15 11:00:03 AM,VALID,19.7,VALID,18.372,VALID,19.7,VALID,17.2,VALID,46.8,VALID,52.938,VALID,57.8,VALID,46.8,VALID,8.002,VALID,8.556,VALID,8.969,VALID,7.942,VALID,794.3,VALID,794.288,VALID,794.4,VALID,794.2,VALID,792.566,VALID,697.578,VALID,792.566,VALID,585.112,VALID,0.0,VALID,0.0,INVALID,0.0,VALID,0.0,VALID - DEFAULT VALUE,182.212,
8/24/15 12:00:03 PM,VALID,21.5,VALID,20.668,VALID,21.5,VALID,19.5,VALID,38.5,VALID,41.285,VALID,47.2,VALID,37.7,VALID,6.614,VALID,7.031,VALID,8.127,VALID,6.13,VALID,793.9,VALID,794.087,VALID,794.3,VALID,793.7,VALID,934.653,VALID,871.415,VALID,938.697,VALID,793.124,VALID,0.0,VALID,0.0,INVALID,0.0,VALID,0.0,VALID - DEFAULT VALUE,182.547,
8/24/15 1:00:03 PM,VALID,23.8,VALID,22.942,VALID,24.7,VALID,21.6,VALID,33.6,VALID,34.963,VALID,38.2,VALID,31.3,VALID,6.815,VALID,6.623,VALID,7.384,VALID,5.92,VALID,793.3,VALID,793.523,VALID,793.9,VALID,793.3,VALID,1014.187,VALID,974.442,VALID,1019.784,VALID,927.605,VALID,0.0,VALID,0.0,INVALID,0.0,VALID,0.0,VALID - DEFAULT VALUE,182.739,
8/24/15 2:00:03 PM,VALID,24.3,VALID,24.033,VALID,24.8,VALID,23.3,VALID,28.5,VALID,30.332,VALID,34.2,VALID,27.8,VALID,4.867,VALID,5.515,VALID,6.99,VALID,4.44,VALID,792.5,VALID,792.885,VALID,793.3,VALID,792.5,VALID,1039.766,VALID,1039.638,VALID,1062.776,VALID,1010.727,VALID,0.0,VALID,0.0,INVALID,0.0,VALID,0.0,VALID - DEFAULT VALUE,183.514,
8/24/15 3:00:02 PM,VALID,25.3,VALID,24.98,VALID,25.8,VALID,23.9,VALID,30.5,VALID,28.185,VALID,30.4,VALID,26.2,VALID,6.287,VALID,5.28,VALID,6.546,VALID,4.476,VALID,791.8,VALID,792.144,VALID,792.5,VALID,791.7,VALID,1025.895,VALID,996.498,VALID,1049.833,VALID,226.451,VALID,0.0,VALID,0.0,INVALID,0.0,VALID,0.0,VALID - DEFAULT VALUE,184.213,
8/24/15 4:00:02 PM,VALID,26.2,VALID,25.843,VALID,26.6,VALID,24.9,VALID,25.9,VALID,27.668,VALID,30.5,VALID,25.4,VALID,4.752,VALID,5.755,VALID,6.865,VALID,4.752,VALID,791.1,VALID,791.32,VALID,791.8,VALID,791.0,VALID,919.779,VALID,901.87,VALID,1028.933,VALID,159.93,VALID,0.0,VALID,0.0,INVALID,0.0,VALID,0.0,VALID - DEFAULT VALUE,185.051,
8/24/15 5:00:02 PM,VALID,27.7,VALID,26.682,VALID,27.7,VALID,25.7,VALID,21.7,VALID,23.54,VALID,26.1,VALID,21.2,VALID,4.278,VALID,4.132,VALID,5.652,VALID,3.049,VALID,790.7,VALID,790.855,VALID,791.1,VALID,790.7,VALID,557.668,VALID,710.337,VALID,933.112,VALID,149.151,VALID,0.0,VALID,0.0,INVALID,0.0,VALID,0.0,VALID - DEFAULT VALUE,185.718,
8/24/15 6:00:02 PM,VALID,26.2,VALID,26.653,VALID,27.7,VALID,26.1,VALID,22.5,VALID,22.593,VALID,23.5,VALID,21.3,VALID,3.046,VALID,3.543,VALID,4.253,VALID,3.002,VALID,790.4,VALID,790.587,VALID,790.7,VALID,790.3,VALID,434.493,VALID,543.185,VALID,688.832,VALID,113.791,VALID,0.0,VALID,0.0,INVALID,0.0,VALID,0.0,VALID - DEFAULT VALUE,186.511,
8/24/15 7:00:02 PM,VALID,24.4,VALID,25.85,VALID,26.5,VALID,24.5,VALID,31.8,VALID,24.888,VALID,31.7,VALID,21.8,VALID,6.579,VALID,4.149,VALID,6.579,VALID,2.745,VALID,790.6,VALID,790.543,VALID,790.6,VALID,790.4,VALID,17.772,VALID,208.37,VALID,433.831,VALID,17.772,VALID,0.0,VALID,0.0,INVALID,0.0,VALID,0.0,VALID - DEFAULT VALUE,187.36,
8/24/15 8:00:02 PM,VALID,22.0,VALID,23.028,VALID,24.4,VALID,22.0,VALID,41.7,VALID,38.223,VALID,41.8,VALID,31.7,VALID,8.421,VALID,7.976,VALID,8.705,VALID,6.492,VALID,791.7,VALID,791.095,VALID,791.8,VALID,790.5,VALID,0.558,VALID,9.894,VALID,17.724,VALID,0.558,VALID,0.0,VALID,0.0,INVALID,0.0,VALID,0.0,VALID - DEFAULT VALUE,187.8,
8/24/15 9:00:03 PM,VALID,20.5,VALID,21.153,VALID,22.0,VALID,20.5,VALID,53.6,VALID,47.668,VALID,53.3,VALID,41.7,VALID,10.673,VALID,9.564,VALID,10.673,VALID,8.385,VALID,792.4,VALID,792.128,VALID,792.4,VALID,791.7,VALID,-0.023,VALID,0.043,VALID,0.546,VALID,-0.04,VALID,0.0,VALID,0.0,INVALID,0.0,VALID,0.0,VALID - DEFAULT VALUE,188.077,
8/24/15 10:00:03 PM,VALID,20.1,VALID,20.183,VALID,20.5,VALID,20.0,VALID,55.6,VALID,54.085,VALID,55.4,VALID,53.2,VALID,10.855,VALID,10.598,VALID,10.894,VALID,10.181,VALID,793.5,VALID,793.018,VALID,793.5,VALID,792.4,VALID,0.001,VALID,-0.003,VALID,0.033,VALID,-0.042,VALID,0.0,VALID,0.0,INVALID,0.0,VALID,0.0,VALID - DEFAULT VALUE,188.202,
8/24/15 11:00:03 PM,VALID,18.9,VALID,19.202,VALID,20.1,VALID,18.9,VALID,58.0,VALID,57.495,VALID,58.2,VALID,55.6,VALID,10.425,VALID,10.601,VALID,10.937,VALID,10.425,VALID,794.6,VALID,794.038,VALID,794.5,VALID,793.5,VALID,0.005,VALID,-0.013,VALID,0.016,VALID,-0.053,VALID,0.0,VALID,0.0,INVALID,0.0,VALID,0.0,VALID - DEFAULT VALUE,188.341,
