,,WXT510_1,,TA_Stat1h,,TA_Stat1h,,TA_Stat1h,,WXT510_1,,RH_Stat1h,,RH_Stat1h,,RH_Stat1h,,DP_1m,,DP_Stat1h,,DP_Stat1h,,DP_Stat1h,,WXT510_1,,PA_Stat1h,,PA_Stat1h,,PA_Stat1h,,SR_1m,,SR_Stat1h,,SR_Stat1h,,SR_Stat1h,,WXT510_1,,PR_Slide_Sum,,PR_Sum1h,,PR_Sum1h,,Evaporation,
time,status,TA,status,Avg,status,Max,status,Min,status,RH,status,Avg,status,Max,status,Min,status,DP,status,Avg,status,Max,status,Min,status,PA,status,Avg,status,Max,status,Min,status,Avg,status,Avg,status,Max,status,Min,status,Rain_amount,status,PR_Slide_Sum1h,status,PR_Sum1h_CurrHour,status,PR_Sum1h_PrevHour,status,value,
10/1/15 12:00:04 AM,VALID,15.9,VALID,16.102,VALID,16.3,VALID,15.9,VALID,65.9,VALID,66.863,VALID,67.4,VALID,65.9,VALID,9.529,VALID,9.938,VALID,10.202,VALID,9.529,VALID,792.9,VALID,793.02,VALID,793.1,VALID,792.9,VALID,0.014,VALID,0.01,VALID,0.033,VALID,-0.012,VALID,0.0,VALID,0.0,INVALID,0.0,VALID,0.0,VALID - DEFAULT VALUE,128.242,
10/1/15 1:00:03 AM,VALID,15.9,VALID,15.97,VALID,16.1,VALID,15.9,VALID,60.8,VALID,62.015,VALID,66.1,VALID,59.7,VALID,8.335,VALID,8.688,VALID,9.574,VALID,8.237,VALID,792.5,VALID,792.742,VALID,793.1,VALID,792.4,VALID,0.01,VALID,-0.001,VALID,0.025,VALID,-0.029,VALID,0.0,VALID,0.0,INVALID,0.0,VALID,0.0,VALID - DEFAULT VALUE,128.478,
10/1/15 2:00:03 AM,VALID,15.7,VALID,15.843,VALID,15.9,VALID,15.7,VALID,56.8,VALID,57.7,VALID,60.9,VALID,56.0,VALID,7.147,VALID,7.508,VALID,8.359,VALID,7.033,VALID,792.0,VALID,792.353,VALID,792.6,VALID,792.0,VALID,-0.032,VALID,0.013,VALID,0.037,VALID,-0.042,VALID,0.0,VALID,0.0,INVALID,0.0,VALID,0.0,VALID - DEFAULT VALUE,128.237,
10/1/15 3:00:03 AM,VALID,15.3,VALID,15.462,VALID,15.7,VALID,15.3,VALID,60.1,VALID,59.118,VALID,60.3,VALID,57.0,VALID,7.599,VALID,7.508,VALID,7.665,VALID,7.199,VALID,791.5,VALID,791.8,VALID,792.0,VALID,791.5,VALID,-0.016,VALID,0.003,VALID,0.029,VALID,-0.036,VALID,0.0,VALID,0.0,INVALID,0.0,VALID,0.0,VALID - DEFAULT VALUE,128.798,
10/1/15 4:00:02 AM,VALID,14.7,VALID,15.013,VALID,15.3,VALID,14.7,VALID,63.5,VALID,62.198,VALID,63.5,VALID,60.0,VALID,7.841,VALID,7.83,VALID,8.009,VALID,7.575,VALID,791.1,VALID,791.432,VALID,791.7,VALID,791.1,VALID,0.02,VALID,0.002,VALID,0.024,VALID,-0.022,VALID,0.0,VALID,0.0,INVALID,0.0,VALID,0.0,VALID - DEFAULT VALUE,129.042,
10/1/15 5:00:02 AM,VALID,13.8,VALID,14.218,VALID,14.6,VALID,13.8,VALID,65.9,VALID,64.5,VALID,65.9,VALID,63.2,VALID,7.531,VALID,7.612,VALID,7.769,VALID,7.469,VALID,790.9,VALID,791.048,VALID,791.3,VALID,790.7,VALID,0.006,VALID,0.007,VALID,0.036,VALID,-0.021,VALID,0.0,VALID,0.0,INVALID,0.0,VALID,0.0,VALID - DEFAULT VALUE,129.354,
10/1/15 6:00:03 AM,VALID,13.5,VALID,13.522,VALID,13.7,VALID,13.3,VALID,65.5,VALID,67.048,VALID,68.6,VALID,65.5,VALID,7.156,VALID,7.517,VALID,7.739,VALID,7.156,VALID,791.2,VALID,791.148,VALID,791.4,VALID,790.7,VALID,-0.006,VALID,0.003,VALID,0.025,VALID,-0.04,VALID,0.0,VALID,0.0,INVALID,0.0,VALID,0.0,VALID - DEFAULT VALUE,129.275,
10/1/15 7:00:02 AM,VALID,13.7,VALID,13.883,VALID,14.0,VALID,13.6,VALID,66.0,VALID,63.945,VALID,66.0,VALID,62.5,VALID,7.458,VALID,7.167,VALID,7.531,VALID,6.873,VALID,791.8,VALID,791.47,VALID,791.8,VALID,791.1,VALID,0.013,VALID,0.014,VALID,0.05,VALID,-0.018,VALID,0.0,VALID,0.0,INVALID,0.0,VALID,0.0,VALID - DEFAULT VALUE,129.517,
10/1/15 8:00:02 AM,VALID,14.0,VALID,13.702,VALID,14.0,VALID,13.5,VALID,65.5,VALID,66.783,VALID,68.0,VALID,65.2,VALID,7.632,VALID,7.631,VALID,7.809,VALID,7.419,VALID,792.2,VALID,792.123,VALID,792.3,VALID,791.8,VALID,33.518,VALID,11.911,VALID,33.518,VALID,-0.002,VALID,0.0,VALID,0.0,INVALID,0.0,VALID,0.0,VALID - DEFAULT VALUE,129.679,
10/1/15 9:00:02 AM,VALID,14.4,VALID,14.272,VALID,14.4,VALID,14.0,VALID,66.5,VALID,65.47,VALID,66.5,VALID,64.8,VALID,8.235,VALID,7.883,VALID,8.235,VALID,7.587,VALID,792.7,VALID,792.237,VALID,792.7,VALID,791.9,VALID,120.991,VALID,71.53,VALID,120.991,VALID,33.758,VALID,0.0,VALID,0.0,INVALID,0.0,VALID,0.0,VALID - DEFAULT VALUE,129.78,
10/1/15 10:00:03 AM,VALID,15.5,VALID,14.875,VALID,15.5,VALID,14.4,VALID,63.1,VALID,65.845,VALID,67.5,VALID,62.9,VALID,8.505,VALID,8.538,VALID,8.807,VALID,8.235,VALID,792.9,VALID,792.94,VALID,793.1,VALID,792.7,VALID,286.495,VALID,202.19,VALID,286.495,VALID,121.253,VALID,0.0,VALID,0.0,INVALID,0.0,VALID,0.0,VALID - DEFAULT VALUE,129.832,
10/1/15 11:00:03 AM,VALID,17.0,VALID,16.137,VALID,17.0,VALID,15.5,VALID,57.5,VALID,61.923,VALID,63.5,VALID,57.5,VALID,8.543,VALID,8.825,VALID,9.232,VALID,8.388,VALID,792.9,VALID,792.943,VALID,793.1,VALID,792.8,VALID,399.699,VALID,355.477,VALID,407.836,VALID,286.452,VALID,0.0,VALID,0.0,INVALID,0.0,VALID,0.0,VALID - DEFAULT VALUE,130.119,
10/1/15 12:00:03 PM,VALID,18.2,VALID,17.458,VALID,18.2,VALID,17.0,VALID,55.1,VALID,57.062,VALID,58.6,VALID,55.1,VALID,9.032,VALID,8.856,VALID,9.073,VALID,8.62,VALID,793.0,VALID,792.968,VALID,793.1,VALID,792.6,VALID,509.519,VALID,466.679,VALID,565.366,VALID,399.902,VALID,0.0,VALID,0.0,INVALID,0.0,VALID,0.0,VALID - DEFAULT VALUE,130.007,
10/1/15 1:00:03 PM,VALID,20.0,VALID,18.945,VALID,20.0,VALID,18.2,VALID,49.2,VALID,52.488,VALID,54.8,VALID,49.2,VALID,9.016,VALID,8.994,VALID,9.43,VALID,8.703,VALID,792.3,VALID,792.645,VALID,793.1,VALID,792.2,VALID,619.795,VALID,612.299,VALID,844.954,VALID,501.164,VALID,0.0,VALID,0.0,INVALID,0.0,VALID,0.0,VALID - DEFAULT VALUE,130.71,
10/1/15 2:00:03 PM,VALID,22.0,VALID,20.798,VALID,22.0,VALID,20.0,VALID,42.0,VALID,45.603,VALID,48.9,VALID,41.8,VALID,8.491,VALID,8.606,VALID,8.925,VALID,8.289,VALID,791.4,VALID,791.745,VALID,792.2,VALID,791.4,VALID,962.14,VALID,860.803,VALID,1200.511,VALID,594.493,VALID,0.0,VALID,0.0,INVALID,0.0,VALID,0.0,VALID - DEFAULT VALUE,131.102,
10/1/15 3:00:03 PM,VALID,22.7,VALID,22.548,VALID,23.1,VALID,21.9,VALID,40.9,VALID,40.887,VALID,42.7,VALID,39.8,VALID,8.728,VALID,8.586,VALID,9.034,VALID,7.974,VALID,790.7,VALID,790.92,VALID,791.4,VALID,790.6,VALID,809.927,VALID,807.663,VALID,1135.12,VALID,340.448,VALID,0.0,VALID,0.0,INVALID,0.0,VALID,0.0,VALID - DEFAULT VALUE,131.514,
10/1/15 4:00:02 PM,VALID,22.9,VALID,23.007,VALID,23.9,VALID,22.3,VALID,40.4,VALID,39.183,VALID,41.0,VALID,37.3,VALID,8.725,VALID,8.365,VALID,8.931,VALID,7.46,VALID,790.1,VALID,790.332,VALID,790.7,VALID,790.1,VALID,201.517,VALID,503.874,VALID,1065.315,VALID,201.517,VALID,0.0,VALID,0.0,INVALID,0.0,VALID,0.0,VALID - DEFAULT VALUE,131.923,
10/1/15 5:00:02 PM,VALID,21.6,VALID,22.213,VALID,23.0,VALID,21.6,VALID,43.9,VALID,42.873,VALID,44.1,VALID,40.7,VALID,8.785,VALID,8.984,VALID,9.27,VALID,8.705,VALID,790.0,VALID,789.962,VALID,790.1,VALID,789.8,VALID,119.999,VALID,230.486,VALID,505.416,VALID,119.999,VALID,0.0,VALID,0.0,INVALID,0.0,VALID,0.0,VALID - DEFAULT VALUE,132.554,
10/1/15 6:00:02 PM,VALID,20.5,VALID,21.0,VALID,21.6,VALID,20.5,VALID,44.6,VALID,44.082,VALID,44.6,VALID,43.4,VALID,8.021,VALID,8.302,VALID,8.804,VALID,7.879,VALID,790.1,VALID,790.058,VALID,790.3,VALID,789.7,VALID,56.223,VALID,74.038,VALID,119.562,VALID,54.297,VALID,0.0,VALID,0.0,INVALID,0.0,VALID,0.0,VALID - DEFAULT VALUE,133.027,
