,,WXT510_1,,TA_Stat1h,,TA_Stat1h,,TA_Stat1h,,WXT510_1,,RH_Stat1h,,RH_Stat1h,,RH_Stat1h,,DP_1m,,DP_Stat1h,,DP_Stat1h,,DP_Stat1h,,WXT510_1,,PA_Stat1h,,PA_Stat1h,,PA_Stat1h,,SR_1m,,SR_Stat1h,,SR_Stat1h,,SR_Stat1h,,WXT510_1,,PR_Slide_Sum,,PR_Sum1h,,PR_Sum1h,,Evaporation,
time,status,TA,status,Avg,status,Max,status,Min,status,RH,status,Avg,status,Max,status,Min,status,DP,status,Avg,status,Max,status,Min,status,PA,status,Avg,status,Max,status,Min,status,Avg,status,Avg,status,Max,status,Min,status,Rain_amount,status,PR_Slide_Sum1h,status,PR_Sum1h_CurrHour,status,PR_Sum1h_PrevHour,status,value,
9/4/15 12:00:03 AM,VALID,16.3,VALID,16.315,VALID,16.6,VALID,16.2,VALID,84.0,VALID,81.983,VALID,85.0,VALID,79.0,VALID,13.59,VALID,13.229,VALID,13.87,VALID,12.94,VALID,791.8,VALID,791.748,VALID,791.8,VALID,791.6,VALID,0.029,VALID,0.006,VALID,0.036,VALID,-0.024,VALID,0.0,VALID,0.11,INVALID,0.0,VALID,0.11,VALID - DEFAULT VALUE,147.64,
9/4/15 1:00:03 AM,VALID,15.7,VALID,16.002,VALID,16.3,VALID,15.7,VALID,85.8,VALID,84.502,VALID,86.8,VALID,82.0,VALID,13.327,VALID,13.386,VALID,13.684,VALID,13.063,VALID,791.8,VALID,791.745,VALID,791.8,VALID,791.7,VALID,0.01,VALID,0.013,VALID,0.033,VALID,-0.011,VALID,0.0,VALID,0.02,INVALID,0.0,VALID,0.02,VALID - DEFAULT VALUE,147.611,
9/4/15 2:00:03 AM,VALID,15.6,VALID,15.608,VALID,15.7,VALID,15.6,VALID,89.9,VALID,88.453,VALID,89.9,VALID,86.1,VALID,13.947,VALID,13.704,VALID,13.947,VALID,13.381,VALID,791.4,VALID,791.633,VALID,791.8,VALID,791.4,VALID,-0.007,VALID,0.018,VALID,0.042,VALID,-0.007,VALID,0.0,VALID,0.0,INVALID,0.0,VALID,0.0,VALID - DEFAULT VALUE,147.617,
9/4/15 3:00:03 AM,VALID,14.9,VALID,15.652,VALID,15.9,VALID,14.9,VALID,88.5,VALID,88.4,VALID,90.1,VALID,86.7,VALID,13.015,VALID,13.738,VALID,13.981,VALID,13.015,VALID,791.3,VALID,791.315,VALID,791.5,VALID,791.1,VALID,0.009,VALID,0.007,VALID,0.026,VALID,-0.01,VALID,0.0,VALID,0.07,INVALID,0.0,VALID,0.07,VALID - DEFAULT VALUE,147.589,
9/4/15 4:00:02 AM,VALID,14.5,VALID,14.683,VALID,14.9,VALID,14.5,VALID,90.0,VALID,90.74,VALID,91.9,VALID,88.9,VALID,12.878,VALID,13.184,VALID,13.495,VALID,12.793,VALID,791.2,VALID,791.352,VALID,791.4,VALID,791.2,VALID,-0.011,VALID,0.005,VALID,0.022,VALID,-0.013,VALID,0.0,VALID,0.19,INVALID,0.0,VALID,0.19,VALID - DEFAULT VALUE,147.368,
9/4/15 5:00:02 AM,VALID,14.5,VALID,14.405,VALID,14.5,VALID,14.3,VALID,90.8,VALID,91.392,VALID,92.0,VALID,90.4,VALID,13.013,VALID,13.019,VALID,13.131,VALID,12.847,VALID,791.0,VALID,791.152,VALID,791.3,VALID,791.0,VALID,0.001,VALID,0.001,VALID,0.036,VALID,-0.025,VALID,0.0,VALID,0.0,INVALID,0.0,VALID,0.0,VALID - DEFAULT VALUE,147.35,
9/4/15 6:00:03 AM,VALID,14.3,VALID,14.368,VALID,14.5,VALID,14.3,VALID,91.7,VALID,91.47,VALID,92.6,VALID,90.5,VALID,12.967,VALID,12.995,VALID,13.166,VALID,12.864,VALID,791.0,VALID,791.01,VALID,791.1,VALID,790.9,VALID,0.025,VALID,0.011,VALID,0.04,VALID,-0.014,VALID,0.0,VALID,0.0,INVALID,0.0,VALID,0.0,VALID - DEFAULT VALUE,147.357,
9/4/15 7:00:02 AM,VALID,14.4,VALID,14.292,VALID,14.4,VALID,14.2,VALID,91.0,VALID,91.762,VALID,92.9,VALID,91.0,VALID,12.948,VALID,12.968,VALID,13.116,VALID,12.866,VALID,791.4,VALID,791.245,VALID,791.4,VALID,791.0,VALID,0.017,VALID,0.003,VALID,0.029,VALID,-0.021,VALID,0.0,VALID,0.0,INVALID,0.0,VALID,0.0,VALID - DEFAULT VALUE,147.34,
9/4/15 8:00:02 AM,VALID,14.8,VALID,14.577,VALID,14.8,VALID,14.4,VALID,88.7,VALID,89.9,VALID,91.3,VALID,88.2,VALID,12.951,VALID,12.936,VALID,13.028,VALID,12.766,VALID,791.7,VALID,791.545,VALID,791.8,VALID,791.3,VALID,66.962,VALID,15.581,VALID,66.962,VALID,0.019,VALID,0.0,VALID,0.06,INVALID,0.0,VALID,0.06,VALID - DEFAULT VALUE,147.327,
9/4/15 9:00:02 AM,VALID,15.9,VALID,15.277,VALID,15.9,VALID,14.8,VALID,83.5,VALID,86.74,VALID,89.4,VALID,82.9,VALID,13.106,VALID,13.076,VALID,13.434,VALID,12.852,VALID,792.0,VALID,791.785,VALID,792.0,VALID,791.7,VALID,287.678,VALID,137.314,VALID,288.002,VALID,57.078,VALID,0.0,VALID,0.0,INVALID,0.0,VALID,0.0,VALID - DEFAULT VALUE,147.302,
9/4/15 10:00:03 AM,VALID,16.9,VALID,16.398,VALID,17.0,VALID,15.9,VALID,78.4,VALID,80.998,VALID,83.4,VALID,76.7,VALID,13.115,VALID,13.125,VALID,13.749,VALID,12.874,VALID,792.5,VALID,792.348,VALID,792.5,VALID,792.0,VALID,626.953,VALID,244.124,VALID,626.953,VALID,132.65,VALID,0.0,VALID,0.0,INVALID,0.0,VALID,0.0,VALID - DEFAULT VALUE,147.337,
9/4/15 11:00:03 AM,VALID,18.0,VALID,17.782,VALID,18.5,VALID,17.0,VALID,67.1,VALID,71.813,VALID,79.6,VALID,64.8,VALID,11.8,VALID,12.602,VALID,13.543,VALID,11.557,VALID,792.6,VALID,792.573,VALID,792.7,VALID,792.5,VALID,788.859,VALID,504.133,VALID,865.034,VALID,165.4,VALID,0.0,VALID,0.0,INVALID,0.0,VALID,0.0,VALID - DEFAULT VALUE,147.29,
9/4/15 12:00:03 PM,VALID,20.1,VALID,19.412,VALID,20.1,VALID,18.2,VALID,53.8,VALID,59.693,VALID,67.0,VALID,53.8,VALID,10.442,VALID,11.346,VALID,11.989,VALID,10.405,VALID,792.2,VALID,792.485,VALID,792.6,VALID,792.2,VALID,957.442,VALID,894.237,VALID,967.726,VALID,790.552,VALID,0.0,VALID,0.0,INVALID,0.0,VALID,0.0,VALID - DEFAULT VALUE,147.436,
9/4/15 1:00:03 PM,VALID,21.6,VALID,21.052,VALID,21.7,VALID,20.0,VALID,47.5,VALID,51.112,VALID,56.3,VALID,46.5,VALID,9.958,VALID,10.533,VALID,11.685,VALID,9.731,VALID,791.7,VALID,792.017,VALID,792.2,VALID,791.7,VALID,1007.09,VALID,1000.469,VALID,1057.539,VALID,948.629,VALID,0.0,VALID,0.0,INVALID,0.0,VALID,0.0,VALID - DEFAULT VALUE,147.629,
9/4/15 2:00:03 PM,VALID,22.6,VALID,22.155,VALID,23.4,VALID,21.5,VALID,45.5,VALID,46.623,VALID,49.7,VALID,43.6,VALID,10.225,VALID,10.178,VALID,10.762,VALID,9.589,VALID,790.9,VALID,791.433,VALID,791.7,VALID,790.9,VALID,1062.977,VALID,1006.083,VALID,1270.084,VALID,647.611,VALID,0.0,VALID,0.0,INVALID,0.0,VALID,0.0,VALID - DEFAULT VALUE,148.081,
9/4/15 3:00:03 PM,VALID,22.8,VALID,22.985,VALID,23.3,VALID,22.4,VALID,49.8,VALID,48.728,VALID,56.5,VALID,42.7,VALID,11.769,VALID,11.561,VALID,13.791,VALID,9.728,VALID,790.0,VALID,790.495,VALID,791.0,VALID,790.0,VALID,1032.229,VALID,808.18,VALID,1269.567,VALID,403.994,VALID,0.0,VALID,0.0,INVALID,0.0,VALID,0.0,VALID - DEFAULT VALUE,148.67,
9/4/15 4:00:02 PM,VALID,19.6,VALID,22.22,VALID,23.3,VALID,19.6,VALID,68.2,VALID,55.96,VALID,68.2,VALID,44.5,VALID,13.575,VALID,12.944,VALID,13.999,VALID,10.437,VALID,790.3,VALID,789.872,VALID,790.3,VALID,789.6,VALID,167.995,VALID,741.522,VALID,1201.682,VALID,108.239,VALID,0.0,VALID,0.0,INVALID,0.0,VALID,0.0,VALID - DEFAULT VALUE,149.494,
9/4/15 5:00:02 PM,VALID,18.2,VALID,18.448,VALID,19.4,VALID,18.2,VALID,67.6,VALID,69.865,VALID,71.2,VALID,67.1,VALID,12.104,VALID,12.842,VALID,13.541,VALID,11.991,VALID,790.5,VALID,790.482,VALID,790.5,VALID,790.4,VALID,51.33,VALID,85.856,VALID,166.335,VALID,51.33,VALID,0.0,VALID,0.0,INVALID,0.0,VALID,0.0,VALID - DEFAULT VALUE,149.904,
9/4/15 6:00:02 PM,VALID,17.8,VALID,17.922,VALID,18.4,VALID,17.5,VALID,73.2,VALID,74.502,VALID,78.7,VALID,68.1,VALID,12.934,VALID,13.308,VALID,13.805,VALID,12.216,VALID,790.1,VALID,790.243,VALID,790.5,VALID,790.0,VALID,76.392,VALID,61.017,VALID,78.533,VALID,49.216,VALID,0.0,VALID,0.0,INVALID,0.0,VALID,0.0,VALID - DEFAULT VALUE,150.292,
9/4/15 7:00:02 PM,VALID,18.0,VALID,17.998,VALID,18.3,VALID,17.7,VALID,69.1,VALID,70.478,VALID,73.2,VALID,67.5,VALID,12.247,VALID,12.542,VALID,12.934,VALID,12.177,VALID,790.5,VALID,790.197,VALID,790.6,VALID,790.0,VALID,52.206,VALID,72.52,VALID,82.702,VALID,52.206,VALID,0.0,VALID,0.0,INVALID,0.0,VALID,0.0,VALID - DEFAULT VALUE,150.505,
9/4/15 8:00:02 PM,VALID,17.6,VALID,17.763,VALID,18.0,VALID,17.6,VALID,72.6,VALID,70.572,VALID,72.7,VALID,67.6,VALID,12.616,VALID,12.338,VALID,12.637,VALID,11.913,VALID,790.9,VALID,790.697,VALID,790.9,VALID,790.6,VALID,0.074,VALID,21.011,VALID,52.114,VALID,0.074,VALID,0.0,VALID,0.0,INVALID,0.0,VALID,0.0,VALID - DEFAULT VALUE,150.701,
9/4/15 9:00:03 PM,VALID,17.7,VALID,17.865,VALID,18.1,VALID,17.6,VALID,74.8,VALID,71.93,VALID,74.8,VALID,69.6,VALID,13.169,VALID,12.727,VALID,13.266,VALID,12.356,VALID,791.6,VALID,791.225,VALID,791.7,VALID,790.9,VALID,0.002,VALID,0.011,VALID,0.068,VALID,-0.016,VALID,0.0,VALID,0.0,INVALID,0.0,VALID,0.0,VALID - DEFAULT VALUE,150.81,
9/4/15 10:00:03 PM,VALID,16.5,VALID,17.057,VALID,17.7,VALID,16.5,VALID,81.8,VALID,78.833,VALID,81.8,VALID,75.1,VALID,13.377,VALID,13.346,VALID,13.553,VALID,13.211,VALID,792.3,VALID,791.88,VALID,792.3,VALID,791.6,VALID,0.013,VALID,0.007,VALID,0.027,VALID,-0.01,VALID,0.0,VALID,0.0,INVALID,0.0,VALID,0.0,VALID - DEFAULT VALUE,150.973,
9/4/15 11:00:03 PM,VALID,15.9,VALID,16.197,VALID,16.5,VALID,15.9,VALID,83.9,VALID,82.603,VALID,84.0,VALID,81.8,VALID,13.18,VALID,13.23,VALID,13.377,VALID,13.131,VALID,792.5,VALID,792.53,VALID,792.7,VALID,792.3,VALID,0.006,VALID,-0.001,VALID,0.022,VALID,-0.022,VALID,0.0,VALID,0.0,INVALID,0.0,VALID,0.0,VALID - DEFAULT VALUE,150.996,
