,,WXT510_1,,TA_Stat1h,,TA_Stat1h,,TA_Stat1h,,WXT510_1,,RH_Stat1h,,RH_Stat1h,,RH_Stat1h,,DP_1m,,DP_Stat1h,,DP_Stat1h,,DP_Stat1h,,WXT510_1,,PA_Stat1h,,PA_Stat1h,,PA_Stat1h,,SR_1m,,SR_Stat1h,,SR_Stat1h,,SR_Stat1h,,WXT510_1,,PR_Slide_Sum,,PR_Sum1h,,PR_Sum1h,,Evaporation,
time,status,TA,status,Avg,status,Max,status,Min,status,RH,status,Avg,status,Max,status,Min,status,DP,status,Avg,status,Max,status,Min,status,PA,status,Avg,status,Max,status,Min,status,Avg,status,Avg,status,Max,status,Min,status,Rain_amount,status,PR_Slide_Sum1h,status,PR_Sum1h_CurrHour,status,PR_Sum1h_PrevHour,status,value,
9/11/15 12:00:03 AM,VALID,15.9,VALID,16.182,VALID,16.3,VALID,15.9,VALID,81.2,VALID,79.545,VALID,81.2,VALID,77.9,VALID,12.679,VALID,12.638,VALID,12.782,VALID,12.435,VALID,793.5,VALID,793.483,VALID,793.6,VALID,793.3,VALID,0.023,VALID,0.003,VALID,0.031,VALID,-0.033,VALID,0.0,VALID,0.0,INVALID,0.0,VALID,0.0,VALID - DEFAULT VALUE,166.791,
9/11/15 1:00:03 AM,VALID,16.2,VALID,15.978,VALID,16.3,VALID,15.7,VALID,77.3,VALID,79.727,VALID,81.9,VALID,76.7,VALID,12.22,VALID,12.472,VALID,12.773,VALID,12.102,VALID,793.3,VALID,793.48,VALID,793.6,VALID,793.3,VALID,0.006,VALID,0.006,VALID,0.033,VALID,-0.025,VALID,0.0,VALID,0.0,INVALID,0.0,VALID,0.0,VALID - DEFAULT VALUE,166.791,
9/11/15 2:00:02 AM,VALID,16.3,VALID,16.29,VALID,16.4,VALID,16.2,VALID,74.8,VALID,76.573,VALID,77.8,VALID,74.7,VALID,11.817,VALID,12.163,VALID,12.415,VALID,11.797,VALID,792.9,VALID,793.152,VALID,793.3,VALID,792.9,VALID,0.028,VALID,0.011,VALID,0.034,VALID,-0.016,VALID,0.0,VALID,0.0,INVALID,0.0,VALID,0.0,VALID - DEFAULT VALUE,166.811,
9/11/15 3:00:02 AM,VALID,15.9,VALID,16.272,VALID,16.5,VALID,15.9,VALID,80.4,VALID,75.958,VALID,80.4,VALID,71.8,VALID,12.528,VALID,12.017,VALID,12.528,VALID,11.294,VALID,792.5,VALID,792.765,VALID,793.0,VALID,792.5,VALID,-0.012,VALID,0.01,VALID,0.038,VALID,-0.019,VALID,0.0,VALID,0.0,INVALID,0.0,VALID,0.0,VALID - DEFAULT VALUE,166.85,
9/11/15 4:00:03 AM,VALID,14.9,VALID,15.283,VALID,15.8,VALID,14.9,VALID,85.4,VALID,83.313,VALID,86.1,VALID,80.5,VALID,12.47,VALID,12.465,VALID,12.697,VALID,12.293,VALID,792.0,VALID,792.3,VALID,792.5,VALID,792.0,VALID,0.022,VALID,0.003,VALID,0.032,VALID,-0.02,VALID,0.0,VALID,0.0,INVALID,0.0,VALID,0.0,VALID - DEFAULT VALUE,166.887,
9/11/15 5:00:03 AM,VALID,14.3,VALID,14.668,VALID,14.9,VALID,14.3,VALID,85.6,VALID,86.81,VALID,88.0,VALID,84.8,VALID,11.917,VALID,12.492,VALID,12.732,VALID,11.917,VALID,791.9,VALID,791.932,VALID,792.0,VALID,791.8,VALID,0.012,VALID,0.005,VALID,0.037,VALID,-0.042,VALID,0.0,VALID,0.0,INVALID,0.0,VALID,0.0,VALID - DEFAULT VALUE,166.929,
9/11/15 6:00:03 AM,VALID,13.9,VALID,14.098,VALID,14.3,VALID,13.9,VALID,85.0,VALID,84.788,VALID,85.8,VALID,83.4,VALID,11.418,VALID,11.574,VALID,11.953,VALID,11.327,VALID,791.7,VALID,791.747,VALID,791.9,VALID,791.6,VALID,0.012,VALID,0.011,VALID,0.027,VALID,-0.009,VALID,0.0,VALID,0.0,INVALID,0.0,VALID,0.0,VALID - DEFAULT VALUE,166.969,
9/11/15 7:00:03 AM,VALID,13.5,VALID,13.623,VALID,13.9,VALID,13.4,VALID,86.5,VALID,86.217,VALID,87.1,VALID,85.0,VALID,11.29,VALID,11.361,VALID,11.489,VALID,11.237,VALID,792.3,VALID,792.072,VALID,792.3,VALID,791.7,VALID,0.063,VALID,0.022,VALID,0.063,VALID,-0.013,VALID,0.0,VALID,0.0,INVALID,0.0,VALID,0.0,VALID - DEFAULT VALUE,166.988,
9/11/15 8:00:03 AM,VALID,13.5,VALID,13.337,VALID,13.5,VALID,13.2,VALID,81.7,VALID,84.525,VALID,86.5,VALID,81.7,VALID,10.43,VALID,10.78,VALID,11.29,VALID,10.43,VALID,792.7,VALID,792.692,VALID,792.9,VALID,792.4,VALID,101.125,VALID,30.442,VALID,101.125,VALID,0.063,VALID,0.0,VALID,0.0,INVALID,0.0,VALID,0.0,VALID - DEFAULT VALUE,166.97,
9/11/15 9:00:02 AM,VALID,15.0,VALID,14.18,VALID,15.0,VALID,13.5,VALID,76.6,VALID,79.122,VALID,81.1,VALID,76.4,VALID,10.92,VALID,10.607,VALID,10.939,VALID,10.19,VALID,793.0,VALID,792.94,VALID,793.1,VALID,792.7,VALID,289.663,VALID,194.191,VALID,289.663,VALID,101.627,VALID,0.0,VALID,0.03,INVALID,0.0,VALID,0.03,VALID - DEFAULT VALUE,167.08,
9/11/15 10:00:02 AM,VALID,17.3,VALID,16.48,VALID,17.6,VALID,15.0,VALID,68.5,VALID,72.075,VALID,77.1,VALID,67.7,VALID,11.445,VALID,11.416,VALID,11.856,VALID,10.959,VALID,793.4,VALID,793.157,VALID,793.4,VALID,793.0,VALID,548.849,VALID,426.256,VALID,548.849,VALID,290.382,VALID,0.0,VALID,0.0,INVALID,0.0,VALID,0.0,VALID - DEFAULT VALUE,167.119,
9/11/15 11:00:02 AM,VALID,20.5,VALID,18.818,VALID,20.5,VALID,17.4,VALID,57.2,VALID,62.637,VALID,68.3,VALID,56.3,VALID,11.739,VALID,11.507,VALID,11.817,VALID,11.159,VALID,793.4,VALID,793.42,VALID,793.5,VALID,793.3,VALID,735.341,VALID,654.019,VALID,735.341,VALID,549.297,VALID,0.0,VALID,0.0,INVALID,0.0,VALID,0.0,VALID - DEFAULT VALUE,167.151,
9/11/15 12:00:02 PM,VALID,21.4,VALID,20.903,VALID,21.4,VALID,20.5,VALID,47.9,VALID,50.227,VALID,56.0,VALID,44.7,VALID,9.9,VALID,10.13,VALID,11.511,VALID,8.871,VALID,793.2,VALID,793.292,VALID,793.4,VALID,793.1,VALID,917.357,VALID,833.509,VALID,923.427,VALID,735.738,VALID,0.0,VALID,0.0,INVALID,0.0,VALID,0.0,VALID - DEFAULT VALUE,167.321,
9/11/15 1:00:02 PM,VALID,22.4,VALID,21.885,VALID,22.4,VALID,21.4,VALID,49.5,VALID,47.887,VALID,50.6,VALID,43.1,VALID,11.31,VALID,10.329,VALID,11.551,VALID,8.547,VALID,792.5,VALID,792.872,VALID,793.2,VALID,792.5,VALID,1061.291,VALID,939.399,VALID,1106.619,VALID,495.001,VALID,0.0,VALID,0.0,INVALID,0.0,VALID,0.0,VALID - DEFAULT VALUE,167.632,
9/11/15 2:00:03 PM,VALID,22.8,VALID,22.49,VALID,23.2,VALID,22.1,VALID,48.0,VALID,49.448,VALID,51.8,VALID,46.1,VALID,11.212,VALID,11.369,VALID,12.006,VALID,10.604,VALID,792.0,VALID,792.207,VALID,792.5,VALID,791.9,VALID,1079.425,VALID,666.89,VALID,1247.137,VALID,233.309,VALID,0.0,VALID,0.0,INVALID,0.0,VALID,0.0,VALID - DEFAULT VALUE,168.102,
9/11/15 3:00:03 PM,VALID,22.8,VALID,22.792,VALID,23.8,VALID,22.2,VALID,46.4,VALID,47.87,VALID,50.7,VALID,44.3,VALID,10.701,VALID,11.154,VALID,11.677,VALID,10.48,VALID,791.3,VALID,791.655,VALID,791.9,VALID,791.3,VALID,231.939,VALID,792.779,VALID,1261.003,VALID,230.92,VALID,0.0,VALID,0.0,INVALID,0.0,VALID,0.0,VALID - DEFAULT VALUE,168.701,
9/11/15 4:00:03 PM,VALID,23.3,VALID,22.77,VALID,23.3,VALID,22.4,VALID,48.3,VALID,49.432,VALID,52.0,VALID,47.0,VALID,11.764,VALID,11.626,VALID,12.149,VALID,10.803,VALID,790.5,VALID,790.923,VALID,791.3,VALID,790.5,VALID,941.923,VALID,689.907,VALID,1127.487,VALID,221.283,VALID,0.0,VALID,0.0,INVALID,0.0,VALID,0.0,VALID - DEFAULT VALUE,169.21,
9/11/15 5:00:03 PM,VALID,23.5,VALID,23.31,VALID,23.6,VALID,23.0,VALID,44.3,VALID,46.01,VALID,48.1,VALID,43.6,VALID,10.641,VALID,11.036,VALID,11.518,VALID,10.402,VALID,789.9,VALID,790.063,VALID,790.5,VALID,789.9,VALID,618.759,VALID,732.306,VALID,959.002,VALID,603.404,VALID,0.0,VALID,0.0,INVALID,0.0,VALID,0.0,VALID - DEFAULT VALUE,169.834,
9/11/15 6:00:03 PM,VALID,23.5,VALID,23.422,VALID,24.0,VALID,22.8,VALID,42.2,VALID,44.098,VALID,46.2,VALID,41.0,VALID,9.913,VALID,10.494,VALID,11.117,VALID,9.753,VALID,789.8,VALID,789.787,VALID,789.9,VALID,789.7,VALID,216.366,VALID,523.676,VALID,618.763,VALID,199.525,VALID,0.0,VALID,0.0,INVALID,0.0,VALID,0.0,VALID - DEFAULT VALUE,170.474,
9/11/15 7:00:03 PM,VALID,22.6,VALID,22.672,VALID,23.4,VALID,22.3,VALID,44.9,VALID,43.962,VALID,45.3,VALID,41.8,VALID,10.026,VALID,9.774,VALID,10.141,VALID,9.36,VALID,790.1,VALID,789.943,VALID,790.1,VALID,789.7,VALID,161.927,VALID,254.337,VALID,411.505,VALID,161.927,VALID,0.0,VALID,0.0,INVALID,0.0,VALID,0.0,VALID - DEFAULT VALUE,171.129,
9/11/15 8:00:02 PM,VALID,19.8,VALID,21.005,VALID,22.5,VALID,19.8,VALID,67.9,VALID,56.812,VALID,68.2,VALID,43.5,VALID,13.698,VALID,11.905,VALID,13.897,VALID,9.214,VALID,791.1,VALID,790.6,VALID,791.1,VALID,790.1,VALID,0.034,VALID,33.052,VALID,160.524,VALID,0.034,VALID,0.0,VALID,0.0,INVALID,0.0,VALID,0.0,VALID - DEFAULT VALUE,171.578,
9/11/15 9:00:02 PM,VALID,18.1,VALID,18.942,VALID,19.8,VALID,18.1,VALID,76.8,VALID,72.168,VALID,79.6,VALID,66.7,VALID,13.962,VALID,13.784,VALID,14.552,VALID,13.043,VALID,791.7,VALID,791.363,VALID,791.7,VALID,791.1,VALID,0.015,VALID,0.007,VALID,0.039,VALID,-0.027,VALID,0.0,VALID,0.21,INVALID,0.0,VALID,0.21,VALID - DEFAULT VALUE,171.554,
9/11/15 10:00:02 PM,VALID,17.4,VALID,17.752,VALID,18.1,VALID,17.3,VALID,81.0,VALID,78.835,VALID,82.1,VALID,75.1,VALID,14.104,VALID,14.02,VALID,14.353,VALID,13.561,VALID,793.3,VALID,792.512,VALID,793.3,VALID,791.7,VALID,0.014,VALID,0.019,VALID,0.071,VALID,-0.023,VALID,0.0,VALID,0.0,INVALID,0.0,VALID,0.0,VALID - DEFAULT VALUE,171.69,
9/11/15 11:00:02 PM,VALID,16.6,VALID,16.905,VALID,17.5,VALID,16.6,VALID,86.1,VALID,86.063,VALID,89.6,VALID,81.0,VALID,14.265,VALID,14.553,VALID,14.887,VALID,14.104,VALID,793.2,VALID,793.285,VALID,793.4,VALID,793.1,VALID,0.011,VALID,0.007,VALID,0.048,VALID,-0.022,VALID,0.0,VALID,0.79,INVALID,0.0,VALID,0.79,VALID - DEFAULT VALUE,171.261,
