,,WXT510_1,,TA_Stat1h,,TA_Stat1h,,TA_Stat1h,,WXT510_1,,RH_Stat1h,,RH_Stat1h,,RH_Stat1h,,DP_1m,,DP_Stat1h,,DP_Stat1h,,DP_Stat1h,,WXT510_1,,PA_Stat1h,,PA_Stat1h,,PA_Stat1h,,SR_1m,,SR_Stat1h,,SR_Stat1h,,SR_Stat1h,,WXT510_1,,PR_Slide_Sum,,PR_Sum1h,,PR_Sum1h,,Evaporation,
time,status,TA,status,Avg,status,Max,status,Min,status,RH,status,Avg,status,Max,status,Min,status,DP,status,Avg,status,Max,status,Min,status,PA,status,Avg,status,Max,status,Min,status,Avg,status,Avg,status,Max,status,Min,status,Rain_amount,status,PR_Slide_Sum1h,status,PR_Sum1h_CurrHour,status,PR_Sum1h_PrevHour,status,value,
8/18/15 12:00:02 AM,VALID,14.7,VALID,14.668,VALID,14.8,VALID,14.6,VALID,84.1,VALID,85.863,VALID,87.0,VALID,83.8,VALID,12.041,VALID,12.325,VALID,12.497,VALID,11.986,VALID,793.7,VALID,793.715,VALID,793.8,VALID,793.6,VALID,-0.005,VALID,0.003,VALID,0.032,VALID,-0.019,VALID,0.0,VALID,0.0,INVALID,0.0,VALID,0.0,VALID - DEFAULT VALUE,170.451,
8/18/15 1:00:02 AM,VALID,14.7,VALID,14.753,VALID,14.8,VALID,14.7,VALID,84.6,VALID,83.73,VALID,84.7,VALID,82.9,VALID,12.131,VALID,12.026,VALID,12.247,VALID,11.823,VALID,793.6,VALID,793.79,VALID,794.0,VALID,793.6,VALID,-0.007,VALID,0.004,VALID,0.042,VALID,-0.035,VALID,0.0,VALID,0.0,INVALID,0.0,VALID,0.0,VALID - DEFAULT VALUE,170.449,
8/18/15 2:00:02 AM,VALID,14.6,VALID,14.555,VALID,14.7,VALID,14.5,VALID,85.6,VALID,85.188,VALID,86.9,VALID,84.0,VALID,12.212,VALID,12.094,VALID,12.424,VALID,11.881,VALID,793.4,VALID,793.457,VALID,793.6,VALID,793.3,VALID,0.023,VALID,-0.002,VALID,0.028,VALID,-0.026,VALID,0.0,VALID,0.0,INVALID,0.0,VALID,0.0,VALID - DEFAULT VALUE,170.426,
8/18/15 3:00:02 AM,VALID,14.6,VALID,14.605,VALID,14.9,VALID,14.3,VALID,88.6,VALID,86.127,VALID,88.6,VALID,83.3,VALID,12.737,VALID,12.307,VALID,12.784,VALID,11.95,VALID,793.0,VALID,793.212,VALID,793.5,VALID,793.0,VALID,-0.02,VALID,0.009,VALID,0.03,VALID,-0.021,VALID,0.0,VALID,0.0,INVALID,0.0,VALID,0.0,VALID - DEFAULT VALUE,170.41,
8/18/15 4:00:03 AM,VALID,14.8,VALID,14.635,VALID,14.8,VALID,14.5,VALID,81.6,VALID,85.687,VALID,88.7,VALID,80.8,VALID,11.681,VALID,12.255,VALID,12.72,VALID,11.531,VALID,792.5,VALID,792.768,VALID,793.0,VALID,792.5,VALID,-0.009,VALID,0.002,VALID,0.032,VALID,-0.023,VALID,0.0,VALID,0.0,INVALID,0.0,VALID,0.0,VALID - DEFAULT VALUE,170.414,
8/18/15 5:00:03 AM,VALID,14.5,VALID,14.65,VALID,14.7,VALID,14.5,VALID,83.6,VALID,82.432,VALID,84.7,VALID,81.1,VALID,11.754,VALID,11.687,VALID,12.051,VALID,11.49,VALID,792.5,VALID,792.443,VALID,792.5,VALID,792.4,VALID,0.031,VALID,-0.002,VALID,0.035,VALID,-0.037,VALID,0.0,VALID,0.0,INVALID,0.0,VALID,0.0,VALID - DEFAULT VALUE,170.411,
8/18/15 6:00:03 AM,VALID,14.7,VALID,14.633,VALID,14.7,VALID,14.5,VALID,83.1,VALID,83.032,VALID,83.9,VALID,81.8,VALID,11.859,VALID,11.781,VALID,11.932,VALID,11.62,VALID,792.8,VALID,792.587,VALID,792.8,VALID,792.4,VALID,-0.004,VALID,0.011,VALID,0.035,VALID,-0.012,VALID,0.0,VALID,0.0,INVALID,0.0,VALID,0.0,VALID - DEFAULT VALUE,170.414,
8/18/15 7:00:03 AM,VALID,14.5,VALID,14.533,VALID,14.7,VALID,14.5,VALID,86.3,VALID,85.307,VALID,87.0,VALID,83.2,VALID,12.237,VALID,12.093,VALID,12.36,VALID,11.87,VALID,793.0,VALID,792.812,VALID,793.0,VALID,792.7,VALID,0.054,VALID,0.015,VALID,0.055,VALID,-0.015,VALID,0.0,VALID,0.0,INVALID,0.0,VALID,0.0,VALID - DEFAULT VALUE,170.412,
8/18/15 8:00:03 AM,VALID,14.6,VALID,14.5,VALID,14.6,VALID,14.4,VALID,88.9,VALID,87.688,VALID,88.9,VALID,86.3,VALID,12.789,VALID,12.48,VALID,12.789,VALID,12.237,VALID,793.7,VALID,793.37,VALID,793.7,VALID,793.0,VALID,17.574,VALID,8.086,VALID,22.186,VALID,0.054,VALID,0.0,VALID,0.08,INVALID,0.0,VALID,0.08,VALID - DEFAULT VALUE,170.343,
8/18/15 9:00:03 AM,VALID,14.6,VALID,14.473,VALID,14.6,VALID,14.4,VALID,89.3,VALID,88.503,VALID,89.3,VALID,87.5,VALID,12.857,VALID,12.595,VALID,12.857,VALID,12.349,VALID,794.0,VALID,793.903,VALID,794.1,VALID,793.6,VALID,70.522,VALID,41.107,VALID,70.522,VALID,17.424,VALID,0.0,VALID,0.2,INVALID,0.0,VALID,0.2,VALID - DEFAULT VALUE,170.164,
8/18/15 10:00:02 AM,VALID,16.3,VALID,15.208,VALID,16.3,VALID,14.6,VALID,80.2,VALID,85.978,VALID,89.6,VALID,80.1,VALID,12.879,VALID,12.866,VALID,13.212,VALID,12.341,VALID,794.1,VALID,794.08,VALID,794.2,VALID,794.0,VALID,197.205,VALID,209.0,VALID,339.79,VALID,70.826,VALID,0.0,VALID,0.18,INVALID,0.0,VALID,0.18,VALID - DEFAULT VALUE,169.987,
8/18/15 11:00:02 AM,VALID,17.4,VALID,16.84,VALID,17.5,VALID,16.3,VALID,73.7,VALID,75.74,VALID,82.3,VALID,69.4,VALID,12.653,VALID,12.518,VALID,13.275,VALID,11.834,VALID,793.9,VALID,793.947,VALID,794.1,VALID,793.8,VALID,479.989,VALID,374.255,VALID,1114.323,VALID,141.048,VALID,0.0,VALID,0.0,INVALID,0.0,VALID,0.0,VALID - DEFAULT VALUE,169.905,
8/18/15 12:00:02 PM,VALID,18.9,VALID,18.21,VALID,19.0,VALID,17.5,VALID,64.2,VALID,68.797,VALID,73.8,VALID,62.8,VALID,11.985,VALID,12.372,VALID,13.064,VALID,11.416,VALID,793.8,VALID,793.905,VALID,794.0,VALID,793.8,VALID,454.579,VALID,520.587,VALID,1197.564,VALID,210.944,VALID,0.0,VALID,0.0,INVALID,0.0,VALID,0.0,VALID - DEFAULT VALUE,169.891,
8/18/15 1:00:02 PM,VALID,19.5,VALID,19.232,VALID,20.1,VALID,18.5,VALID,62.7,VALID,62.618,VALID,67.9,VALID,56.5,VALID,12.193,VALID,11.903,VALID,12.839,VALID,11.086,VALID,793.4,VALID,793.633,VALID,793.8,VALID,793.4,VALID,287.151,VALID,668.263,VALID,1351.599,VALID,282.926,VALID,0.0,VALID,0.0,INVALID,0.0,VALID,0.0,VALID - DEFAULT VALUE,170.099,
8/18/15 2:00:02 PM,VALID,20.1,VALID,19.863,VALID,20.2,VALID,19.5,VALID,59.9,VALID,61.923,VALID,64.6,VALID,58.9,VALID,12.064,VALID,12.343,VALID,12.838,VALID,11.416,VALID,792.8,VALID,793.142,VALID,793.4,VALID,792.8,VALID,409.095,VALID,424.03,VALID,1365.431,VALID,217.608,VALID,0.0,VALID,0.0,INVALID,0.0,VALID,0.0,VALID - DEFAULT VALUE,170.41,
8/18/15 3:00:02 PM,VALID,20.8,VALID,20.453,VALID,21.1,VALID,19.8,VALID,56.6,VALID,59.095,VALID,61.9,VALID,55.1,VALID,11.859,VALID,12.183,VALID,12.841,VALID,11.359,VALID,792.1,VALID,792.42,VALID,792.8,VALID,792.1,VALID,593.12,VALID,550.133,VALID,1367.043,VALID,314.808,VALID,0.0,VALID,0.0,INVALID,0.0,VALID,0.0,VALID - DEFAULT VALUE,170.773,
8/18/15 4:00:03 PM,VALID,21.6,VALID,21.253,VALID,21.9,VALID,20.9,VALID,54.6,VALID,54.447,VALID,56.5,VALID,51.6,VALID,12.058,VALID,11.69,VALID,12.311,VALID,10.85,VALID,791.3,VALID,791.688,VALID,792.1,VALID,791.2,VALID,963.093,VALID,859.108,VALID,1183.835,VALID,325.143,VALID,0.0,VALID,0.0,INVALID,0.0,VALID,0.0,VALID - DEFAULT VALUE,171.15,
8/18/15 5:00:03 PM,VALID,21.8,VALID,21.778,VALID,22.2,VALID,21.4,VALID,51.4,VALID,53.098,VALID,56.5,VALID,49.8,VALID,11.327,VALID,11.794,VALID,12.618,VALID,10.942,VALID,790.7,VALID,790.958,VALID,791.3,VALID,790.7,VALID,357.163,VALID,617.35,VALID,983.111,VALID,137.935,VALID,0.0,VALID,0.0,INVALID,0.0,VALID,0.0,VALID - DEFAULT VALUE,171.595,
8/18/15 6:00:03 PM,VALID,21.4,VALID,21.577,VALID,22.1,VALID,21.2,VALID,54.2,VALID,52.293,VALID,54.7,VALID,48.4,VALID,11.76,VALID,11.374,VALID,11.816,VALID,10.239,VALID,790.5,VALID,790.572,VALID,790.7,VALID,790.4,VALID,67.696,VALID,389.648,VALID,743.84,VALID,67.472,VALID,0.0,VALID,0.0,INVALID,0.0,VALID,0.0,VALID - DEFAULT VALUE,172.114,
8/18/15 7:00:03 PM,VALID,21.5,VALID,21.45,VALID,21.8,VALID,21.1,VALID,53.6,VALID,54.29,VALID,55.4,VALID,53.1,VALID,11.684,VALID,11.831,VALID,12.186,VALID,11.442,VALID,790.6,VALID,790.512,VALID,790.6,VALID,790.4,VALID,246.174,VALID,249.873,VALID,440.595,VALID,62.991,VALID,0.0,VALID,0.0,INVALID,0.0,VALID,0.0,VALID - DEFAULT VALUE,172.508,
8/18/15 8:00:03 PM,VALID,19.9,VALID,20.733,VALID,21.5,VALID,19.9,VALID,59.0,VALID,55.16,VALID,59.0,VALID,51.6,VALID,11.647,VALID,11.394,VALID,11.741,VALID,10.925,VALID,791.1,VALID,790.852,VALID,791.1,VALID,790.6,VALID,2.26,VALID,79.967,VALID,244.9,VALID,2.26,VALID,0.0,VALID,0.0,INVALID,0.0,VALID,0.0,VALID - DEFAULT VALUE,172.811,
8/18/15 9:00:02 PM,VALID,18.9,VALID,19.41,VALID,19.8,VALID,18.9,VALID,60.4,VALID,59.917,VALID,60.4,VALID,59.0,VALID,11.061,VALID,11.419,VALID,11.739,VALID,10.986,VALID,791.6,VALID,791.292,VALID,791.6,VALID,791.1,VALID,0.014,VALID,0.25,VALID,2.202,VALID,-0.004,VALID,0.0,VALID,0.0,INVALID,0.0,VALID,0.0,VALID - DEFAULT VALUE,173.02,
8/18/15 10:00:02 PM,VALID,18.2,VALID,18.463,VALID,18.9,VALID,18.1,VALID,65.3,VALID,62.318,VALID,65.3,VALID,60.2,VALID,11.578,VALID,11.116,VALID,11.578,VALID,10.883,VALID,792.0,VALID,791.822,VALID,792.0,VALID,791.6,VALID,0.01,VALID,0.006,VALID,0.036,VALID,-0.035,VALID,0.0,VALID,0.0,INVALID,0.0,VALID,0.0,VALID - DEFAULT VALUE,173.076,
8/18/15 11:00:02 PM,VALID,17.9,VALID,17.96,VALID,18.2,VALID,17.8,VALID,66.4,VALID,66.807,VALID,67.8,VALID,65.5,VALID,11.546,VALID,11.695,VALID,11.868,VALID,11.523,VALID,792.6,VALID,792.335,VALID,792.6,VALID,792.0,VALID,-0.003,VALID,0.008,VALID,0.035,VALID,-0.022,VALID,0.0,VALID,0.0,INVALID,0.0,VALID,0.0,VALID - DEFAULT VALUE,173.166,
