,,WXT510_1,,TA_Stat1h,,TA_Stat1h,,TA_Stat1h,,WXT510_1,,RH_Stat1h,,RH_Stat1h,,RH_Stat1h,,DP_1m,,DP_Stat1h,,DP_Stat1h,,DP_Stat1h,,WXT510_1,,PA_Stat1h,,PA_Stat1h,,PA_Stat1h,,SR_1m,,SR_Stat1h,,SR_Stat1h,,SR_Stat1h,,WXT510_1,,PR_Slide_Sum,,PR_Sum1h,,PR_Sum1h,,Evaporation,
time,status,TA,status,Avg,status,Max,status,Min,status,RH,status,Avg,status,Max,status,Min,status,DP,status,Avg,status,Max,status,Min,status,PA,status,Avg,status,Max,status,Min,status,Avg,status,Avg,status,Max,status,Min,status,Rain_amount,status,PR_Slide_Sum1h,status,PR_Sum1h_CurrHour,status,PR_Sum1h_PrevHour,status,value,
9/5/15 12:00:03 AM,VALID,15.7,VALID,15.792,VALID,15.9,VALID,15.7,VALID,84.5,VALID,84.398,VALID,85.1,VALID,83.9,VALID,13.093,VALID,13.164,VALID,13.299,VALID,13.057,VALID,792.8,VALID,792.667,VALID,792.8,VALID,792.5,VALID,0.006,VALID,0.008,VALID,0.036,VALID,-0.018,VALID,0.0,VALID,0.0,INVALID,0.0,VALID,0.0,VALID - DEFAULT VALUE,151.043,
9/5/15 1:00:03 AM,VALID,16.0,VALID,15.66,VALID,16.0,VALID,15.5,VALID,77.3,VALID,82.798,VALID,85.2,VALID,76.6,VALID,12.026,VALID,12.736,VALID,13.075,VALID,11.791,VALID,792.5,VALID,792.587,VALID,792.8,VALID,792.4,VALID,0.008,VALID,0.014,VALID,0.037,VALID,-0.008,VALID,0.0,VALID,0.0,INVALID,0.0,VALID,0.0,VALID - DEFAULT VALUE,151.029,
9/5/15 2:00:03 AM,VALID,15.0,VALID,15.28,VALID,16.0,VALID,15.0,VALID,85.2,VALID,84.143,VALID,85.2,VALID,78.0,VALID,12.533,VALID,12.615,VALID,12.898,VALID,12.163,VALID,792.3,VALID,792.475,VALID,792.6,VALID,792.3,VALID,0.012,VALID,0.0,VALID,0.024,VALID,-0.022,VALID,0.0,VALID,0.0,INVALID,0.0,VALID,0.0,VALID - DEFAULT VALUE,151.115,
9/5/15 3:00:02 AM,VALID,14.4,VALID,14.757,VALID,15.0,VALID,14.4,VALID,88.0,VALID,86.03,VALID,88.0,VALID,84.6,VALID,12.436,VALID,12.44,VALID,12.586,VALID,12.3,VALID,792.1,VALID,792.178,VALID,792.3,VALID,792.1,VALID,-0.002,VALID,0.002,VALID,0.029,VALID,-0.025,VALID,0.0,VALID,0.0,INVALID,0.0,VALID,0.0,VALID - DEFAULT VALUE,151.094,
9/5/15 4:00:02 AM,VALID,13.8,VALID,13.978,VALID,14.4,VALID,13.8,VALID,89.4,VALID,88.953,VALID,89.6,VALID,88.0,VALID,12.085,VALID,12.185,VALID,12.436,VALID,11.966,VALID,791.9,VALID,792.062,VALID,792.2,VALID,791.9,VALID,0.031,VALID,0.007,VALID,0.038,VALID,-0.018,VALID,0.0,VALID,0.0,INVALID,0.0,VALID,0.0,VALID - DEFAULT VALUE,151.139,
9/5/15 5:00:02 AM,VALID,13.9,VALID,13.643,VALID,14.0,VALID,13.3,VALID,85.6,VALID,89.163,VALID,92.0,VALID,84.8,VALID,11.524,VALID,11.885,VALID,12.175,VALID,11.418,VALID,792.0,VALID,792.072,VALID,792.2,VALID,791.9,VALID,0.002,VALID,0.007,VALID,0.041,VALID,-0.015,VALID,0.0,VALID,0.0,INVALID,0.0,VALID,0.0,VALID - DEFAULT VALUE,151.109,
9/5/15 6:00:02 AM,VALID,13.9,VALID,13.837,VALID,14.0,VALID,13.7,VALID,78.8,VALID,80.913,VALID,85.6,VALID,78.2,VALID,10.278,VALID,10.606,VALID,11.524,VALID,10.123,VALID,791.7,VALID,791.813,VALID,792.0,VALID,791.6,VALID,-0.005,VALID,0.012,VALID,0.036,VALID,-0.013,VALID,0.0,VALID,0.0,INVALID,0.0,VALID,0.0,VALID - DEFAULT VALUE,151.17,
9/5/15 7:00:02 AM,VALID,13.1,VALID,13.438,VALID,13.9,VALID,13.1,VALID,83.9,VALID,81.435,VALID,83.9,VALID,78.8,VALID,10.438,VALID,10.319,VALID,10.552,VALID,10.101,VALID,791.9,VALID,791.847,VALID,792.0,VALID,791.7,VALID,0.058,VALID,0.013,VALID,0.058,VALID,-0.017,VALID,0.0,VALID,0.0,INVALID,0.0,VALID,0.0,VALID - DEFAULT VALUE,151.181,
9/5/15 8:00:02 AM,VALID,12.4,VALID,12.438,VALID,13.1,VALID,12.1,VALID,86.5,VALID,87.808,VALID,89.3,VALID,84.5,VALID,10.209,VALID,10.47,VALID,10.701,VALID,10.209,VALID,792.3,VALID,792.128,VALID,792.3,VALID,791.9,VALID,93.136,VALID,24.265,VALID,94.98,VALID,0.059,VALID,0.0,VALID,0.03,INVALID,0.0,VALID,0.03,VALID - DEFAULT VALUE,151.253,
9/5/15 9:00:02 AM,VALID,14.2,VALID,13.242,VALID,14.2,VALID,12.5,VALID,76.3,VALID,82.038,VALID,86.3,VALID,76.3,VALID,10.086,VALID,10.233,VALID,10.612,VALID,9.849,VALID,792.6,VALID,792.435,VALID,792.7,VALID,792.2,VALID,301.663,VALID,187.697,VALID,301.663,VALID,80.924,VALID,0.0,VALID,0.0,INVALID,0.0,VALID,0.0,VALID - DEFAULT VALUE,151.28,
9/5/15 10:00:03 AM,VALID,16.6,VALID,15.595,VALID,16.6,VALID,14.2,VALID,67.8,VALID,70.625,VALID,76.7,VALID,67.3,VALID,10.622,VALID,10.258,VALID,10.622,VALID,9.948,VALID,792.9,VALID,792.742,VALID,792.9,VALID,792.6,VALID,498.796,VALID,392.378,VALID,507.232,VALID,286.439,VALID,0.0,VALID,0.0,INVALID,0.0,VALID,0.0,VALID - DEFAULT VALUE,151.359,
9/5/15 11:00:03 AM,VALID,19.0,VALID,18.095,VALID,19.5,VALID,16.7,VALID,58.6,VALID,62.365,VALID,67.5,VALID,55.9,VALID,10.7,VALID,10.756,VALID,11.108,VALID,10.272,VALID,793.0,VALID,792.898,VALID,793.0,VALID,792.8,VALID,794.408,VALID,640.166,VALID,795.244,VALID,479.403,VALID,0.0,VALID,0.0,INVALID,0.0,VALID,0.0,VALID - DEFAULT VALUE,151.416,
9/5/15 12:00:03 PM,VALID,21.4,VALID,20.862,VALID,21.8,VALID,19.2,VALID,46.6,VALID,49.788,VALID,58.2,VALID,45.7,VALID,9.489,VALID,9.947,VALID,11.019,VALID,9.056,VALID,792.9,VALID,792.945,VALID,793.0,VALID,792.8,VALID,965.349,VALID,799.991,VALID,979.022,VALID,387.503,VALID,0.0,VALID,0.0,INVALID,0.0,VALID,0.0,VALID - DEFAULT VALUE,151.605,
9/5/15 1:00:03 PM,VALID,22.3,VALID,21.747,VALID,22.3,VALID,21.1,VALID,46.3,VALID,45.947,VALID,48.3,VALID,43.1,VALID,10.213,VALID,9.589,VALID,10.383,VALID,8.879,VALID,792.3,VALID,792.6,VALID,792.9,VALID,792.3,VALID,608.159,VALID,993.037,VALID,1148.08,VALID,326.111,VALID,0.0,VALID,0.0,INVALID,0.0,VALID,0.0,VALID - DEFAULT VALUE,151.908,
9/5/15 2:00:03 PM,VALID,22.7,VALID,22.397,VALID,23.2,VALID,21.4,VALID,46.4,VALID,46.385,VALID,47.7,VALID,44.9,VALID,10.61,VALID,10.327,VALID,11.054,VALID,9.537,VALID,792.0,VALID,792.135,VALID,792.4,VALID,791.9,VALID,1292.319,VALID,819.726,VALID,1323.231,VALID,296.129,VALID,0.0,VALID,0.0,INVALID,0.0,VALID,0.0,VALID - DEFAULT VALUE,152.389,
9/5/15 3:00:02 PM,VALID,22.1,VALID,22.357,VALID,22.8,VALID,22.0,VALID,49.3,VALID,46.92,VALID,49.5,VALID,43.4,VALID,10.974,VALID,10.458,VALID,11.219,VALID,9.599,VALID,791.3,VALID,791.603,VALID,792.0,VALID,791.3,VALID,889.63,VALID,520.348,VALID,1307.281,VALID,138.141,VALID,0.0,VALID,0.0,INVALID,0.0,VALID,0.0,VALID - DEFAULT VALUE,152.914,
9/5/15 4:00:02 PM,VALID,22.6,VALID,22.77,VALID,23.3,VALID,22.1,VALID,43.9,VALID,46.675,VALID,49.1,VALID,42.8,VALID,9.69,VALID,10.754,VALID,11.429,VALID,9.312,VALID,790.5,VALID,790.893,VALID,791.4,VALID,790.5,VALID,319.877,VALID,705.285,VALID,1112.124,VALID,238.908,VALID,0.0,VALID,0.0,INVALID,0.0,VALID,0.0,VALID - DEFAULT VALUE,153.426,
9/5/15 5:00:02 PM,VALID,22.8,VALID,22.942,VALID,23.4,VALID,22.5,VALID,43.3,VALID,43.635,VALID,46.4,VALID,41.2,VALID,9.666,VALID,9.902,VALID,10.902,VALID,9.178,VALID,790.1,VALID,790.31,VALID,790.5,VALID,790.1,VALID,203.335,VALID,460.554,VALID,1027.25,VALID,203.335,VALID,0.0,VALID,0.0,INVALID,0.0,VALID,0.0,VALID - DEFAULT VALUE,154.051,
9/5/15 6:00:02 PM,VALID,21.2,VALID,22.183,VALID,22.8,VALID,21.2,VALID,50.5,VALID,44.98,VALID,50.5,VALID,40.3,VALID,10.508,VALID,9.64,VALID,10.544,VALID,8.509,VALID,790.5,VALID,790.25,VALID,790.6,VALID,790.0,VALID,67.005,VALID,178.306,VALID,236.704,VALID,67.005,VALID,0.0,VALID,0.0,INVALID,0.0,VALID,0.0,VALID - DEFAULT VALUE,154.685,
9/5/15 7:00:02 PM,VALID,21.4,VALID,21.477,VALID,21.7,VALID,21.2,VALID,48.8,VALID,49.673,VALID,51.6,VALID,48.1,VALID,10.179,VALID,10.514,VALID,10.925,VALID,10.054,VALID,790.7,VALID,790.637,VALID,790.7,VALID,790.5,VALID,60.509,VALID,50.797,VALID,66.243,VALID,37.182,VALID,0.0,VALID,0.0,INVALID,0.0,VALID,0.0,VALID - DEFAULT VALUE,155.256,
9/5/15 8:00:03 PM,VALID,19.2,VALID,20.233,VALID,21.4,VALID,19.2,VALID,58.2,VALID,55.385,VALID,60.7,VALID,49.0,VALID,10.784,VALID,10.964,VALID,11.525,VALID,10.209,VALID,791.1,VALID,791.048,VALID,791.4,VALID,790.6,VALID,0.029,VALID,15.191,VALID,61.739,VALID,0.022,VALID,0.0,VALID,0.01,INVALID,0.0,VALID,0.01,VALID - DEFAULT VALUE,155.157,
9/5/15 9:00:03 PM,VALID,18.3,VALID,18.617,VALID,19.2,VALID,18.3,VALID,60.6,VALID,59.625,VALID,60.7,VALID,57.9,VALID,10.546,VALID,10.599,VALID,10.81,VALID,10.441,VALID,791.7,VALID,791.452,VALID,791.7,VALID,791.2,VALID,-0.003,VALID,0.006,VALID,0.035,VALID,-0.026,VALID,0.0,VALID,0.0,INVALID,0.0,VALID,0.0,VALID - DEFAULT VALUE,155.993,
9/5/15 10:00:03 PM,VALID,18.0,VALID,18.007,VALID,18.3,VALID,17.9,VALID,56.2,VALID,60.438,VALID,62.4,VALID,56.1,VALID,9.139,VALID,10.223,VALID,10.653,VALID,9.099,VALID,792.5,VALID,792.218,VALID,792.5,VALID,791.7,VALID,0.007,VALID,0.008,VALID,0.031,VALID,-0.017,VALID,0.0,VALID,0.0,INVALID,0.0,VALID,0.0,VALID - DEFAULT VALUE,156.263,
9/5/15 11:00:03 PM,VALID,17.1,VALID,17.687,VALID,18.1,VALID,17.1,VALID,58.6,VALID,55.657,VALID,58.6,VALID,53.8,VALID,8.918,VALID,8.699,VALID,9.297,VALID,8.307,VALID,793.1,VALID,793.003,VALID,793.2,VALID,792.6,VALID,0.012,VALID,0.002,VALID,0.03,VALID,-0.024,VALID,0.0,VALID,0.0,INVALID,0.0,VALID,0.0,VALID - DEFAULT VALUE,156.325,
